epoch_utc,source_file,record_index,baseline,robust_sigma,std,mean,mad,exact_median_count,exact_median_fraction,one_lsb_deviation_count,one_lsb_deviation_fraction,sample_count,unique_value_count,min_value,max_value
2025-11-04T14:40:36.492580736,imap_idex_l1b_sci-10days_20251027_v003.cdf,0,333.009,0.1060738849272978,0.1060738849272978,332.98002929687505,0.0,297,0.580078125,209,0.408203125,512,5,332.683,333.33500000000004
2025-10-01T16:40:05.136989312,imap_idex_l1b_sci-10days_20250927_v003.cdf,0,333.009,0.1063301248893552,0.1063301248893552,333.02682812500007,0.0,309,0.603515625,196,0.3828125,512,5,332.683,333.33500000000004
2026-05-22T00:01:44.287916672,imap_idex_l1b_sci-10days_20260520_v016.cdf,4,333.009,0.1065871751782408,0.1065871751782408,333.05166015625,0.0,296,0.578125,205,0.400390625,512,5,332.846,333.498
2026-04-04T00:03:15.071350912,imap_idex_l1b_sci-10days_20260331_v016.cdf,272,333.172,0.1096890121138421,0.1096890121138421,333.20351757812506,0.0,288,0.5625,215,0.419921875,512,5,332.846,333.498
2026-03-03T00:03:05.464116224,imap_idex_l1b_sci-10days_20260301_v003.cdf,11,333.172,0.1100837739295119,0.1100837739295119,333.14366601562506,0.0,299,0.583984375,201,0.392578125,512,4,332.846,333.33500000000004
2026-03-27T00:01:47.642192640,imap_idex_l1b_sci-10days_20260321_v016.cdf,20,333.172,0.1107410237310774,0.1107410237310774,333.18377929687506,0.0,297,0.580078125,207,0.404296875,512,5,332.846,333.498
2026-05-22T00:03:00.287391232,imap_idex_l1b_sci-10days_20260520_v016.cdf,12,333.172,0.1111247524091429,0.1111247524091429,333.17932226562505,0.0,294,0.57421875,211,0.412109375,512,5,332.846,333.498
2026-01-22T00:01:52.791935232,imap_idex_l1b_sci-10days_20260120_v003.cdf,326,333.172,0.1130350641182461,0.1130350641182461,333.19874218750005,0.0,285,0.556640625,216,0.421875,512,5,332.846,333.498
2026-06-23T00:03:09.903325568,imap_idex_l1b_sci-10days_20260619_v015.cdf,15,333.172,0.1131856007830075,0.1131856007830075,333.22548437500006,0.0,261,0.509765625,234,0.45703125,512,5,332.846,333.498
2025-12-25T00:02:59.052281472,imap_idex_l1b_sci-10days_20251216_v003.cdf,157,333.172,0.1131856007830081,0.1131856007830081,333.2051093750001,0.0,286,0.55859375,212,0.4140625,512,5,332.846,333.498
2026-03-11T00:01:48.945471616,imap_idex_l1b_sci-10days_20260311_v003.cdf,0,333.172,0.1132070896799753,0.1132070896799753,333.1911015625001,0.0,282,0.55078125,222,0.43359375,512,5,332.846,333.498
2026-01-22T00:03:08.791447936,imap_idex_l1b_sci-10days_20260120_v003.cdf,334,333.172,0.1132697423438432,0.1132697423438432,333.20319921875006,0.0,288,0.5625,210,0.41015625,512,5,332.846,333.498
2025-11-06T20:24:22.301125120,imap_idex_l1b_sci-10days_20251106_v003.cdf,0,333.172,0.1133287831309359,0.1133287831309359,333.20765625,0.0,273,0.533203125,228,0.4453125,512,5,332.846,333.498
2025-12-25T00:03:23.052120192,imap_idex_l1b_sci-10days_20251216_v003.cdf,159,333.172,0.1135856103722556,0.1135856103722556,333.20288085937506,0.0,269,0.525390625,235,0.458984375,512,5,332.846,333.498
2026-03-19T00:03:04.915924608,imap_idex_l1b_sci-10days_20260311_v003.cdf,24,333.172,0.1145368368537431,0.1145368368537431,333.20956640625,0.0,276,0.5390625,223,0.435546875,512,6,332.846,333.661
2026-06-07T00:03:10.613833216,imap_idex_l1b_sci-10days_20260530_v022.cdf,46,333.172,0.1154552121208093,0.1154552121208093,333.16435937500006,0.0,289,0.564453125,213,0.416015625,512,6,332.683,333.498
2025-12-09T00:03:12.723394176,imap_idex_l1b_sci-10days_20251206_v003.cdf,134,333.172,0.1156919896075447,0.1156919896075447,333.17008984375,0.0,278,0.54296875,226,0.44140625,512,5,332.846,333.498
2026-06-07T00:02:58.613923584,imap_idex_l1b_sci-10days_20260530_v022.cdf,45,333.172,0.1160366424039077,0.1160366424039077,333.2012890625,0.0,269,0.525390625,232,0.453125,512,5,332.846,333.498
2026-05-30T00:02:47.439841280,imap_idex_l1b_sci-10days_20260530_v022.cdf,7,333.172,0.1160920934956902,0.1160920934956902,333.18505273437506,0.0,282,0.55078125,219,0.427734375,512,5,332.846,333.498
2026-05-06T00:03:12.789004288,imap_idex_l1b_sci-10days_20260430_v016.cdf,22,333.172,0.1164581917822816,0.1164581917822816,333.162767578125,0.0,291,0.568359375,207,0.404296875,512,5,332.846,333.498
2025-12-09T00:01:56.723882368,imap_idex_l1b_sci-10days_20251206_v003.cdf,126,333.172,0.1164790769297132,0.1164790769297132,333.132841796875,0.0,272,0.53125,223,0.435546875,512,4,332.846,333.33500000000004
2026-02-15T00:03:07.001235328,imap_idex_l1b_sci-10days_20260209_v003.cdf,13,333.172,0.1166738246919903,0.1166738246919903,333.16022070312505,0.0,286,0.55859375,213,0.416015625,512,5,332.846,333.498
2026-04-20T00:03:13.895336576,imap_idex_l1b_sci-10days_20260420_v016.cdf,9,333.172,0.1167016192712126,0.1167016192712126,333.129658203125,0.0,283,0.552734375,208,0.40625,512,5,332.683,333.33500000000004
2025-12-17T00:03:11.508031616,imap_idex_l1b_sci-10days_20251216_v003.cdf,23,333.172,0.1167663028941922,0.1167663028941922,333.20192578125005,0.0,274,0.53515625,224,0.4375,512,5,332.846,333.498
2026-04-04T00:03:03.071421312,imap_idex_l1b_sci-10days_20260331_v016.cdf,271,333.172,0.1175914555877544,0.1175914555877544,333.20383593750006,0.0,280,0.546875,214,0.41796875,512,5,332.846,333.498
2026-03-27T00:03:03.641706368,imap_idex_l1b_sci-10days_20260321_v016.cdf,29,333.172,0.1176530656725651,0.1176530656725651,333.1926933593751,0.0,297,0.580078125,195,0.380859375,512,5,332.846,333.498
2026-01-22T00:02:56.791538432,imap_idex_l1b_sci-10days_20260120_v003.cdf,333,333.172,0.1180645517844475,0.1180645517844475,333.2082929687501,0.0,269,0.525390625,226,0.44140625,512,5,332.846,333.498
2026-01-14T00:03:21.902297856,imap_idex_l1b_sci-10days_20260110_v003.cdf,21,333.172,0.1181606592356054,0.1181606592356054,333.17900390625005,0.0,278,0.54296875,222,0.43359375,512,5,332.846,333.498
2026-04-20T00:03:01.895426944,imap_idex_l1b_sci-10days_20260420_v016.cdf,8,333.172,0.118371050356887,0.118371050356887,333.19587695312504,0.0,273,0.533203125,225,0.439453125,512,5,332.846,333.498
2026-01-02T00:02:46.617419520,imap_idex_l1b_sci-10days_20260101_v003.cdf,12,333.172,0.1184159938319828,0.1184159938319828,333.19874218750005,0.0,261,0.509765625,240,0.46875,512,5,332.846,333.498
2025-12-17T00:01:55.508519680,imap_idex_l1b_sci-10days_20251216_v003.cdf,15,333.172,0.1187442060161421,0.1187442060161421,333.16817968750007,0.0,282,0.55078125,216,0.421875,512,5,332.846,333.498
2026-05-14T00:03:00.053991296,imap_idex_l1b_sci-10days_20260510_v016.cdf,15,333.172,0.1187471933615505,0.1187471933615505,333.1525800781251,0.0,272,0.53125,227,0.443359375,512,5,332.846,333.498
2026-01-02T00:02:58.617348864,imap_idex_l1b_sci-10days_20260101_v003.cdf,13,333.172,0.1188056448574787,0.1188056448574787,333.20256250000006,0.0,261,0.509765625,238,0.46484375,512,5,332.846,333.498
2026-02-23T00:02:54.876366592,imap_idex_l1b_sci-10days_20260219_v003.cdf,10,333.172,0.1189965850596605,0.1189965850596605,333.14398437500006,0.0,275,0.537109375,220,0.4296875,512,5,332.846,333.498
2025-11-06T21:01:02.379056768,imap_idex_l1b_sci-10days_20251106_v003.cdf,23,333.172,0.119289219578786,0.119289219578786,333.19874218750005,0.0,269,0.525390625,228,0.4453125,512,5,332.846,333.498
2026-04-12T00:03:14.527093760,imap_idex_l1b_sci-10days_20260410_v016.cdf,10,333.172,0.1193215014667597,0.1193215014667597,333.12551953125006,0.0,261,0.509765625,231,0.451171875,512,6,332.683,333.498
2026-06-15T00:01:41.762561408,imap_idex_l1b_sci-10days_20260609_v011.cdf,16,333.172,0.1193635397797635,0.1193635397797635,333.167224609375,0.0,267,0.521484375,235,0.458984375,512,5,332.846,333.498
2026-06-07T00:01:42.614468864,imap_idex_l1b_sci-10days_20260530_v022.cdf,37,333.172,0.1193907081854398,0.1193907081854398,333.18696289062507,0.0,266,0.51953125,235,0.458984375,512,5,332.846,333.498
2026-05-06T00:01:44.789600512,imap_idex_l1b_sci-10days_20260430_v016.cdf,13,333.172,0.1194925346915723,0.1194925346915723,333.1946035156251,0.0,269,0.525390625,229,0.447265625,512,5,332.846,333.498
2025-11-30T00:03:12.823650816,imap_idex_l1b_sci-10days_20251126_v003.cdf,31,333.172,0.1202029049939712,0.1202029049939712,333.166587890625,0.0,260,0.5078125,243,0.474609375,512,5,332.846,333.498
2026-02-23T00:03:06.876296192,imap_idex_l1b_sci-10days_20260219_v003.cdf,11,333.172,0.120363423615766,0.120363423615766,333.18409765625006,0.0,260,0.5078125,242,0.47265625,512,5,332.846,333.498
2026-03-03T00:02:53.464206720,imap_idex_l1b_sci-10days_20260301_v003.cdf,10,333.172,0.1207279028566696,0.1207279028566696,333.16149414062505,0.0,274,0.53515625,223,0.435546875,512,5,332.846,333.498
2026-01-14T00:02:57.902459136,imap_idex_l1b_sci-10days_20260110_v003.cdf,19,333.172,0.120831900000008,0.125880037617959,333.162767578125,0.08150000000000546,256,0.5,239,0.466796875,512,5,332.846,333.498
2026-03-27T00:03:15.641615872,imap_idex_l1b_sci-10days_20260321_v016.cdf,30,333.172,0.120831900000008,0.1265929944786411,333.200970703125,0.08150000000000546,256,0.5,233,0.455078125,512,5,332.846,333.498
2026-01-22T00:03:20.791377280,imap_idex_l1b_sci-10days_20260120_v003.cdf,335,333.172,0.1208625696491238,0.1208625696491238,333.16690625,0.0,274,0.53515625,225,0.439453125,512,6,332.683,333.498
2025-11-06T21:03:41.377493120,imap_idex_l1b_sci-10days_20251106_v003.cdf,24,333.172,0.1209547780550732,0.1209547780550732,333.17391015625003,0.0,278,0.54296875,218,0.42578125,512,5,332.846,333.498
2025-11-30T00:03:24.823560064,imap_idex_l1b_sci-10days_20251126_v003.cdf,32,333.172,0.1211958641404189,0.1211958641404189,333.16499609375006,0.0,276,0.5390625,220,0.4296875,512,5,332.846,333.498
2026-05-22T00:03:12.287300864,imap_idex_l1b_sci-10days_20260520_v016.cdf,13,333.172,0.1212004635484136,0.1212004635484136,333.20415429687506,0.0,272,0.53125,219,0.427734375,512,5,332.846,333.498
2025-11-06T20:53:38.383478016,imap_idex_l1b_sci-10days_20251106_v003.cdf,21,333.172,0.1216766032790343,0.1216766032790343,333.19555859375004,0.0,267,0.521484375,228,0.4453125,512,5,332.846,333.498
2026-03-19T00:02:40.916085632,imap_idex_l1b_sci-10days_20260311_v003.cdf,22,333.172,0.1217278200190786,0.1217278200190786,333.14557617187506,0.0,264,0.515625,231,0.451171875,512,5,332.846,333.498
2026-06-23T00:02:57.903415808,imap_idex_l1b_sci-10days_20260619_v015.cdf,14,333.172,0.1218909037694103,0.1218909037694103,333.18759960937507,0.0,269,0.525390625,227,0.443359375,512,5,332.846,333.498
2026-01-22T00:02:44.791609088,imap_idex_l1b_sci-10days_20260120_v003.cdf,332,333.172,0.1221600137766569,0.1221600137766569,333.18059570312505,0.0,292,0.5703125,197,0.384765625,512,5,332.846,333.498
2025-12-25T00:02:47.052352256,imap_idex_l1b_sci-10days_20251216_v003.cdf,156,333.172,0.1221902930367374,0.1221902930367374,333.16817968750007,0.0,266,0.51953125,232,0.453125,512,5,332.846,333.498
2026-01-02T00:03:22.617187456,imap_idex_l1b_sci-10days_20260101_v003.cdf,15,333.172,0.122990595264186,0.122990595264186,333.19746875,0.0,264,0.515625,231,0.451171875,512,6,332.846,333.661
2026-07-01T00:02:45.061755008,imap_idex_l1b_sci-10days_20260629_v011.cdf,9,333.172,0.1230416769115409,0.1230416769115409,333.16117578125005,0.0,278,0.54296875,214,0.41796875,512,5,332.846,333.498
2025-12-09T00:03:24.723323520,imap_idex_l1b_sci-10days_20251206_v003.cdf,135,333.172,0.123096030856002,0.123096030856002,333.1516250000001,0.0,282,0.55078125,210,0.41015625,512,6,332.683,333.498
2026-02-15T00:03:19.001164928,imap_idex_l1b_sci-10days_20260209_v003.cdf,14,333.172,0.123233866953061,0.123233866953061,333.1538535156251,0.0,273,0.533203125,219,0.427734375,512,5,332.846,333.498
2026-04-12T00:03:02.527184128,imap_idex_l1b_sci-10days_20260410_v016.cdf,9,333.172,0.1235886511367071,0.1235886511367071,333.128384765625,0.0,271,0.529296875,211,0.412109375,512,5,332.846,333.498
2026-01-30T00:01:52.681938944,imap_idex_l1b_sci-10days_20260130_v003.cdf,0,333.172,0.1239869785855205,0.1239869785855205,333.16244921875006,0.0,259,0.505859375,238,0.46484375,512,5,332.846,333.498
2026-01-14T00:02:45.902549888,imap_idex_l1b_sci-10days_20260110_v003.cdf,18,333.172,0.124033972839325,0.124033972839325,333.123927734375,0.0,263,0.513671875,220,0.4296875,512,6,332.683,333.498
2026-01-30T00:03:08.681451648,imap_idex_l1b_sci-10days_20260130_v003.cdf,8,333.172,0.1241777055906865,0.1241777055906865,333.1493964843751,0.0,262,0.51171875,231,0.451171875,512,5,332.846,333.498
2026-07-01T00:01:41.062229504,imap_idex_l1b_sci-10days_20260629_v011.cdf,2,333.172,0.1242592978577329,0.1242592978577329,333.19842382812504,0.0,263,0.513671875,230,0.44921875,512,6,332.683,333.498
2026-03-19T00:03:16.915854208,imap_idex_l1b_sci-10days_20260311_v003.cdf,25,333.172,0.1245090450693366,0.1245090450693366,333.20192578125,0.0,265,0.517578125,224,0.4375,512,5,332.846,333.498
2026-01-14T00:01:53.902915968,imap_idex_l1b_sci-10days_20260110_v003.cdf,12,333.172,0.1248683229786369,0.1248683229786369,333.2038359375,0.0,258,0.50390625,232,0.453125,512,5,332.846,333.498
2026-02-15T00:01:51.001722496,imap_idex_l1b_sci-10days_20260209_v003.cdf,5,333.172,0.1249900151651837,0.1249900151651837,333.16499609375,0.0,263,0.513671875,233,0.455078125,512,6,332.683,333.498
2025-12-09T00:03:00.723464960,imap_idex_l1b_sci-10days_20251206_v003.cdf,133,333.172,0.1266030018141803,0.1266030018141803,333.1185156250001,0.0,261,0.509765625,215,0.419921875,512,6,332.683,333.498
2026-03-03T00:03:17.464045824,imap_idex_l1b_sci-10days_20260301_v003.cdf,12,333.172,0.1267758038079588,0.1267758038079588,333.17582031250004,0.0,262,0.51171875,230,0.44921875,512,5,332.846,333.498
2026-03-03T00:01:49.464622848,imap_idex_l1b_sci-10days_20260301_v003.cdf,3,333.172,0.1307643451443498,0.1307643451443498,333.15512695312503,0.0,264,0.515625,219,0.427734375,512,5,332.846,333.498
2025-12-17T00:02:47.508193024,imap_idex_l1b_sci-10days_20251216_v003.cdf,21,333.33500000000004,0.2416637999999319,0.1183612033171505,333.25477343750003,0.16299999999995407,239,0.466796875,236,0.4609375,512,5,332.846,333.498
2026-01-14T00:03:09.902388608,imap_idex_l1b_sci-10days_20260110_v003.cdf,20,333.33500000000004,0.2416637999999319,0.1243477649102855,333.25477343750003,0.16299999999995407,230,0.44921875,237,0.462890625,512,6,332.846,333.661
2026-01-30T00:03:20.681380992,imap_idex_l1b_sci-10days_20260130_v003.cdf,9,333.33500000000004,0.2416637999999319,0.1192310051494949,333.251908203125,0.16299999999995407,227,0.443359375,246,0.48046875,512,5,332.846,333.498
2026-02-07T00:03:07.304721408,imap_idex_l1b_sci-10days_20260130_v003.cdf,25,333.33500000000004,0.2416637999999319,0.1187220119541314,333.24904296875,0.16299999999995407,232,0.453125,237,0.462890625,512,6,332.846,333.661
2026-02-15T00:02:55.001305984,imap_idex_l1b_sci-10days_20260209_v003.cdf,12,333.33500000000004,0.2416637999999319,0.1161025694668761,333.249998046875,0.16299999999995407,237,0.462890625,237,0.462890625,512,6,332.846,333.661
2026-04-20T00:01:45.895932928,imap_idex_l1b_sci-10days_20260420_v016.cdf,0,333.33500000000004,0.2416637999999319,0.1182584026811093,333.25859375000005,0.16299999999995407,232,0.453125,246,0.48046875,512,4,333.009,333.498
2026-04-28T00:03:13.490135168,imap_idex_l1b_sci-10days_20260420_v016.cdf,28,333.33500000000004,0.2416637999999319,0.1278267403054179,333.266234375,0.16299999999995407,225,0.439453125,249,0.486328125,512,6,332.846,333.661
2026-05-30T00:01:43.440296320,imap_idex_l1b_sci-10days_20260530_v022.cdf,0,333.33500000000004,0.2416637999999319,0.1213913940295343,333.2522265625,0.16299999999995407,224,0.4375,247,0.482421875,512,5,332.846,333.498
2026-05-30T00:02:59.439750912,imap_idex_l1b_sci-10days_20260530_v022.cdf,8,333.33500000000004,0.2416637999999319,0.1190915148366879,333.269099609375,0.16299999999995407,245,0.478515625,237,0.462890625,512,5,333.009,333.661
2026-06-15T00:02:57.762016256,imap_idex_l1b_sci-10days_20260609_v011.cdf,24,333.33500000000004,0.2416637999999319,0.1238773923579371,333.25732031250004,0.16299999999995407,231,0.451171875,239,0.466796875,512,6,332.846,333.661
2026-06-15T00:03:09.761925888,imap_idex_l1b_sci-10days_20260609_v011.cdf,25,333.33500000000004,0.2416637999999319,0.1218247813203433,333.27387500000003,0.16299999999995407,248,0.484375,236,0.4609375,512,6,332.846,333.661
2026-07-01T00:03:09.061574400,imap_idex_l1b_sci-10days_20260629_v011.cdf,11,333.33500000000004,0.2416637999999319,0.1135606231618321,333.2703730468751,0.16299999999995407,246,0.48046875,245,0.478515625,512,4,333.009,333.498
2025-11-06T20:57:57.380904064,imap_idex_l1b_sci-10days_20251106_v003.cdf,22,333.172,0.2416638000000161,0.1170034589826756,333.2283496093751,0.16300000000001091,247,0.482421875,245,0.478515625,512,5,332.846,333.498
2025-11-30T00:01:56.824159104,imap_idex_l1b_sci-10days_20251126_v003.cdf,23,333.172,0.2416638000000161,0.1217981558624187,333.149078125,0.16300000000001091,255,0.498046875,244,0.4765625,512,5,332.846,333.498
2025-12-09T00:02:48.723555712,imap_idex_l1b_sci-10days_20251206_v003.cdf,132,333.172,0.2416638000000161,0.1215832750940449,333.1981054687501,0.16300000000001091,253,0.494140625,246,0.48046875,512,5,332.846,333.498
2025-12-17T00:02:59.508102400,imap_idex_l1b_sci-10days_20251216_v003.cdf,22,333.172,0.2416638000000161,0.1233653874696297,333.22070898437505,0.16300000000001091,242,0.47265625,247,0.482421875,512,5,332.846,333.498
2025-12-17T00:03:23.507961088,imap_idex_l1b_sci-10days_20251216_v003.cdf,24,333.172,0.2416638000000161,0.1122969543363372,333.2296230468751,0.16300000000001091,253,0.494140625,243,0.474609375,512,5,332.846,333.498
2025-12-25T00:01:55.052698624,imap_idex_l1b_sci-10days_20251216_v003.cdf,150,333.172,0.2416638000000161,0.1218713618747886,333.22675781250007,0.16300000000001091,234,0.45703125,256,0.5,512,5,332.846,333.498
2025-12-25T00:03:11.052210944,imap_idex_l1b_sci-10days_20251216_v003.cdf,158,333.172,0.2416638000000161,0.1334951127404333,333.19651367187504,0.16300000000001091,244,0.4765625,239,0.466796875,512,5,332.846,333.498
2026-01-02T00:01:54.617765760,imap_idex_l1b_sci-10days_20260101_v003.cdf,6,333.172,0.2416638000000161,0.1242038209477954,333.22070898437505,0.16300000000001091,235,0.458984375,255,0.498046875,512,5,332.846,333.498
2026-01-02T00:03:10.617258240,imap_idex_l1b_sci-10days_20260101_v003.cdf,14,333.172,0.2416638000000161,0.1195230657271479,333.09654882812504,0.16300000000001091,234,0.45703125,244,0.4765625,512,5,332.683,333.33500000000004
2026-02-07T00:01:51.305208576,imap_idex_l1b_sci-10days_20260130_v003.cdf,17,333.172,0.2416638000000161,0.1275755434371953,333.21943554687505,0.16300000000001091,232,0.453125,256,0.5,512,6,332.846,333.661
2026-02-07T00:03:19.304650880,imap_idex_l1b_sci-10days_20260130_v003.cdf,26,333.172,0.2416638000000161,0.1191731875167183,333.238537109375,0.16300000000001091,222,0.43359375,267,0.521484375,512,5,332.846,333.498
2026-02-23T00:03:18.876205568,imap_idex_l1b_sci-10days_20260219_v003.cdf,12,333.172,0.2416638000000161,0.1196857663818408,333.239173828125,0.16300000000001091,232,0.453125,254,0.49609375,512,6,332.846,333.661
2026-03-11T00:03:04.944945152,imap_idex_l1b_sci-10days_20260311_v003.cdf,8,333.172,0.2416638000000161,0.1280766531634168,333.201607421875,0.16300000000001091,248,0.484375,241,0.470703125,512,5,332.846,333.498
2026-03-11T00:03:16.944854656,imap_idex_l1b_sci-10days_20260311_v003.cdf,9,333.172,0.2416638000000161,0.1177568251136248,333.21911718750005,0.16300000000001091,250,0.48828125,246,0.48046875,512,5,332.846,333.498
2026-03-19T00:01:48.916431104,imap_idex_l1b_sci-10days_20260311_v003.cdf,16,333.172,0.2416638000000161,0.1244125464579755,333.13920898437505,0.16300000000001091,253,0.494140625,239,0.466796875,512,5,332.846,333.498
2026-04-04T00:01:47.071947648,imap_idex_l1b_sci-10days_20260331_v016.cdf,261,333.172,0.2416638000000161,0.1158088840634531,333.21434179687503,0.16300000000001091,255,0.498046875,245,0.478515625,512,5,332.846,333.498
2026-04-12T00:01:46.527690368,imap_idex_l1b_sci-10days_20260410_v016.cdf,1,333.172,0.2416638000000161,0.1209995994718946,333.17868554687504,0.16300000000001091,253,0.494140625,251,0.490234375,512,5,332.846,333.498
2026-04-12T00:02:50.527254656,imap_idex_l1b_sci-10days_20260410_v016.cdf,8,333.172,0.2416638000000161,0.1243310547603775,333.11756054687504,0.16300000000001091,255,0.498046875,226,0.44140625,512,5,332.683,333.33500000000004
2026-04-28T00:01:45.490751360,imap_idex_l1b_sci-10days_20260420_v016.cdf,19,333.172,0.2416638000000161,0.1161688953461409,333.207974609375,0.16300000000001091,251,0.490234375,253,0.494140625,512,5,332.846,333.498
2026-04-28T00:03:01.490225536,imap_idex_l1b_sci-10days_20260420_v016.cdf,27,333.172,0.2416638000000161,0.1264520071157785,333.17868554687504,0.16300000000001091,254,0.49609375,241,0.470703125,512,5,332.846,333.498
2026-05-06T00:03:00.789074688,imap_idex_l1b_sci-10days_20260430_v016.cdf,21,333.172,0.2416638000000161,0.1384713241692626,333.18728125000007,0.16300000000001091,236,0.4609375,245,0.478515625,512,6,332.683,333.498
2026-05-14T00:03:12.053920896,imap_idex_l1b_sci-10days_20260510_v016.cdf,16,333.172,0.2416638000000161,0.1250333900564116,333.21625195312504,0.16300000000001091,239,0.466796875,251,0.490234375,512,5,332.846,333.498
2026-05-30T00:03:11.439680768,imap_idex_l1b_sci-10days_20260530_v022.cdf,9,333.172,0.2416638000000161,0.1228912548749922,333.241083984375,0.16300000000001091,216,0.421875,267,0.521484375,512,5,332.846,333.498
2026-06-23T00:01:41.903960960,imap_idex_l1b_sci-10days_20260619_v015.cdf,6,333.172,0.2416638000000161,0.1255079094571496,333.22612109375007,0.16300000000001091,251,0.490234375,228,0.4453125,512,5,332.846,333.498
2026-07-01T00:02:57.061664768,imap_idex_l1b_sci-10days_20260629_v011.cdf,10,333.172,0.2416638000000161,0.1250759395792126,333.18346093750006,0.16300000000001091,253,0.494140625,244,0.4765625,512,5,332.846,333.498
