date,l1b_event_count,single_ge20ns_count,single_ge40ns_count,single_ge20ns_fraction,single_ge40ns_fraction,omni_hour_count,proton_density_cm3,flow_speed_km_s,flow_pressure_npa,scalar_b_nt,bz_gsm_nt_mean,bz_gsm_nt_min,proton_flux_cm2_s
2025-09-30,0.0,0.0,0.0,0.0,0.0,24,13.704166666666666,510.0833333333333,6.027916666666666,12.904166666666667,-3.8249999999999997,-16.1,635934583.3333334
2025-10-01,21.0,0.0,0.0,0.0,0.0,24,2.9499999999999997,711.9583333333334,2.8658333333333332,7.75,-1.2833333333333334,-4.8,209270000.0
2025-10-02,0.0,0.0,0.0,0.0,0.0,24,1.8708333333333333,732.75,1.9329166666666666,6.429166666666667,-1.6083333333333334,-6.7,136905416.66666666
2025-10-03,0.0,0.0,0.0,0.0,0.0,24,1.8083333333333333,690.125,1.6275000000000002,5.016666666666667,-1.4583333333333333,-4.8,124285416.66666667
2025-10-04,0.0,0.0,0.0,0.0,0.0,24,1.6624999999999999,603.9166666666666,1.21125,4.9875,-1.4666666666666666,-4.0,100890833.33333333
2025-10-05,0.0,0.0,0.0,0.0,0.0,24,1.8083333333333333,478.5,0.7879166666666667,3.9125,-0.43333333333333335,-2.8,84032500.0
2025-10-06,0.0,0.0,0.0,0.0,0.0,24,2.704166666666667,409.2083333333333,0.9141666666666667,5.941666666666666,0.15833333333333335,-4.0,110962083.33333333
2025-10-07,0.0,0.0,0.0,0.0,0.0,24,2.404166666666667,413.8333333333333,0.8145833333333333,8.608333333333333,-3.7416666666666667,-7.6,99272083.33333333
2025-10-08,0.0,0.0,0.0,0.0,0.0,24,5.754166666666666,378.0833333333333,1.6183333333333334,8.120833333333334,-3.125,-5.4,215211666.66666666
2025-10-09,0.0,0.0,0.0,0.0,0.0,24,8.620833333333334,348.0,2.277083333333333,8.983333333333333,2.8625000000000003,-5.9,302934583.3333333
2025-10-10,0.0,0.0,0.0,0.0,0.0,24,7.2250000000000005,332.0,1.7575,8.108333333333333,-1.4375,-3.3,240792500.0
2025-10-11,0.0,0.0,0.0,0.0,0.0,24,14.466666666666667,400.4583333333333,4.615833333333334,10.725,-0.625,-5.6,575246666.6666666
2025-10-12,0.0,0.0,0.0,0.0,0.0,24,4.704166666666667,706.8333333333334,4.725416666666667,9.5625,1.1166666666666667,-2.2,329046666.6666667
2025-10-13,0.0,0.0,0.0,0.0,0.0,24,2.65,687.0833333333334,2.4741666666666666,5.8374999999999995,0.9375,-1.1,182553333.33333334
2025-10-14,0.0,0.0,0.0,0.0,0.0,24,3.0083333333333333,609.5,2.2245833333333334,4.579166666666667,1.3333333333333333,-2.2,180724583.33333334
2025-10-15,0.0,0.0,0.0,0.0,0.0,24,3.375,519.875,1.8533333333333333,3.6625,0.13749999999999998,-3.7,175411666.66666666
2025-10-16,0.0,0.0,0.0,0.0,0.0,24,6.283333333333334,428.6666666666667,2.2879166666666664,3.6125000000000003,0.6041666666666666,-2.2,267612083.33333334
2025-10-17,0.0,0.0,0.0,0.0,0.0,24,25.854166666666668,390.5833333333333,7.5304166666666665,7.325,1.3375000000000001,-3.3,1011326250.0
2025-10-18,0.0,0.0,0.0,0.0,0.0,24,17.441666666666666,458.8333333333333,7.046666666666667,11.5,-1.0833333333333333,-8.6,760831666.6666666
2025-10-19,0.0,0.0,0.0,0.0,0.0,24,8.554166666666667,523.0,4.657916666666667,9.137500000000001,2.279166666666667,-3.5,439777083.3333333
2025-10-20,0.0,0.0,0.0,0.0,0.0,24,4.404166666666667,530.75,2.5575,6.6875,1.8833333333333335,-1.7,234357500.0
2025-10-21,0.0,0.0,0.0,0.0,0.0,24,4.075,497.75,1.9654166666666668,5.633333333333333,1.5666666666666667,-1.3,203052916.66666666
2025-10-22,0.0,0.0,0.0,0.0,0.0,24,4.008333333333334,418.4166666666667,1.29625,7.2625,1.9083333333333332,0.1,167616666.66666666
2025-10-23,0.0,0.0,0.0,0.0,0.0,24,3.7624999999999997,424.9583333333333,1.3295833333333333,8.862499999999999,1.7458333333333333,-1.5,162902083.33333334
2025-10-24,0.0,0.0,0.0,0.0,0.0,24,3.225,506.4166666666667,1.5775,6.491666666666667,1.1125,-2.5,163140416.66666666
2025-10-25,0.0,0.0,0.0,0.0,0.0,24,5.120833333333334,439.2916666666667,1.8279166666666666,5.595833333333334,1.6541666666666668,-3.0,223628750.0
2025-10-26,0.0,0.0,0.0,0.0,0.0,24,6.4125000000000005,384.0833333333333,1.7783333333333333,6.029166666666666,2.3125,-1.8,247529583.33333334
2025-10-27,0.0,0.0,0.0,0.0,0.0,24,10.174999999999999,362.7916666666667,2.5420833333333333,7.3,1.7,-4.7,369322916.6666667
2025-10-28,0.0,0.0,0.0,0.0,0.0,24,11.354166666666666,410.875,4.009166666666666,9.450000000000001,-2.4541666666666666,-7.6,469635000.0
2025-10-29,0.0,0.0,0.0,0.0,0.0,24,8.516666666666667,472.5833333333333,3.825416666666667,10.983333333333334,-0.6416666666666667,-7.7,401882500.0
2025-10-30,0.0,0.0,0.0,0.0,0.0,24,6.620833333333334,540.25,3.68125,11.612499999999999,-0.7875000000000001,-12.4,352963333.3333333
2025-10-31,0.0,0.0,0.0,0.0,0.0,24,1.8083333333333333,651.5833333333334,1.4825,6.804166666666667,-1.7166666666666666,-5.4,118764583.33333333
2025-11-01,0.0,0.0,0.0,0.0,0.0,24,2.3041666666666667,531.375,1.2458333333333333,5.9375,-0.3958333333333333,-3.1,122341666.66666667
2025-11-02,0.0,0.0,0.0,0.0,0.0,24,2.7875,536.0416666666666,1.4945833333333332,6.7375,-1.4000000000000001,-3.5,148857916.66666666
2025-11-03,0.0,0.0,0.0,0.0,0.0,24,3.15,447.5,1.2158333333333333,7.645833333333333,-3.875,-6.2,141533750.0
2025-11-04,26.0,5.0,5.0,0.19230769230769232,0.19230769230769232,24,2.658333333333333,395.6666666666667,0.8175,6.55,-2.3208333333333333,-6.1,105643333.33333333
2025-11-05,0.0,0.0,0.0,0.0,0.0,24,8.466666666666667,371.0833333333333,2.4795833333333333,7.070833333333333,-4.7749999999999995,-13.8,317377916.6666667
2025-11-06,25.0,1.0,1.0,0.04,0.04,24,12.35,511.0416666666667,5.964583333333334,11.558333333333332,-2.7541666666666664,-14.0,585750416.6666666
2025-11-07,0.0,0.0,0.0,0.0,0.0,24,6.441666666666666,732.5,6.892083333333333,10.179166666666667,3.0,-1.2,471200416.6666667
2025-11-08,0.0,0.0,0.0,0.0,0.0,24,3.4458333333333333,630.5,2.870416666666667,6.783333333333332,-1.5416666666666667,-7.5,217895416.66666666
2025-11-09,0.0,0.0,0.0,0.0,0.0,24,4.320833333333334,547.9166666666666,2.6020833333333333,4.483333333333333,1.8875,-3.0,234146666.66666666
2025-11-10,0.0,0.0,0.0,0.0,0.0,24,6.75,538.5,3.94125,5.841666666666666,0.5708333333333333,-3.5,364298750.0
2025-11-11,0.0,0.0,0.0,0.0,0.0,24,3.7875,432.7916666666667,1.5845833333333335,6.541666666666667,-1.5166666666666666,-3.4,165229166.66666666
2025-11-12,0.0,0.0,0.0,0.0,0.0,24,9.858333333333333,737.1666666666666,11.831249999999999,31.34166666666667,-0.9375,-32.6,711855000.0
2025-11-13,0.0,0.0,0.0,0.0,0.0,24,3.6791666666666667,815.7916666666666,5.469166666666666,11.299999999999999,0.4166666666666667,-12.0,307390833.3333333
2025-11-14,0.0,0.0,0.0,0.0,0.0,24,1.2416666666666667,597.375,0.8875000000000001,6.345833333333334,3.5416666666666665,1.4,73962500.0
2025-11-15,0.0,0.0,0.0,0.0,0.0,24,2.408333333333333,565.125,1.45,5.858333333333333,0.19166666666666662,-2.7,136102500.0
2025-11-16,0.0,0.0,0.0,0.0,0.0,24,4.816666666666667,611.625,3.46625,8.225,1.075,-3.2,299780000.0
2025-11-17,0.0,0.0,0.0,0.0,0.0,24,3.2624999999999997,520.0416666666666,1.6500000000000001,5.858333333333333,1.0291666666666666,-2.8,169232083.33333334
2025-11-18,0.0,0.0,0.0,0.0,0.0,24,4.541666666666667,459.0416666666667,1.8258333333333334,6.129166666666666,0.7625000000000001,-2.7,209431666.66666666
2025-11-19,0.0,0.0,0.0,0.0,0.0,24,5.929166666666667,386.9166666666667,1.9058333333333335,6.6625000000000005,2.5833333333333335,-1.2,229122083.33333334
2025-11-20,0.0,0.0,0.0,0.0,0.0,24,9.766666666666667,388.4583333333333,2.9745833333333334,11.679166666666667,2.0500000000000003,-6.1,382003750.0
2025-11-21,0.0,0.0,0.0,0.0,0.0,24,7.020833333333333,433.0833333333333,2.3658333333333332,9.887500000000001,0.35000000000000003,-3.7,304239583.3333333
2025-11-22,0.0,0.0,0.0,0.0,0.0,24,6.7875000000000005,423.3333333333333,2.245416666666667,6.375,0.6083333333333333,-3.6,287385416.6666667
2025-11-23,0.0,0.0,0.0,0.0,0.0,24,9.129166666666666,422.0833333333333,3.40375,9.0625,0.04166666666666664,-5.7,390900833.3333333
2025-11-24,4.0,0.0,0.0,0.0,0.0,24,7.325,586.5416666666666,4.472083333333333,9.991666666666667,-1.366666666666667,-4.7,390161666.6666667
2025-11-25,3.0,0.0,0.0,0.0,0.0,24,2.733333333333333,763.4583333333334,3.1108333333333333,7.208333333333333,-1.1583333333333334,-4.7,208915833.33333334
2025-11-26,5.0,0.0,0.0,0.0,0.0,24,2.566666666666667,730.7916666666666,2.75375,5.883333333333333,0.1708333333333333,-2.7,187882500.0
2025-11-27,7.0,0.0,0.0,0.0,0.0,24,2.763157894736842,688.6842105263158,2.5442105263157897,5.5,-0.9105263157894737,-4.5,190132105.2631579
2025-11-28,6.0,0.0,0.0,0.0,0.0,24,3.1208333333333336,630.4583333333334,2.486666666666667,5.8,-0.7916666666666666,-3.2,197014583.33333334
2025-11-29,5.0,0.0,0.0,0.0,0.0,24,3.2874999999999996,613.9166666666666,2.453333333333333,5.5249999999999995,-1.2875,-3.7,202176250.0
2025-11-30,10.0,0.0,0.0,0.0,0.0,24,2.8166666666666664,590.25,1.9470833333333333,5.1875,-0.4083333333333334,-3.7,166990000.0
2025-12-01,3.0,0.0,0.0,0.0,0.0,24,3.7583333333333333,481.25,1.7837500000000002,4.704166666666667,-0.7041666666666666,-2.6,181135000.0
2025-12-02,1.0,0.0,0.0,0.0,0.0,24,3.7375000000000003,400.6666666666667,1.13875,5.304166666666666,-0.8041666666666667,-3.3,149765416.66666666
2025-12-03,9.0,0.0,0.0,0.0,0.0,24,16.808333333333334,413.2083333333333,6.129583333333334,10.9,-3.1999999999999997,-13.2,723464166.6666666
2025-12-04,12.0,0.0,0.0,0.0,0.0,24,5.55,660.5416666666666,4.78625,10.0125,0.04166666666666665,-7.7,362111666.6666667
2025-12-05,18.0,0.0,0.0,0.0,0.0,24,3.8208333333333333,639.7916666666666,3.0475,6.495833333333334,0.7374999999999999,-1.3,244023750.0
2025-12-06,11.0,0.0,0.0,0.0,0.0,24,2.875,660.75,2.3904166666666664,6.05,0.2833333333333333,-3.5,190140000.0
2025-12-07,59.0,0.0,0.0,0.0,0.0,24,2.475,530.0833333333334,1.4516666666666669,7.7,3.2583333333333333,-0.3,134833750.0
2025-12-08,56.0,0.0,0.0,0.0,0.0,24,0.6916666666666668,368.0833333333333,0.19541666666666668,7.395833333333333,0.4166666666666667,-3.7,25934166.666666668
2025-12-09,44.0,0.0,0.0,0.0,0.0,24,2.034782608695652,363.60869565217394,0.5065217391304347,8.058333333333334,-2.779166666666667,-4.0,73646521.73913044
2025-12-10,49.0,0.0,0.0,0.0,0.0,24,11.3125,388.7916666666667,3.7070833333333333,8.854166666666666,-3.475,-14.5,454098750.0
2025-12-11,33.0,0.0,0.0,0.0,0.0,24,9.804166666666667,417.2083333333333,3.5658333333333334,15.566666666666668,2.9583333333333335,-9.5,410971250.0
2025-12-12,25.0,0.0,0.0,0.0,0.0,24,11.924999999999999,436.2916666666667,4.601666666666667,10.375,-5.770833333333333,-11.3,519725000.0
2025-12-13,19.0,0.0,0.0,0.0,0.0,24,6.420833333333333,561.875,3.7129166666666666,10.945833333333333,3.0999999999999996,-4.5,340786250.0
2025-12-14,13.0,0.0,0.0,0.0,0.0,24,2.1166666666666667,563.4583333333334,1.2604166666666667,4.075,0.39166666666666666,-0.7,119260416.66666667
2025-12-15,14.0,0.0,0.0,0.0,0.0,24,4.491666666666666,466.7916666666667,1.8433333333333335,6.270833333333333,0.7541666666666668,-3.3,209470000.0
2025-12-16,15.0,0.0,0.0,0.0,0.0,24,6.158333333333334,586.25,4.0249999999999995,9.158333333333333,1.6583333333333332,-2.3,353965000.0
2025-12-17,22.0,0.0,0.0,0.0,0.0,24,4.104347826086957,609.9130434782609,3.1078260869565217,6.3500000000000005,-0.21250000000000005,-5.8,249376956.52173913
2025-12-18,10.0,0.0,0.0,0.0,0.0,24,2.566666666666667,632.6666666666666,2.0820833333333333,5.679166666666667,-0.6916666666666668,-5.0,162339583.33333334
2025-12-19,11.0,0.0,0.0,0.0,0.0,24,2.3583333333333334,553.4166666666666,1.35875,3.904166666666667,0.04166666666666666,-2.2,129166250.0
2025-12-20,17.0,0.0,0.0,0.0,0.0,24,8.183333333333334,450.9583333333333,3.110416666666667,3.6999999999999997,-0.0458333333333333,-2.6,359716250.0
2025-12-21,19.0,0.0,0.0,0.0,0.0,24,7.879166666666666,581.9166666666666,5.145833333333333,10.429166666666667,-0.5499999999999999,-6.6,436893750.0
2025-12-22,19.0,0.0,0.0,0.0,0.0,24,3.2458333333333336,720.2083333333334,3.28375,6.954166666666667,0.2333333333333333,-2.6,232940833.33333334
2025-12-23,17.0,0.0,0.0,0.0,0.0,24,2.8166666666666664,707.75,2.75375,5.858333333333333,-0.425,-3.0,199231250.0
2025-12-24,20.0,0.0,0.0,0.0,0.0,24,2.5791666666666666,691.375,2.4379166666666667,4.870833333333334,-0.5291666666666667,-2.6,178165833.33333334
2025-12-25,26.0,1.0,1.0,0.038461538461538464,0.038461538461538464,24,3.0875,591.8333333333334,2.1679166666666667,5.229166666666667,0.12499999999999996,-2.2,183010416.66666666
2025-12-26,17.0,0.0,0.0,0.0,0.0,24,2.9916666666666667,530.3333333333334,1.6725,4.879166666666666,0.25833333333333336,-2.3,158500416.66666666
2025-12-27,9.0,0.0,0.0,0.0,0.0,24,2.975,491.4166666666667,1.4220833333333334,4.958333333333333,-0.375,-3.0,146590833.33333334
2025-12-28,13.0,0.0,0.0,0.0,0.0,24,4.375,460.7916666666667,1.8091666666666668,5.75,-0.23750000000000002,-3.5,201818750.0
2025-12-29,17.0,0.0,0.0,0.0,0.0,24,6.395833333333333,414.9583333333333,2.06,6.333333333333333,-1.1083333333333334,-4.5,266514166.66666666
2025-12-30,12.0,0.0,0.0,0.0,0.0,24,9.266666666666667,397.25,3.1750000000000003,5.454166666666667,-0.9833333333333334,-5.0,369980000.0
2025-12-31,12.0,0.0,0.0,0.0,0.0,24,9.008333333333333,438.875,3.4266666666666663,8.495833333333334,1.5541666666666665,-3.5,389978333.3333333
2026-01-01,6.0,0.0,0.0,0.0,0.0,24,5.845833333333334,481.9166666666667,2.6125000000000003,8.154166666666667,-0.19166666666666668,-4.0,280781250.0
2026-01-02,57.0,0.0,0.0,0.0,0.0,24,3.795833333333333,553.6666666666666,2.2345833333333336,7.954166666666667,-0.5166666666666667,-6.7,208972916.66666666
2026-01-03,24.0,0.0,0.0,0.0,0.0,24,2.7291666666666665,516.4583333333334,1.2966666666666666,7.483333333333333,0.3333333333333333,-4.0,136619583.33333334
2026-01-04,21.0,0.0,0.0,0.0,0.0,24,4.433333333333334,428.1666666666667,1.5179166666666666,5.741666666666667,1.9124999999999999,-3.8,193700416.66666666
2026-01-05,2.0,0.0,0.0,0.0,0.0,24,4.908333333333333,420.7916666666667,1.655,7.841666666666666,-1.2583333333333333,-7.8,208415416.66666666
2026-01-06,0.0,0.0,0.0,0.0,0.0,24,7.145833333333333,366.0416666666667,1.93,5.9624999999999995,1.4791666666666667,-3.0,264595833.33333334
2026-01-07,0.0,0.0,0.0,0.0,0.0,24,6.583333333333333,339.75,1.4804166666666667,7.425,0.4083333333333334,-6.5,223617916.66666666
2026-01-08,0.0,0.0,0.0,0.0,0.0,24,13.025,378.4583333333333,3.3791666666666664,10.783333333333333,-1.6125,-9.6,490785833.3333333
2026-01-09,0.0,0.0,0.0,0.0,0.0,24,8.854166666666666,470.8333333333333,3.918333333333333,10.237499999999999,0.9500000000000001,-8.1,407303750.0
2026-01-10,0.0,0.0,0.0,0.0,0.0,24,8.104166666666666,490.7083333333333,4.52625,8.979166666666666,-4.325,-15.2,406262500.0
2026-01-11,0.0,0.0,0.0,0.0,0.0,24,4.820833333333334,527.0416666666666,2.7550000000000003,11.595833333333333,-2.15,-9.3,253228333.33333334
2026-01-12,3.0,0.0,0.0,0.0,0.0,24,2.1708333333333334,541.9166666666666,1.3604166666666666,7.479166666666667,-1.1583333333333334,-5.1,118510833.33333333
2026-01-13,9.0,0.0,0.0,0.0,0.0,24,1.4708333333333334,540.25,0.855,6.716666666666666,0.7625000000000001,-2.9,80220000.0
2026-01-14,13.0,0.0,0.0,0.0,0.0,24,1.7291666666666667,507.8333333333333,0.9445833333333334,6.5874999999999995,0.5291666666666667,-0.9,89754583.33333333
2026-01-15,10.0,0.0,0.0,0.0,0.0,24,4.166666666666667,581.0,2.8520833333333333,4.958333333333333,-0.08749999999999998,-4.3,242846250.0
2026-01-16,19.0,0.0,0.0,0.0,0.0,24,6.504166666666666,648.6666666666666,5.260833333333333,10.075000000000001,1.4000000000000001,-3.1,413498333.3333333
2026-01-17,19.0,0.0,0.0,0.0,0.0,24,2.9499999999999997,701.875,2.8129166666666667,7.825,0.2541666666666667,-2.5,206567500.0
2026-01-18,19.0,0.0,0.0,0.0,0.0,24,2.4125,568.5416666666666,1.6220833333333333,8.049999999999999,-1.2874999999999999,-2.9,138721250.0
2026-01-19,307.0,0.0,0.0,0.0,0.0,24,5.508333333333333,557.4166666666666,8.464166666666667,14.75,3.133333333333333,-21.8,447632916.6666667
2026-01-20,326.0,0.0,0.0,0.0,0.0,24,5.354166666666667,913.25,9.512083333333333,26.445833333333336,-3.404166666666667,-19.3,497711250.0
2026-01-21,0.0,0.0,0.0,0.0,0.0,24,3.170833333333333,668.9166666666666,3.6500000000000004,7.325,-1.6833333333333333,-6.0,223290000.0
2026-01-22,261.0,0.0,0.0,0.0,0.0,24,3.595833333333333,537.7916666666666,2.2104166666666667,8.225,0.6333333333333333,-6.9,192705416.66666666
2026-01-23,75.0,0.0,0.0,0.0,0.0,24,4.0625,540.125,2.34,6.3999999999999995,-2.175,-5.6,215127916.66666666
2026-01-24,49.0,0.0,0.0,0.0,0.0,24,2.5875,529.4583333333334,1.46,6.166666666666667,0.07083333333333335,-4.4,137050000.0
2026-01-25,2.0,0.0,0.0,0.0,0.0,24,3.404166666666667,536.2916666666666,2.07125,5.341666666666666,-0.47500000000000003,-2.6,183031250.0
2026-01-26,1.0,0.0,0.0,0.0,0.0,24,3.0833333333333335,489.3333333333333,1.5233333333333334,6.254166666666666,-0.5208333333333334,-4.0,151293333.33333334
2026-01-27,2.0,1.0,0.0,0.5,0.0,24,5.868181818181818,420.8181818181818,2.0940909090909092,6.254166666666666,-0.7125,-2.7,246889545.45454547
2026-01-28,0.0,0.0,0.0,0.0,0.0,24,2.894117647058824,571.1176470588235,1.8611764705882354,9.591666666666667,-1.9541666666666666,-6.6,162240000.0
2026-01-29,1.0,0.0,0.0,0.0,0.0,24,1.4454545454545455,670.9545454545455,1.24,6.172727272727273,0.17272727272727273,-3.6,96618636.36363636
2026-01-30,10.0,3.0,3.0,0.3,0.3,24,1.657142857142857,497.14285714285717,0.8099999999999999,3.9857142857142853,-0.5,-1.7,82388571.42857143
2026-01-31,0.0,0.0,0.0,0.0,0.0,24,2.0708333333333333,434.2083333333333,0.7875,4.054166666666666,-0.725,-1.4,89303333.33333333
2026-02-01,0.0,0.0,0.0,0.0,0.0,24,3.5875,340.0833333333333,0.8245833333333333,5.033333333333333,-1.3499999999999999,-5.0,121275416.66666667
2026-02-02,1.0,1.0,0.0,1.0,0.0,24,8.483333333333333,313.5416666666667,1.5920833333333333,5.941666666666666,-1.5916666666666668,-4.1,265388750.0
2026-02-03,1.0,1.0,0.0,1.0,0.0,24,10.475,299.6666666666667,1.8220833333333333,6.241666666666667,-0.9583333333333334,-4.0,314315000.0
2026-02-04,0.0,0.0,0.0,0.0,0.0,24,10.779166666666667,355.1666666666667,3.03375,12.450000000000001,1.0166666666666666,-9.1,408128750.0
2026-02-05,1.0,1.0,1.0,1.0,1.0,24,5.470833333333334,540.7916666666666,2.8125,11.533333333333333,1.375,-15.3,276267083.3333333
2026-02-06,4.0,1.0,0.0,0.25,0.0,24,1.7958333333333334,557.25,1.0570833333333334,6.745833333333334,-0.012500000000000011,-4.2,100306666.66666667
2026-02-07,13.0,3.0,2.0,0.23076923076923078,0.15384615384615385,24,2.6833333333333336,477.125,1.1583333333333334,6.7250000000000005,-1.4333333333333333,-4.8,127273750.0
2026-02-08,1.0,0.0,0.0,0.0,0.0,24,3.170833333333333,438.4166666666667,1.1654166666666665,7.6625000000000005,-0.30833333333333335,-4.3,139182500.0
2026-02-09,1.0,1.0,0.0,1.0,0.0,24,2.8666666666666667,404.625,0.8675,9.041666666666666,0.7749999999999999,-2.6,116122500.0
2026-02-10,0.0,0.0,0.0,0.0,0.0,24,5.375,434.0416666666667,2.015,7.529166666666666,0.49166666666666664,-5.7,233587083.33333334
2026-02-11,2.0,2.0,1.0,1.0,0.5,24,4.6625000000000005,457.75,1.9091666666666667,6.579166666666667,-2.1458333333333335,-4.5,213646250.0
2026-02-12,1.0,1.0,0.0,1.0,0.0,24,5.0249999999999995,395.125,1.5716666666666665,5.891666666666667,-1.1166666666666665,-5.8,199052916.66666666
2026-02-13,1.0,0.0,0.0,0.0,0.0,24,4.554166666666666,398.9583333333333,1.3675,7.645833333333333,-1.9000000000000001,-6.2,182986666.66666666
2026-02-14,0.0,0.0,0.0,0.0,0.0,24,4.616666666666666,437.1666666666667,1.7229166666666667,8.541666666666666,0.25833333333333336,-11.0,201435000.0
2026-02-15,10.0,0.0,0.0,0.0,0.0,24,3.3000000000000003,613.7916666666666,2.325416666666667,8.629166666666666,0.9375,-6.8,199903333.33333334
2026-02-16,2.0,0.0,0.0,0.0,0.0,24,3.5500000000000003,624.5833333333334,2.7137499999999997,6.6000000000000005,-0.13750000000000004,-4.8,222904166.66666666
2026-02-17,1.0,0.0,0.0,0.0,0.0,24,2.5791666666666666,591.5,1.7991666666666666,4.741666666666666,0.6958333333333333,-3.3,152635416.66666666
2026-02-18,1.0,1.0,1.0,1.0,1.0,24,3.682608695652174,507.30434782608694,1.8686956521739129,4.554166666666666,0.05416666666666666,-3.1,185465217.39130434
2026-02-19,1.0,0.0,0.0,0.0,0.0,24,4.308333333333334,487.5,2.00625,5.458333333333333,-0.08750000000000001,-3.9,208622500.0
2026-02-20,1.0,0.0,0.0,0.0,0.0,24,5.641666666666667,475.5833333333333,2.56375,6.454166666666667,-0.35000000000000003,-2.3,267132500.0
2026-02-21,1.0,0.0,0.0,0.0,0.0,24,8.225,505.2083333333333,4.235833333333333,11.741666666666667,5.416666666666667,-6.3,417068750.0
2026-02-22,0.0,0.0,0.0,0.0,0.0,24,6.241666666666667,604.2083333333334,4.456666666666666,9.862499999999999,-1.1166666666666667,-6.4,368438333.3333333
2026-02-23,11.0,1.0,1.0,0.09090909090909091,0.09090909090909091,24,2.316666666666667,669.0,2.0212499999999998,5.733333333333333,-0.9500000000000001,-4.8,154930833.33333334
2026-02-24,2.0,0.0,0.0,0.0,0.0,24,2.5208333333333335,591.8333333333334,1.76875,4.795833333333333,-1.4083333333333332,-3.9,149107500.0
2026-02-25,1.0,1.0,0.0,1.0,0.0,24,2.725,545.5,1.6166666666666665,5.120833333333333,-0.6541666666666667,-4.0,148884583.33333334
2026-02-26,2.0,1.0,0.0,0.5,0.0,24,2.6125000000000003,531.875,1.4262499999999998,5.333333333333333,-1.9124999999999999,-4.2,139013750.0
2026-02-27,1.0,0.0,0.0,0.0,0.0,24,2.9,453.6666666666667,1.14125,4.4624999999999995,-1.4458333333333335,-3.4,131575833.33333333
2026-02-28,0.0,0.0,0.0,0.0,0.0,24,3.0375,415.25,1.0233333333333332,4.104166666666667,-1.3625,-3.5,126386250.0
2026-03-01,2.0,0.0,0.0,0.0,0.0,24,4.179166666666666,378.6666666666667,1.1320833333333333,4.095833333333333,-1.2,-4.3,156888333.33333334
2026-03-02,1.0,0.0,0.0,0.0,0.0,24,11.983333333333334,334.7083333333333,2.5341666666666667,4.295833333333333,0.5458333333333333,-2.6,399333333.3333333
2026-03-03,11.0,0.0,0.0,0.0,0.0,24,9.7125,380.0833333333333,2.6704166666666667,9.0625,0.17916666666666667,-8.9,364903333.3333333
2026-03-04,2.0,1.0,1.0,0.5,0.5,24,5.5249999999999995,416.375,1.8687500000000001,5.841666666666666,1.225,-4.0,230377083.33333334
2026-03-05,2.0,0.0,0.0,0.0,0.0,24,4.195833333333334,385.625,1.1945833333333333,4.55,1.0,-1.6,162345833.33333334
2026-03-06,0.0,0.0,0.0,0.0,0.0,24,11.429166666666667,350.1666666666667,2.6799999999999997,5.745833333333334,-1.6333333333333335,-6.8,404475416.6666667
2026-03-07,1.0,1.0,0.0,1.0,0.0,24,5.633333333333333,490.2916666666667,2.6125000000000003,9.525,-0.9041666666666668,-7.9,270118333.3333333
2026-03-08,0.0,0.0,0.0,0.0,0.0,24,4.808333333333334,534.625,2.7408333333333332,7.229166666666667,-1.0125,-4.1,255313333.33333334
2026-03-09,1.0,0.0,1.0,0.0,1.0,24,3.620833333333333,469.5833333333333,1.60875,4.795833333333333,-0.3625,-2.8,170714166.66666666
2026-03-10,0.0,0.0,0.0,0.0,0.0,24,4.841666666666667,442.8333333333333,1.8708333333333333,6.020833333333333,-1.3583333333333334,-4.6,214598750.0
2026-03-11,12.0,1.0,0.0,0.08333333333333333,0.0,24,2.9125,464.2916666666667,1.1945833333333333,6.220833333333334,-0.5541666666666667,-3.9,135331250.0
2026-03-12,0.0,0.0,0.0,0.0,0.0,24,3.7708333333333335,423.4166666666667,1.2470833333333333,5.991666666666667,-0.28750000000000003,-4.5,159783750.0
2026-03-13,1.0,0.0,0.0,0.0,0.0,24,9.25,504.9583333333333,4.44125,8.695833333333333,0.7916666666666666,-5.6,454190000.0
2026-03-14,0.0,0.0,0.0,0.0,0.0,24,5.191666666666666,665.25,4.557916666666666,8.483333333333333,0.23749999999999993,-5.9,344345416.6666667
2026-03-15,0.0,0.0,0.0,0.0,0.0,24,3.025,642.875,2.473333333333333,5.066666666666666,0.9958333333333332,-2.5,194552083.33333334
2026-03-16,0.0,0.0,0.0,0.0,0.0,24,3.0083333333333333,546.0,1.7858333333333334,4.558333333333334,0.7333333333333334,-3.0,163809166.66666666
2026-03-17,0.0,0.0,0.0,0.0,0.0,24,3.5875,468.625,1.5666666666666667,3.858333333333333,1.6083333333333334,-0.2,167414166.66666666
2026-03-18,3.0,1.0,0.0,0.3333333333333333,0.0,24,5.041666666666667,410.375,1.735,4.241666666666666,1.5999999999999999,-1.7,206832500.0
2026-03-19,11.0,0.0,0.0,0.0,0.0,24,4.5874999999999995,358.5833333333333,1.1545833333333333,4.3625,1.0125,-1.1,164126666.66666666
2026-03-20,0.0,0.0,0.0,0.0,0.0,24,19.104166666666668,440.4583333333333,8.289166666666667,14.336842105263157,1.6105263157894734,-13.3,883760416.6666666
2026-03-21,2.0,0.0,0.0,0.0,0.0,24,11.741666666666667,498.0416666666667,6.159166666666667,23.379166666666666,3.6,-14.1,582956250.0
2026-03-22,9.0,8.0,1.0,0.8888888888888888,0.1111111111111111,24,5.079166666666667,590.2083333333334,3.6575,10.291666666666666,-4.8999999999999995,-10.0,298594166.6666667
2026-03-23,4.0,3.0,0.0,0.75,0.0,24,2.216666666666667,657.5833333333334,1.8879166666666667,5.166666666666667,-1.6708333333333334,-4.3,145657916.66666666
2026-03-24,2.0,2.0,1.0,1.0,0.5,24,2.375,590.2083333333334,1.6345833333333333,4.245833333333334,-0.9291666666666667,-3.4,140070416.66666666
2026-03-25,0.0,0.0,0.0,0.0,0.0,24,3.9,541.6666666666666,2.2875,6.070833333333333,0.9708333333333333,-3.9,213845416.66666666
2026-03-26,3.0,2.0,0.0,0.6666666666666666,0.0,24,3.8708333333333336,464.375,1.7145833333333333,4.925,-0.5625,-3.6,179317083.33333334
2026-03-27,11.0,1.0,1.0,0.09090909090909091,0.09090909090909091,24,4.183333333333334,427.375,1.5820833333333333,4.55,-0.8083333333333332,-4.0,177065416.66666666
2026-03-28,1.0,0.0,0.0,0.0,0.0,24,5.679166666666667,371.5,1.5408333333333335,4.941666666666666,-3.404166666666667,-7.1,210305000.0
2026-03-29,1.0,0.0,0.0,0.0,0.0,24,9.466666666666667,379.0,2.6783333333333332,9.2125,0.13749999999999998,-4.8,362927083.3333333
2026-03-30,0.0,0.0,0.0,0.0,0.0,24,6.258333333333333,447.0833333333333,2.4808333333333334,7.533333333333334,1.0,-3.9,280097916.6666667
2026-03-31,2.0,0.0,0.0,0.0,0.0,24,4.220833333333333,422.2916666666667,1.4658333333333333,4.8,0.5083333333333333,-2.9,178145000.0
2026-04-01,14.0,10.0,2.0,0.7142857142857143,0.14285714285714285,24,11.725,404.5416666666667,4.079583333333333,6.808333333333334,0.4833333333333334,-2.0,492233750.0
2026-04-02,148.0,101.0,19.0,0.6824324324324325,0.12837837837837837,24,8.025,577.75,4.754583333333334,11.325000000000001,-3.2624999999999997,-9.6,425900833.3333333
2026-04-03,97.0,70.0,17.0,0.7216494845360825,0.17525773195876287,24,3.829166666666667,678.3333333333334,3.749166666666667,6.5874999999999995,-1.9958333333333333,-5.8,265909583.33333334
2026-04-04,25.0,9.0,0.0,0.36,0.0,24,2.254166666666667,625.375,1.71,4.020833333333333,-0.5333333333333333,-2.5,141485833.33333334
2026-04-05,10.0,6.0,2.0,0.6,0.2,24,2.8833333333333333,547.7083333333334,1.6833333333333333,4.8625,0.0833333333333333,-3.7,157688750.0
2026-04-06,1.0,0.0,0.0,0.0,0.0,24,2.829166666666667,532.0,1.5679166666666668,4.308333333333334,-0.25416666666666665,-3.2,150722500.0
2026-04-07,5.0,3.0,0.0,0.6,0.0,24,3.4499999999999997,454.9166666666667,1.3604166666666666,3.7541666666666664,-1.425,-4.6,155384583.33333334
2026-04-08,4.0,2.0,1.0,0.5,0.25,24,3.1916666666666664,390.5833333333333,0.9108333333333333,5.179166666666666,-1.5333333333333332,-4.1,124992083.33333333
2026-04-09,0.0,0.0,0.0,0.0,0.0,24,4.9624999999999995,366.125,1.22,6.808333333333334,-2.3249999999999997,-5.1,180794583.33333334
2026-04-10,1.0,0.0,0.0,0.0,0.0,24,10.5625,477.7083333333333,4.161666666666666,8.183333333333334,1.0333333333333334,-5.4,465934166.6666667
2026-04-11,0.0,0.0,0.0,0.0,0.0,24,4.208333333333333,561.2916666666666,2.6870833333333333,6.566666666666666,1.3458333333333332,-2.5,235368333.33333334
2026-04-12,10.0,1.0,1.0,0.1,0.1,24,3.375,513.5833333333334,1.7454166666666666,4.3125,0.4458333333333333,-3.7,172759166.66666666
2026-04-13,4.0,3.0,1.0,0.75,0.25,24,3.5500000000000003,427.25,1.2870833333333334,4.979166666666667,0.9708333333333333,-1.4,151193333.33333334
2026-04-14,1.0,0.0,0.0,0.0,0.0,24,4.166666666666667,370.75,1.1425,4.8,0.5666666666666667,-1.9,154182500.0
2026-04-15,0.0,0.0,0.0,0.0,0.0,24,6.220833333333334,344.1666666666667,1.4712500000000002,4.720833333333333,0.325,-3.0,213793333.33333334
2026-04-16,0.0,0.0,0.0,0.0,0.0,24,8.658333333333333,314.8333333333333,1.7149999999999999,5.245833333333334,0.37916666666666665,-1.7,272363750.0
2026-04-17,1.0,0.0,0.0,0.0,0.0,24,14.8375,318.0,3.1320833333333336,6.258333333333333,0.49583333333333335,-3.0,481427083.3333333
2026-04-18,5.0,2.0,2.0,0.4,0.4,24,12.283333333333333,475.0416666666667,5.0112499999999995,10.754166666666668,-1.5333333333333334,-11.3,549578333.3333334
2026-04-19,3.0,1.0,0.0,0.3333333333333333,0.0,24,5.583333333333333,490.3333333333333,2.6808333333333336,6.441666666666666,-0.8958333333333334,-5.1,273448750.0
2026-04-20,10.0,1.0,1.0,0.1,0.1,24,5.441666666666666,472.4166666666667,2.441666666666667,8.054166666666667,-3.0,-7.2,256716250.0
2026-04-21,0.0,0.0,0.0,0.0,0.0,24,3.483333333333333,514.8333333333334,1.8258333333333334,5.479166666666667,-1.9166666666666667,-4.3,178176250.0
2026-04-22,0.0,0.0,0.0,0.0,0.0,24,4.058333333333334,493.25,1.9670833333333333,5.4624999999999995,1.8416666666666668,-2.0,199720000.0
2026-04-23,0.0,0.0,0.0,0.0,0.0,24,3.483333333333333,443.5,1.3825,4.733333333333333,-0.4833333333333334,-2.8,155072500.0
2026-04-24,1.0,0.0,0.0,0.0,0.0,24,4.9750000000000005,391.0833333333333,1.5129166666666667,4.820833333333334,-1.7166666666666668,-6.1,193903333.33333334
2026-04-25,2.0,1.0,0.0,0.5,0.0,24,7.208333333333333,405.9583333333333,2.33,6.729166666666667,0.7833333333333332,-7.5,289458333.3333333
2026-04-26,5.0,4.0,2.0,0.8,0.4,24,9.233333333333333,456.375,3.875,7.3500000000000005,1.7249999999999999,-3.9,422575000.0
2026-04-27,1.0,1.0,1.0,1.0,1.0,24,5.533333333333334,441.4166666666667,2.165833333333333,3.9125,0.6875,-2.7,244795000.0
2026-04-28,14.0,3.0,1.0,0.21428571428571427,0.07142857142857142,24,5.3125,372.625,1.4649999999999999,3.4791666666666665,2.033333333333333,-0.8,196996666.66666666
2026-04-29,0.0,0.0,0.0,0.0,0.0,24,12.056521739130435,330.17391304347825,2.5917391304347825,3.716666666666667,-0.18333333333333335,-3.3,395247826.0869565
2026-04-30,1.0,0.0,0.0,0.0,0.0,24,6.220833333333334,386.1666666666667,1.8266666666666664,9.495833333333334,-2.3625,-9.7,236471666.66666666
2026-05-01,4.0,4.0,0.0,1.0,0.0,24,4.4875,464.9583333333333,1.9958333333333333,5.716666666666668,-1.3083333333333333,-5.2,211352916.66666666
2026-05-02,2.0,2.0,1.0,1.0,0.5,24,3.9499999999999997,427.9166666666667,1.4441666666666666,4.520833333333333,0.09166666666666669,-3.2,168850000.0
2026-05-03,3.0,0.0,0.0,0.0,0.0,24,3.6875,413.0,1.2604166666666667,4.191666666666666,-1.3125,-5.0,152327083.33333334
2026-05-04,2.0,0.0,0.0,0.0,0.0,24,8.4625,408.875,2.8487500000000003,7.6375,-2.8125,-9.5,347026250.0
2026-05-05,1.0,1.0,1.0,1.0,1.0,24,4.304166666666666,397.5416666666667,1.3291666666666666,11.058333333333332,1.9166666666666667,-7.6,168847500.0
2026-05-06,11.0,1.0,1.0,0.09090909090909091,0.09090909090909091,24,5.8625,361.9583333333333,1.5429166666666667,6.866666666666667,6.020833333333333,1.1,212611666.66666666
2026-05-07,1.0,1.0,0.0,1.0,0.0,24,12.345833333333333,358.0,3.2841666666666662,8.475,2.9375,-0.8,449263750.0
2026-05-08,1.0,0.0,0.0,0.0,0.0,24,7.808333333333334,490.8333333333333,3.4658333333333338,10.737499999999999,3.0833333333333335,-3.7,365038750.0
2026-05-09,0.0,0.0,0.0,0.0,0.0,24,3.4166666666666665,507.9166666666667,1.8033333333333335,3.2708333333333335,0.7999999999999999,-1.8,175342916.66666666
2026-05-10,4.0,0.0,0.0,0.0,0.0,24,4.533333333333333,425.125,1.61625,4.375,1.0791666666666666,-0.6,191165833.33333334
2026-05-11,0.0,0.0,0.0,0.0,0.0,24,4.791666666666667,381.4166666666667,1.3916666666666666,5.804166666666667,0.5291666666666667,-3.9,182564166.66666666
2026-05-12,2.0,2.0,1.0,1.0,0.5,24,4.783333333333333,352.4583333333333,1.1866666666666668,5.6125,0.5083333333333333,-2.0,168332083.33333334
2026-05-13,1.0,1.0,0.0,1.0,0.0,24,7.720833333333334,406.8333333333333,2.6425,7.904166666666666,1.4375,-5.3,316750000.0
2026-05-14,11.0,0.0,0.0,0.0,0.0,24,7.104166666666667,420.3333333333333,2.4604166666666667,5.633333333333333,1.25,-2.5,295036666.6666667
2026-05-15,2.0,1.0,1.0,0.5,0.5,24,11.654166666666667,533.4583333333334,6.062083333333334,10.65,-0.5458333333333334,-6.8,582128333.3333334
2026-05-16,2.0,2.0,0.0,1.0,0.0,24,3.4250000000000003,675.5,3.205,6.1625000000000005,-0.9958333333333332,-4.5,233929583.33333334
2026-05-17,1.0,0.0,0.0,0.0,0.0,24,2.275,616.9166666666666,1.7208333333333332,4.0125,-0.35833333333333334,-2.3,139660416.66666666
2026-05-18,4.0,1.0,0.0,0.25,0.0,24,2.9499999999999997,536.4166666666666,1.6983333333333333,4.245833333333334,-0.3083333333333333,-3.9,158243333.33333334
2026-05-19,1.0,0.0,0.0,0.0,0.0,24,4.075,538.5833333333334,2.436666666666667,5.791666666666667,-1.9749999999999999,-5.6,222345416.66666666
2026-05-20,3.0,1.0,0.0,0.3333333333333333,0.0,24,3.2125,478.2083333333333,1.4783333333333335,5.245833333333334,1.1708333333333334,-3.4,153933750.0
2026-05-21,1.0,0.0,0.0,0.0,0.0,24,2.904166666666667,431.0416666666667,1.0795833333333333,4.370833333333334,-0.6833333333333332,-2.9,125176666.66666667
2026-05-22,10.0,0.0,0.0,0.0,0.0,24,4.241666666666666,372.5416666666667,1.17625,3.733333333333333,0.05833333333333335,-2.9,157842916.66666666
2026-05-23,1.0,1.0,1.0,1.0,1.0,24,5.208333333333333,329.1666666666667,1.1291666666666667,4.079166666666667,0.3416666666666666,-1.3,171287916.66666666
2026-05-24,1.0,0.0,0.0,0.0,0.0,24,14.795833333333334,301.125,2.6595833333333334,4.7250000000000005,-0.7416666666666667,-3.6,443362083.3333333
2026-05-25,2.0,0.0,0.0,0.0,0.0,24,14.570833333333333,356.0416666666667,3.5341666666666662,6.204166666666667,-1.5875000000000001,-5.5,505523333.3333333
2026-05-26,3.0,1.0,1.0,0.3333333333333333,0.3333333333333333,24,8.14375,392.375,2.50875,6.9125,2.40625,-1.3,319601875.0
2026-05-27,2.0,1.0,0.0,0.5,0.0,24,5.666666666666667,386.625,1.6929166666666668,6.291666666666667,-0.9291666666666667,-6.2,218972500.0
2026-05-28,3.0,0.0,0.0,0.0,0.0,24,7.466666666666666,404.7083333333333,2.44375,7.5874999999999995,-0.9249999999999999,-6.6,301514583.3333333
2026-05-29,2.0,2.0,1.0,1.0,0.5,24,5.841666666666666,412.75,1.9933333333333332,6.5,-2.595833333333333,-7.0,241176666.66666666
2026-05-30,11.0,1.0,0.0,0.09090909090909091,0.0,24,4.329166666666667,434.0416666666667,1.6504166666666666,9.358333333333333,-0.19166666666666662,-6.9,188164166.66666666
2026-05-31,2.0,0.0,0.0,0.0,0.0,24,3.4250000000000003,496.5,1.6933333333333334,5.5375000000000005,-0.2125,-3.8,170128750.0
2026-06-01,6.0,3.0,0.0,0.5,0.0,24,3.3791666666666664,417.7083333333333,1.1983333333333335,5.616666666666667,-2.845833333333333,-5.6,142095833.33333334
2026-06-02,3.0,2.0,0.0,0.6666666666666666,0.0,24,5.2875000000000005,385.5,1.5629166666666665,6.283333333333334,-0.9291666666666667,-5.0,203185833.33333334
2026-06-03,1.0,0.0,0.0,0.0,0.0,24,7.8125,409.125,2.7237500000000003,7.158333333333334,1.5291666666666668,-5.3,325795416.6666667
2026-06-04,3.0,2.0,1.0,0.6666666666666666,0.3333333333333333,24,3.9416666666666664,407.9583333333333,1.2862500000000001,5.370833333333334,0.5375,-4.3,159107916.66666666
2026-06-05,8.0,5.0,0.0,0.625,0.0,24,6.6499999999999995,536.7083333333334,3.8008333333333333,11.091666666666667,1.7333333333333334,-7.8,351517083.3333333
2026-06-06,3.0,1.0,0.0,0.3333333333333333,0.0,24,2.591666666666667,589.5416666666666,1.8066666666666666,5.133333333333334,-0.6791666666666667,-2.9,152963750.0
2026-06-07,14.0,2.0,1.0,0.14285714285714285,0.07142857142857142,24,2.0166666666666666,550.7916666666666,1.2233333333333334,4.270833333333333,0.050000000000000024,-2.4,111019583.33333333
2026-06-08,9.0,7.0,1.0,0.7777777777777778,0.1111111111111111,24,2.1333333333333333,483.0,1.0025,3.9458333333333333,-0.9583333333333334,-3.5,103284166.66666667
2026-06-09,6.0,3.0,1.0,0.5,0.16666666666666666,24,4.783333333333333,441.625,1.8695833333333332,6.108333333333333,-1.0625,-6.0,211440000.0
2026-06-10,1.0,0.0,0.0,0.0,0.0,24,9.104166666666666,405.0,2.9579166666666663,5.4875,-0.033333333333333326,-4.0,366549166.6666667
2026-06-11,3.0,3.0,1.0,1.0,0.3333333333333333,24,13.75,411.0833333333333,4.6570833333333335,8.645833333333334,1.625,-7.0,563689166.6666666
2026-06-12,1.0,0.0,0.0,0.0,0.0,24,4.504166666666666,563.9583333333334,2.8141666666666665,7.341666666666666,-0.9249999999999999,-3.6,251050000.0
2026-06-13,3.0,2.0,1.0,0.6666666666666666,0.3333333333333333,24,4.1875,581.75,2.844583333333333,5.329166666666667,-0.8666666666666667,-3.4,243882500.0
2026-06-14,2.0,1.0,1.0,0.5,0.5,24,3.1875,500.7916666666667,1.5983333333333334,5.225,-0.09583333333333333,-2.3,159351666.66666666
2026-06-15,12.0,2.0,0.0,0.16666666666666666,0.0,24,3.0875,439.875,1.1954166666666666,4.608333333333333,0.8791666666666668,-2.0,135820416.66666666
2026-06-16,1.0,1.0,0.0,1.0,0.0,24,4.379166666666666,413.625,1.4616666666666667,6.5125,1.7874999999999999,-2.6,178748750.0
2026-06-17,4.0,3.0,2.0,0.75,0.5,24,6.229166666666667,436.9166666666667,2.2429166666666664,5.995833333333334,1.3125,-4.0,263907083.33333334
2026-06-18,3.0,3.0,1.0,1.0,0.3333333333333333,24,6.504166666666666,396.2083333333333,2.0029166666666667,4.4375,-0.9666666666666668,-4.5,254943333.33333334
2026-06-19,4.0,4.0,1.0,1.0,0.25,24,7.25,389.0833333333333,2.1333333333333333,8.0125,0.24583333333333335,-4.4,277840000.0
2026-06-20,1.0,1.0,0.0,1.0,0.0,24,6.733333333333333,380.3333333333333,1.9491666666666667,6.825,0.6375000000000001,-3.8,255963333.33333334
2026-06-21,1.0,0.0,0.0,0.0,0.0,24,7.1875,366.0833333333333,1.925,5.625,1.4875,-2.4,262875833.33333334
2026-06-22,0.0,0.0,0.0,0.0,0.0,24,9.291666666666666,346.0,2.2245833333333334,4.691666666666666,-0.06249999999999998,-2.3,321457083.3333333
2026-06-23,10.0,0.0,0.0,0.0,0.0,24,9.654166666666667,356.0416666666667,2.4908333333333332,6.8374999999999995,-0.25416666666666665,-5.8,346317500.0
2026-06-24,0.0,0.0,0.0,0.0,0.0,24,10.549999999999999,456.4583333333333,4.33875,11.0,2.9,2.8,474098750.0
2026-06-25,0.0,0.0,0.0,0.0,0.0,24,3.6875,675.8333333333334,3.3325,,,,247698750.0
2026-06-26,1.0,1.0,1.0,1.0,1.0,24,2.1666666666666665,655.4166666666666,1.8641666666666667,,,,142062083.33333334
2026-06-27,1.0,1.0,1.0,1.0,1.0,24,1.9749999999999999,587.5416666666666,1.3383333333333332,,,,114571250.0
2026-06-28,4.0,2.0,1.0,0.5,0.25,24,2.4625,467.7083333333333,1.0766666666666667,,,,114930000.0
2026-06-29,1.0,1.0,1.0,1.0,1.0,24,2.8333333333333335,392.0,0.8841666666666667,,,,111610833.33333333
2026-06-30,1.0,1.0,0.0,1.0,0.0,24,8.112499999999999,383.2916666666667,2.7937499999999997,,,,335445000.0
2026-07-01,10.0,0.0,0.0,0.0,0.0,24,10.225,415.7083333333333,3.5595833333333338,,,,426325000.0
2026-07-02,0.0,0.0,0.0,0.0,0.0,24,4.3999999999999995,372.2916666666667,1.2425,,,,164999583.33333334
