source_file,record_index,epoch_tt2000,epoch_utc,quicklook_classification,selection_source,l2a_source_file,l2a_record_index,l2a_target_low_impact_charge,l2a_target_high_impact_charge,l2a_ion_grid_impact_charge,l2a_target_low_chi_squared,l2a_target_high_chi_squared,l2a_ion_grid_chi_squared,l2a_target_low_reduced_chi_squared,l2a_target_high_reduced_chi_squared,l2a_ion_grid_reduced_chi_squared,l2a_tof_snr,seconds_since_previous_pulser,test_id,injection_index,test_start_utc,l2a_inferred_injection_level,pulser_like_l2a_charge,injection_level,injection_level_source,injection_repeat_index,test_event_count
imap_idex_l1b_sci-10days_20250927_v003.cdf,1,812608978320114432,2025-10-01T16:41:49.136114432,Science,event_list,imap_idex_l2a_sci-10days_20250927_v003.cdf,1,77.83002435890376,81.12291474779386,0.284316264120936,45640.34132706385,72.59207383782962,0.0011419779674434662,90.02039709480049,0.14317963281623197,2.2524220265157125e-06,,,1,1,2025-10-01 16:41:49.136114,1.0,True,1,l2a_ion_grid_charge,1,20
imap_idex_l1b_sci-10days_20250927_v003.cdf,2,812608984320028928,2025-10-01T16:41:55.136028928,Science,event_list,imap_idex_l2a_sci-10days_20250927_v003.cdf,2,77.36425582045922,81.1912535063882,0.2842715214734097,45592.40179616096,74.20058968262941,0.0011352714777444178,89.92584180702359,0.14635224789473258,2.2391942361822835e-06,,5.999914496,1,2,2025-10-01 16:41:49.136114,1.0,True,1,l2a_ion_grid_charge,2,20
imap_idex_l1b_sci-10days_20250927_v003.cdf,3,812608990319943424,2025-10-01T16:42:01.135943424,Science,event_list,imap_idex_l2a_sci-10days_20250927_v003.cdf,3,76.86993393968442,81.24904822913066,0.2844280035717488,40631.957241858865,74.25784311198014,0.0011662941869285467,80.14192749873543,0.14646517379088783,2.3003830116933857e-06,,5.999914496,1,3,2025-10-01 16:41:49.136114,1.0,True,1,l2a_ion_grid_charge,3,20
imap_idex_l1b_sci-10days_20250927_v003.cdf,4,812608996319857920,2025-10-01T16:42:07.135857920,Science,event_list,imap_idex_l2a_sci-10days_20250927_v003.cdf,4,78.95439881839047,81.2155921484075,0.2844735688503599,42190.0444340727,73.10430639650411,0.0013025582017484796,83.21507777923608,0.14418995344478128,2.569148326920078e-06,,5.999914496,1,4,2025-10-01 16:41:49.136114,1.0,True,1,l2a_ion_grid_charge,4,20
imap_idex_l1b_sci-10days_20250927_v003.cdf,5,812609085318576640,2025-10-01T16:43:36.134576640,Science,event_list,imap_idex_l2a_sci-10days_20250927_v003.cdf,5,153.63232449381394,162.20934720794975,0.5756307270138226,42435.18212596135,153.97621749656184,0.003214656360210662,83.69858407487446,0.3037006262259602,6.340545089172903e-06,,88.99871872,1,5,2025-10-01 16:41:49.136114,2.0,True,2,l2a_ion_grid_charge,1,20
imap_idex_l1b_sci-10days_20250927_v003.cdf,6,812609091318491264,2025-10-01T16:43:42.134491264,Science,event_list,imap_idex_l2a_sci-10days_20250927_v003.cdf,6,153.7188650381686,162.37648944279113,0.5756214637440232,45325.00485499589,177.8194594787664,0.0035008309359394656,89.39843166665855,0.3507287169206438,6.90499198410151e-06,,5.999914624,1,6,2025-10-01 16:41:49.136114,2.0,True,2,l2a_ion_grid_charge,2,20
imap_idex_l1b_sci-10days_20250927_v003.cdf,7,812609097318405760,2025-10-01T16:43:48.134405760,Science,event_list,imap_idex_l2a_sci-10days_20250927_v003.cdf,7,156.1767579305124,162.42172247926834,0.5759880771901502,41167.44788870016,181.61178115328156,0.0033804249272817296,81.19812206844213,0.35820864132797153,6.667504787537928e-06,,5.999914496,1,7,2025-10-01 16:41:49.136114,2.0,True,2,l2a_ion_grid_charge,3,20
imap_idex_l1b_sci-10days_20250927_v003.cdf,8,812609103318320384,2025-10-01T16:43:54.134320384,Science,event_list,imap_idex_l2a_sci-10days_20250927_v003.cdf,8,154.248764918113,162.46006586379747,0.5758932533129238,39428.260682483815,180.28036128458547,0.0034044488441910413,77.76777254927774,0.35558256663626325,6.714889239035584e-06,,5.999914624,1,8,2025-10-01 16:41:49.136114,2.0,True,2,l2a_ion_grid_charge,4,20
imap_idex_l1b_sci-10days_20250927_v003.cdf,9,812609187317143808,2025-10-01T16:45:18.133143808,Science,event_list,imap_idex_l2a_sci-10days_20250927_v003.cdf,9,229.85458254734112,243.86076495748233,0.8654401754389861,40923.404257319955,271.71298537077513,0.006053417429110794,80.71677368307684,0.53592304806859,1.1939679347358568e-05,,83.998823424,1,9,2025-10-01 16:41:49.136114,3.0,True,3,l2a_ion_grid_charge,1,20
imap_idex_l1b_sci-10days_20250927_v003.cdf,10,812609193317078272,2025-10-01T16:45:24.133078272,Science,event_list,imap_idex_l2a_sci-10days_20250927_v003.cdf,10,231.698596467053,244.1575716879874,0.8659839785889578,41868.603659529064,305.83156280166173,0.006233928944694281,82.58107230676345,0.603218072587104,1.229571783963369e-05,,5.999934464,1,10,2025-10-01 16:41:49.136114,3.0,True,3,l2a_ion_grid_charge,2,20
imap_idex_l1b_sci-10days_20250927_v003.cdf,11,812609199316992768,2025-10-01T16:45:30.132992768,Science,event_list,imap_idex_l2a_sci-10days_20250927_v003.cdf,11,235.38634055974399,244.14208947174666,0.8657911934946964,43585.46757740373,304.2887426678541,0.006409137627922896,85.96739167140775,0.6001750348478384,1.2641297096494863e-05,,5.999914496,1,11,2025-10-01 16:41:49.136114,3.0,True,3,l2a_ion_grid_charge,3,20
imap_idex_l1b_sci-10days_20250927_v003.cdf,12,812609205316907392,2025-10-01T16:45:36.132907392,Science,event_list,imap_idex_l2a_sci-10days_20250927_v003.cdf,12,229.91750121134464,244.13729122563268,0.8660651559857635,40275.791306198116,309.03335625078387,0.006398387133799588,79.43943058421719,0.6095332470429662,1.2620092966074137e-05,,5.999914624,1,12,2025-10-01 16:41:49.136114,3.0,True,3,l2a_ion_grid_charge,4,20
imap_idex_l1b_sci-10days_20250927_v003.cdf,13,812609295315705216,2025-10-01T16:47:06.131705216,Science,event_list,imap_idex_l2a_sci-10days_20250927_v003.cdf,13,309.70184972878997,324.0068365411834,1.1528411999128836,44077.665859061955,440.9344315750005,0.008784844100650053,86.93819696067447,0.8696931589250503,1.732710867978314e-05,,89.998797824,1,13,2025-10-01 16:41:49.136114,4.0,True,4,l2a_ion_grid_charge,1,20
imap_idex_l1b_sci-10days_20250927_v003.cdf,14,812609301315619712,2025-10-01T16:47:12.131619712,Science,event_list,imap_idex_l2a_sci-10days_20250927_v003.cdf,14,307.1747032052772,324.417053160757,1.1532629081194616,39295.03344592762,497.4791360579202,0.009645655764910544,77.50499693476849,0.9812211756566473,1.9024962060967542e-05,,5.999914496,1,14,2025-10-01 16:41:49.136114,4.0,True,4,l2a_ion_grid_charge,2,20
imap_idex_l1b_sci-10days_20250927_v003.cdf,15,812609307315554432,2025-10-01T16:47:18.131554432,Science,event_list,imap_idex_l2a_sci-10days_20250927_v003.cdf,15,305.52597080589476,324.36259823220934,1.1531434451835425,45131.41584613436,498.7107214086608,0.0095116777194873,89.01659930204016,0.9836503380841436,1.8760705561118933e-05,,5.99993472,1,15,2025-10-01 16:41:49.136114,4.0,True,4,l2a_ion_grid_charge,3,20
imap_idex_l1b_sci-10days_20250927_v003.cdf,16,812609313315468800,2025-10-01T16:47:24.131468800,Science,event_list,imap_idex_l2a_sci-10days_20250927_v003.cdf,16,310.69449801940937,324.3914520095393,1.1533510876179927,43762.41638721287,498.885912563422,0.009427441910669031,86.31640313059738,0.9839958827680907,1.8594559981595723e-05,,5.999914368,1,16,2025-10-01 16:41:49.136114,4.0,True,4,l2a_ion_grid_charge,4,20
imap_idex_l1b_sci-10days_20250927_v003.cdf,17,812609392314456832,2025-10-01T16:48:43.130456832,Science,event_list,imap_idex_l2a_sci-10days_20250927_v003.cdf,17,735.5841605093192,368.1676297575809,1.4394439338168072,36837.31556305854,184279.6746910337,0.011829565472611428,72.65742714607207,363.4707587594353,2.3332476277340093e-05,,78.998988032,1,17,2025-10-01 16:41:49.136114,5.0,True,5,l2a_ion_grid_charge,1,20
imap_idex_l1b_sci-10days_20250927_v003.cdf,18,812609398314371328,2025-10-01T16:48:49.130371328,Science,event_list,imap_idex_l2a_sci-10days_20250927_v003.cdf,18,736.8022734932529,368.80969169840375,1.4400636967934388,44310.306494550015,190628.09606260218,0.012873247771780786,87.39705422988169,375.992299926237,2.539102124611595e-05,,5.999914496,1,18,2025-10-01 16:41:49.136114,5.0,True,5,l2a_ion_grid_charge,2,20
imap_idex_l1b_sci-10days_20250927_v003.cdf,19,812609404314285696,2025-10-01T16:48:55.130285696,Science,event_list,imap_idex_l2a_sci-10days_20250927_v003.cdf,19,734.9231519126115,368.8822418888532,1.4402883140942997,44342.304658677436,191196.6182003101,0.012951769335704329,87.46016697963991,377.11364536550315,2.5545896125649563e-05,,5.999914368,1,19,2025-10-01 16:41:49.136114,5.0,True,5,l2a_ion_grid_charge,3,20
imap_idex_l1b_sci-10days_20250927_v003.cdf,20,812609410314220416,2025-10-01T16:49:01.130220416,Science,event_list,imap_idex_l2a_sci-10days_20250927_v003.cdf,20,735.437710297072,368.9375544206563,1.4401711462362117,41604.88424769425,191602.18182452768,0.012477838415955915,82.06091567592554,377.9135736183978,2.461112113600772e-05,,5.99993472,1,20,2025-10-01 16:41:49.136114,5.0,True,5,l2a_ion_grid_charge,4,20
imap_idex_l1b_sci-10days_20251027_v003.cdf,1,815539406675349504,2025-11-04T14:42:17.491349504,Science,event_list,imap_idex_l2a_sci-10days_20251027_v003.cdf,1,75.75107593665962,81.06836253316237,0.28399284373671896,39965.126191331496,52.670626700599335,0.0009419804354058958,78.82667887836587,0.10388683767376594,1.8579495767374672e-06,,2929996.361129088,2,1,2025-11-04 14:42:17.491349,1.0,True,1,l2a_ion_grid_charge,1,25
imap_idex_l1b_sci-10days_20251027_v003.cdf,2,815539412675244032,2025-11-04T14:42:23.491244032,Science,event_list,imap_idex_l2a_sci-10days_20251027_v003.cdf,2,75.5206264678709,81.1967321484272,0.2839460413025645,40740.51315273184,60.80390954459573,0.0009535382647774562,80.35604172136458,0.11992881566981407,1.880746084373681e-06,,5.999894528,2,2,2025-11-04 14:42:17.491349,1.0,True,1,l2a_ion_grid_charge,2,25
imap_idex_l1b_sci-10days_20251027_v003.cdf,3,815539418675138560,2025-11-04T14:42:29.491138560,Science,event_list,imap_idex_l2a_sci-10days_20251027_v003.cdf,3,78.31620522805679,81.14926106227676,0.28396736722275895,37318.67135169926,58.823895240644624,0.0010186387904476996,73.60684684753306,0.11602346201310577,2.0091494880625236e-06,,5.999894528,2,3,2025-11-04 14:42:17.491349,1.0,True,1,l2a_ion_grid_charge,3,25
imap_idex_l1b_sci-10days_20251027_v003.cdf,4,815539424675013248,2025-11-04T14:42:35.491013248,Science,event_list,imap_idex_l2a_sci-10days_20251027_v003.cdf,4,77.03492510558135,81.16635849305555,0.2841117211588322,42482.98607922414,57.98739923273074,0.000920585469687802,83.79287195113243,0.11437356850637226,1.8157504333092743e-06,,5.999874688,2,4,2025-11-04 14:42:17.491349,1.0,True,1,l2a_ion_grid_charge,4,25
imap_idex_l1b_sci-10days_20251027_v003.cdf,5,815539430674907648,2025-11-04T14:42:41.490907648,Science,event_list,imap_idex_l2a_sci-10days_20251027_v003.cdf,5,77.18015114684749,81.17253788715209,0.28402979136468587,40563.833005583045,60.137932402341505,0.0010035430832333945,80.00756016880285,0.11861525128666964,1.9793749176201078e-06,,5.9998944,2,5,2025-11-04 14:42:17.491349,1.0,True,1,l2a_ion_grid_charge,5,25
imap_idex_l1b_sci-10days_20251027_v003.cdf,6,815539526673121024,2025-11-04T14:44:17.489121024,Science,event_list,imap_idex_l2a_sci-10days_20251027_v003.cdf,6,158.690218989821,162.20814391416104,0.57419902507859,39748.00037559401,123.83598912646104,0.0024171113527746277,78.39842283154637,0.2442524440364123,4.767478013362185e-06,,95.998213376,2,6,2025-11-04 14:42:17.491349,2.0,True,2,l2a_ion_grid_charge,1,25
imap_idex_l1b_sci-10days_20251027_v003.cdf,7,815539532673015424,2025-11-04T14:44:23.489015424,Science,event_list,imap_idex_l2a_sci-10days_20251027_v003.cdf,7,156.0141643413226,162.36811168463214,0.5746093187370783,40893.56820512192,140.2048544891085,0.0026309065423979687,80.65792545388939,0.2765381745347308,5.189164777905264e-06,,5.9998944,2,7,2025-11-04 14:42:17.491349,2.0,True,2,l2a_ion_grid_charge,2,25
imap_idex_l1b_sci-10days_20251027_v003.cdf,8,815539538672890112,2025-11-04T14:44:29.488890112,Science,event_list,imap_idex_l2a_sci-10days_20251027_v003.cdf,8,157.41605711839293,162.36516486208694,0.5747213763863517,39869.30098236377,145.85050550855388,0.0027188383349622093,78.63767452142756,0.28767358088472167,5.362600266197652e-06,,5.999874688,2,8,2025-11-04 14:42:17.491349,2.0,True,2,l2a_ion_grid_charge,3,25
imap_idex_l1b_sci-10days_20251027_v003.cdf,9,815539544672784640,2025-11-04T14:44:35.488784640,Science,event_list,imap_idex_l2a_sci-10days_20251027_v003.cdf,9,155.5976921532856,162.35945723478306,0.5747926021101429,42861.98963034789,145.93931110511033,0.0027201437476463116,84.54041347208657,0.28784873985228865,5.365175044667281e-06,,5.999894528,2,9,2025-11-04 14:42:17.491349,2.0,True,2,l2a_ion_grid_charge,4,25
imap_idex_l1b_sci-10days_20251027_v003.cdf,10,815539550672679296,2025-11-04T14:44:41.488679296,Science,event_list,imap_idex_l2a_sci-10days_20251027_v003.cdf,10,153.49915360614614,162.3903350148102,0.574552866977838,46025.32161694604,143.024129843784,0.0025598598168342134,90.7797270551204,0.2820988754315267,5.049033169298251e-06,,5.999894656,2,10,2025-11-04 14:42:17.491349,2.0,True,2,l2a_ion_grid_charge,5,25
imap_idex_l1b_sci-10days_20251027_v003.cdf,11,815539646670912512,2025-11-04T14:46:17.486912512,Science,event_list,imap_idex_l2a_sci-10days_20251027_v003.cdf,11,234.7695241610163,243.68476461098442,0.8637504345526255,39966.36379405059,213.20509401105832,0.004400960747238767,78.82911990937,0.4205228678719099,8.680395951161276e-06,,95.998233216,2,11,2025-11-04 14:42:17.491349,3.0,True,3,l2a_ion_grid_charge,1,25
imap_idex_l1b_sci-10days_20251027_v003.cdf,12,815539652670807040,2025-11-04T14:46:23.486807040,Science,event_list,imap_idex_l2a_sci-10days_20251027_v003.cdf,12,233.28733247281707,244.034640196194,0.8642280338736489,42994.40634756275,246.6711347250068,0.004804763055062982,84.80159042911785,0.4865308377219069,9.476850207224817e-06,,5.999894528,2,12,2025-11-04 14:42:17.491349,3.0,True,3,l2a_ion_grid_charge,2,25
imap_idex_l1b_sci-10days_20251027_v003.cdf,13,815539658670701568,2025-11-04T14:46:29.486701568,Science,event_list,imap_idex_l2a_sci-10days_20251027_v003.cdf,13,233.17096699113608,243.97418683969477,0.8642193346750868,46691.18461751049,251.66645959287297,0.004899614465693045,92.0930663067268,0.4963835494928461,9.663933857382732e-06,,5.999894528,2,13,2025-11-04 14:42:17.491349,3.0,True,3,l2a_ion_grid_charge,3,25
imap_idex_l1b_sci-10days_20251027_v003.cdf,14,815539664670596224,2025-11-04T14:46:35.486596224,Science,event_list,imap_idex_l2a_sci-10days_20251027_v003.cdf,14,232.25990436223947,244.03003710606959,0.8642089120337669,37031.004373617485,245.6020802612284,0.0048156122681007,73.0394563582199,0.48442224903595343,9.498249049508284e-06,,5.999894656,2,14,2025-11-04 14:42:17.491349,3.0,True,3,l2a_ion_grid_charge,4,25
imap_idex_l1b_sci-10days_20251027_v003.cdf,15,815539670670490880,2025-11-04T14:46:41.486490880,Science,event_list,imap_idex_l2a_sci-10days_20251027_v003.cdf,15,228.6334799186152,243.9556122609019,0.8642543671133864,43029.024199182524,252.45330062030393,0.004770248905744444,84.86987021535015,0.49793550418205906,9.4087749620206e-06,,5.999894656,2,15,2025-11-04 14:42:17.491349,3.0,True,3,l2a_ion_grid_charge,5,25
imap_idex_l1b_sci-10days_20251027_v003.cdf,16,815539760668849408,2025-11-04T14:48:11.484849408,Science,event_list,imap_idex_l2a_sci-10days_20251027_v003.cdf,16,312.6864277552122,323.6858294445779,1.150155057003464,41259.093908238574,424.43982687709484,0.006836944381869901,81.37888344820232,0.8371594218483133,1.3485097400137872e-05,,89.998358528,2,16,2025-11-04 14:42:17.491349,4.0,True,4,l2a_ion_grid_charge,1,25
imap_idex_l1b_sci-10days_20251027_v003.cdf,17,815539766668744064,2025-11-04T14:48:17.484744064,Science,event_list,imap_idex_l2a_sci-10days_20251027_v003.cdf,17,311.5485613222081,324.08442016287756,1.150963846921261,38061.12833382231,463.9749963502596,0.007406614041791887,75.07125904106964,0.9151380598624449,1.4608706196828181e-05,,5.999894656,2,17,2025-11-04 14:42:17.491349,4.0,True,4,l2a_ion_grid_charge,2,25
imap_idex_l1b_sci-10days_20251027_v003.cdf,18,815539772668638592,2025-11-04T14:48:23.484638592,Science,event_list,imap_idex_l2a_sci-10days_20251027_v003.cdf,18,311.0013499267552,324.1485369266743,1.150855147954224,37531.30576074145,460.1468930187867,0.007675522797648153,74.02624410402653,0.9075875601948457,1.513909822021332e-05,,5.999894528,2,18,2025-11-04 14:42:17.491349,4.0,True,4,l2a_ion_grid_charge,3,25
imap_idex_l1b_sci-10days_20251027_v003.cdf,19,815539778668533120,2025-11-04T14:48:29.484533120,Science,event_list,imap_idex_l2a_sci-10days_20251027_v003.cdf,19,308.7608420468714,324.06177456929277,1.1509386624462885,39526.82997692673,464.069161417791,0.0074871406182831085,77.96218930360303,0.9153237897786805,1.4767535736258596e-05,,5.999894528,2,19,2025-11-04 14:42:17.491349,4.0,True,4,l2a_ion_grid_charge,4,25
imap_idex_l1b_sci-10days_20251027_v003.cdf,20,815539784668427776,2025-11-04T14:48:35.484427776,Science,event_list,imap_idex_l2a_sci-10days_20251027_v003.cdf,20,310.9303359950791,324.0701444068989,1.150555521625047,38282.548143437445,471.8957421744334,0.007463346192813534,75.50798450382139,0.9307608326911901,1.4720603930598688e-05,,5.999894656,2,20,2025-11-04 14:42:17.491349,4.0,True,4,l2a_ion_grid_charge,5,25
imap_idex_l1b_sci-10days_20251027_v003.cdf,21,815539880666721024,2025-11-04T14:50:11.482721024,Science,event_list,imap_idex_l2a_sci-10days_20251027_v003.cdf,21,735.0802602138756,367.96776970937907,1.4357836401017479,41003.1546123521,182231.24930810783,0.009219460113035151,80.87407221371222,359.43047200810224,1.818433947344211e-05,,95.998293248,2,21,2025-11-04 14:42:17.491349,5.0,True,5,l2a_ion_grid_charge,1,25
imap_idex_l1b_sci-10days_20251027_v003.cdf,22,815539886666615552,2025-11-04T14:50:17.482615552,Science,event_list,imap_idex_l2a_sci-10days_20251027_v003.cdf,22,738.1625547758013,368.7305482173053,1.4371660605890022,42654.47064305193,188830.78115791042,0.010220773322956666,84.13110580483615,372.4473001142217,2.015931621884944e-05,,5.999894528,2,22,2025-11-04 14:42:17.491349,5.0,True,5,l2a_ion_grid_charge,2,25
imap_idex_l1b_sci-10days_20251027_v003.cdf,23,815539892666510080,2025-11-04T14:50:23.482510080,Science,event_list,imap_idex_l2a_sci-10days_20251027_v003.cdf,23,741.3675481802347,368.8257326500634,1.4368792736441356,44914.68521922748,189486.9008321001,0.01041177116609651,88.58912272036979,373.74142175956626,2.0536037802951695e-05,,5.999894528,2,23,2025-11-04 14:42:17.491349,5.0,True,5,l2a_ion_grid_charge,3,25
imap_idex_l1b_sci-10days_20251027_v003.cdf,24,815539898666404608,2025-11-04T14:50:29.482404608,Science,event_list,imap_idex_l2a_sci-10days_20251027_v003.cdf,24,736.9237085479581,368.88862216474877,1.4368933690525807,41653.73825190941,189775.8136002912,0.01024307593136388,82.15727465859844,374.31126942858225,2.020330558454414e-05,,5.999894528,2,24,2025-11-04 14:42:17.491349,5.0,True,5,l2a_ion_grid_charge,4,25
imap_idex_l1b_sci-10days_20251027_v003.cdf,25,815539904666299392,2025-11-04T14:50:35.482299392,Science,event_list,imap_idex_l2a_sci-10days_20251027_v003.cdf,25,734.680309657193,368.908477009045,1.4370102488992913,41123.88427427545,189926.8807728803,0.010310599709077807,81.11219777963599,374.60923229364954,2.0336488578062735e-05,,5.999894784,2,25,2025-11-04 14:42:17.491349,5.0,True,5,l2a_ion_grid_charge,5,25
imap_idex_l1b_sci-10days_20251106_v003.cdf,1,815732851484596480,2025-11-06T20:26:22.300596480,Science,event_list,imap_idex_l2a_sci-10days_20251106_v003.cdf,1,77.4971619392345,80.99131531730859,0.283743203201301,41855.83229941175,56.851845530052344,0.001079529166755504,82.55588224736044,0.11213381761351547,2.1292488496163786e-06,,192946.818297088,3,1,2025-11-06 20:26:22.300596,1.0,True,1,l2a_ion_grid_charge,1,20
imap_idex_l1b_sci-10days_20251106_v003.cdf,2,815732857484551040,2025-11-06T20:26:28.300551040,Science,event_list,imap_idex_l2a_sci-10days_20251106_v003.cdf,2,73.42038398486329,81.01593238050475,0.2837322230340662,41393.471680895906,67.57352178419309,0.0010970301863053073,81.6439283646862,0.13328110805560767,2.1637676258487322e-06,,5.99995456,3,2,2025-11-06 20:26:22.300596,1.0,True,1,l2a_ion_grid_charge,2,20
imap_idex_l1b_sci-10days_20251106_v003.cdf,3,815732863484485760,2025-11-06T20:26:34.300485760,Science,event_list,imap_idex_l2a_sci-10days_20251106_v003.cdf,3,75.66582474853931,80.97268595566413,0.28371523857421455,45971.22085699803,64.84042362449094,0.0009663820182369618,90.67301944181071,0.127890381902349,1.9060789314338496e-06,,5.99993472,3,3,2025-11-06 20:26:22.300596,1.0,True,1,l2a_ion_grid_charge,3,20
imap_idex_l1b_sci-10days_20251106_v003.cdf,4,815732869484420224,2025-11-06T20:26:40.300420224,Science,event_list,imap_idex_l2a_sci-10days_20251106_v003.cdf,4,75.17489425911481,81.0820464015074,0.2838225832962853,39206.146184986326,68.8527319583895,0.001040329348812547,77.32967689346415,0.13580420504613314,2.0519316544626173e-06,,5.999934464,3,4,2025-11-06 20:26:22.300596,1.0,True,1,l2a_ion_grid_charge,4,20
imap_idex_l1b_sci-10days_20251106_v003.cdf,5,815732982483278208,2025-11-06T20:28:33.299278208,Science,event_list,imap_idex_l2a_sci-10days_20251106_v003.cdf,5,154.79718506277277,161.98789516566916,0.5742910099928886,38614.689310198024,144.07744671652625,0.002990198752297879,76.16309528638664,0.2841764235039966,5.897827913802523e-06,,112.998857984,3,5,2025-11-06 20:26:22.300596,2.0,True,2,l2a_ion_grid_charge,1,20
imap_idex_l1b_sci-10days_20251106_v003.cdf,6,815732988483212672,2025-11-06T20:28:39.299212672,Science,event_list,imap_idex_l2a_sci-10days_20251106_v003.cdf,6,157.80470469991997,162.11354074889584,0.5745630933526403,43517.36023277302,157.40379341994964,0.0030281694671092734,85.83305765832942,0.31046113100581785,5.972720842424602e-06,,5.999934464,3,6,2025-11-06 20:26:22.300596,2.0,True,2,l2a_ion_grid_charge,2,20
imap_idex_l1b_sci-10days_20251106_v003.cdf,7,815732994483147264,2025-11-06T20:28:45.299147264,Science,event_list,imap_idex_l2a_sci-10days_20251106_v003.cdf,7,153.9194265133192,162.0744984773517,0.5747965071833951,40944.691874405806,167.60181331791188,0.003090982329367349,80.75876109350257,0.3305755686743824,6.09661208948195e-06,,5.999934592,3,7,2025-11-06 20:26:22.300596,2.0,True,2,l2a_ion_grid_charge,3,20
imap_idex_l1b_sci-10days_20251106_v003.cdf,8,815733000483081984,2025-11-06T20:28:51.299081984,Science,event_list,imap_idex_l2a_sci-10days_20251106_v003.cdf,8,155.21111554827075,162.0703059745373,0.5747019620887929,41888.89072078239,156.9154085376782,0.0030577261984708506,82.62108623428479,0.3094978472143554,6.031018142940534e-06,,5.99993472,3,8,2025-11-06 20:26:22.300596,2.0,True,2,l2a_ion_grid_charge,4,20
imap_idex_l1b_sci-10days_20251106_v003.cdf,9,815733109481983360,2025-11-06T20:30:40.297983360,Science,event_list,imap_idex_l2a_sci-10days_20251106_v003.cdf,9,230.82635277045483,243.4457446310144,0.8638537755943925,38039.697059688406,241.9327441259991,0.0052703170453101125,75.02898828340908,0.477184899656803,1.0395102653471623e-05,,108.998901376,3,9,2025-11-06 20:26:22.300596,3.0,True,3,l2a_ion_grid_charge,1,20
imap_idex_l1b_sci-10days_20251106_v003.cdf,10,815733115481917952,2025-11-06T20:30:46.297917952,Science,event_list,imap_idex_l2a_sci-10days_20251106_v003.cdf,10,233.86210638803095,243.62808611311192,0.864335826802414,43478.83715470742,259.8692236785409,0.005614457946777363,85.75707525583317,0.5125625713580688,1.1073881551829118e-05,,5.999934592,3,10,2025-11-06 20:26:22.300596,3.0,True,3,l2a_ion_grid_charge,2,20
imap_idex_l1b_sci-10days_20251106_v003.cdf,11,815733121481872512,2025-11-06T20:30:52.297872512,Science,event_list,imap_idex_l2a_sci-10days_20251106_v003.cdf,11,233.23771281488007,243.70439482649635,0.8642357954582119,42598.50812078264,278.6310784738352,0.005763223207917874,84.02072607649436,0.5495682021180182,1.1367304157628943e-05,,5.99995456,3,11,2025-11-06 20:26:22.300596,3.0,True,3,l2a_ion_grid_charge,3,20
imap_idex_l1b_sci-10days_20251106_v003.cdf,12,815733127481807104,2025-11-06T20:30:58.297807104,Science,event_list,imap_idex_l2a_sci-10days_20251106_v003.cdf,12,235.21291841738275,243.65642279183857,0.8643265317584959,40452.14756324221,270.71288058741067,0.005747740997750731,79.78727330028049,0.5339504548075161,1.1336767253946216e-05,,5.999934592,3,12,2025-11-06 20:26:22.300596,3.0,True,3,l2a_ion_grid_charge,4,20
imap_idex_l1b_sci-10days_20251106_v003.cdf,13,815733234480730368,2025-11-06T20:32:45.296730368,Science,event_list,imap_idex_l2a_sci-10days_20251106_v003.cdf,13,307.1399821610212,323.36278643081454,1.1506626922832697,42027.36881161791,402.38230984048835,0.008140054108268962,82.89421856334894,0.7936534710857759,1.6055333546881583e-05,,106.998923264,3,13,2025-11-06 20:26:22.300596,4.0,True,4,l2a_ion_grid_charge,1,20
imap_idex_l1b_sci-10days_20251106_v003.cdf,14,815733240480664960,2025-11-06T20:32:51.296664960,Science,event_list,imap_idex_l2a_sci-10days_20251106_v003.cdf,14,309.2381329737327,323.7089252608448,1.1514681774683748,41143.91163677015,429.25489569283735,0.008642521155943163,81.15169948080897,0.8466565989996792,1.704639281251117e-05,,5.999934592,3,14,2025-11-06 20:26:22.300596,4.0,True,4,l2a_ion_grid_charge,2,20
imap_idex_l1b_sci-10days_20251106_v003.cdf,15,815733246480599552,2025-11-06T20:32:57.296599552,Science,event_list,imap_idex_l2a_sci-10days_20251106_v003.cdf,15,312.1655199662018,323.7133713795434,1.1513585989620223,44296.17624650366,440.511747655827,0.008659740603127861,87.36918391815317,0.8688594628320059,1.70803562191871e-05,,5.999934592,3,15,2025-11-06 20:26:22.300596,4.0,True,4,l2a_ion_grid_charge,3,20
imap_idex_l1b_sci-10days_20251106_v003.cdf,16,815733252480534144,2025-11-06T20:33:03.296534144,Science,event_list,imap_idex_l2a_sci-10days_20251106_v003.cdf,16,313.5589877039565,323.72539215885246,1.1513132531350787,41117.32317084995,456.7265841088045,0.008769320464966519,81.09925674723857,0.9008413887747624,1.729649006896749e-05,,5.999934592,3,16,2025-11-06 20:26:22.300596,4.0,True,4,l2a_ion_grid_charge,4,20
imap_idex_l1b_sci-10days_20251106_v003.cdf,17,815733360479456512,2025-11-06T20:34:51.295456512,Science,event_list,imap_idex_l2a_sci-10days_20251106_v003.cdf,17,733.6139369848461,368.5272752250691,1.4368292197622035,41916.94603556091,187247.2438056038,0.01068474089200789,82.67642216086965,369.32395227929743,2.107443962920688e-05,,107.998922368,3,17,2025-11-06 20:26:22.300596,5.0,True,5,l2a_ion_grid_charge,1,20
imap_idex_l1b_sci-10days_20251106_v003.cdf,18,815733366479391104,2025-11-06T20:34:57.295391104,Science,event_list,imap_idex_l2a_sci-10days_20251106_v003.cdf,18,735.7100769647368,368.8026795521951,1.4375380767599333,40198.16286211653,190174.24630853842,0.01148200865770323,79.28631728228112,375.09713275845843,2.2646959877126686e-05,,5.999934592,3,18,2025-11-06 20:26:22.300596,5.0,True,5,l2a_ion_grid_charge,2,20
imap_idex_l1b_sci-10days_20251106_v003.cdf,19,815733372479325824,2025-11-06T20:35:03.295325824,Science,event_list,imap_idex_l2a_sci-10days_20251106_v003.cdf,19,735.4391661373375,368.8577326405144,1.4377982293957547,38961.69844862654,190662.501438819,0.011842445933313359,76.84753145685708,376.0601606288343,2.3357881525272896e-05,,5.99993472,3,19,2025-11-06 20:26:22.300596,5.0,True,5,l2a_ion_grid_charge,3,20
imap_idex_l1b_sci-10days_20251106_v003.cdf,20,815733378479280384,2025-11-06T20:35:09.295280384,Science,event_list,imap_idex_l2a_sci-10days_20251106_v003.cdf,20,738.4750163431345,368.8476828300512,1.4377698496304887,42936.840915854045,190563.92334041328,0.01155158468266413,84.68804914369635,375.8657265096909,2.278419069559e-05,,5.99995456,3,20,2025-11-06 20:26:22.300596,5.0,True,5,l2a_ion_grid_charge,4,20
imap_idex_l1b_sci-10days_20251126_v003.cdf,24,817732992008993664,2025-11-30T00:02:02.824993664,Pulser,quicklook+event_list,imap_idex_l2a_sci-10days_20251126_v003.cdf,24,80.00545094604604,81.00857405013113,0.28461406509155074,40769.571823488586,88.76159620504562,0.0013545820069674123,80.41335665382364,0.1750721818639953,2.6717593825787224e-06,,1999613.52971328,4,1,2025-11-30 00:02:02.824993,1.0,True,1,l2a_ion_grid_charge,1,5
imap_idex_l1b_sci-10days_20251126_v003.cdf,25,817733000008926464,2025-11-30T00:02:10.824926464,Pulser,quicklook+event_list,imap_idex_l2a_sci-10days_20251126_v003.cdf,25,154.92928776649933,162.1206838070696,0.575561590792936,41610.17621501666,195.7749028122566,0.0041009705312347235,82.07135348129519,0.38614379252910574,8.088699272652315e-06,,7.9999328,4,2,2025-11-30 00:02:02.824993,2.0,True,2,l2a_ion_grid_charge,1,5
imap_idex_l1b_sci-10days_20251126_v003.cdf,26,817733008008879360,2025-11-30T00:02:18.824879360,Pulser,quicklook+event_list,imap_idex_l2a_sci-10days_20251126_v003.cdf,26,234.11167037108316,243.6573896799165,0.8658187697146081,45579.98720642661,311.0613827887153,0.00760902415973139,89.90135543673887,0.6135332993860263,1.5007937198681243e-05,,7.999952896,4,3,2025-11-30 00:02:02.824993,3.0,True,3,l2a_ion_grid_charge,1,5
imap_idex_l1b_sci-10days_20251126_v003.cdf,27,817733016008832128,2025-11-30T00:02:26.824832128,Pulser,quicklook+event_list,imap_idex_l2a_sci-10days_20251126_v003.cdf,27,310.1424487895383,323.73014777699433,1.1530058731783435,42781.90748715809,490.30761003456075,0.010983884920326108,84.38246052693903,0.967076153914321,2.1664467298473586e-05,,7.999952768,4,4,2025-11-30 00:02:02.824993,4.0,True,4,l2a_ion_grid_charge,1,5
imap_idex_l1b_sci-10days_20251126_v003.cdf,28,817733024008785024,2025-11-30T00:02:34.824785024,Pulser,quicklook+event_list,imap_idex_l2a_sci-10days_20251126_v003.cdf,28,728.5873121661934,368.95019449357846,1.4400026248758455,43326.04195464291,192154.3154892385,0.014160261617930237,85.45570405255012,379.0025946533304,2.7929510094536956e-05,,7.999952896,4,5,2025-11-30 00:02:02.824993,5.0,True,5,l2a_ion_grid_charge,1,5
imap_idex_l1b_sci-10days_20251206_v003.cdf,127,818510591908736768,2025-12-09T00:02:02.724736768,Pulser,quicklook+event_list,imap_idex_l2a_sci-10days_20251206_v003.cdf,127,78.45494893738214,81.05090263690755,0.2843555084375369,43333.81758560262,89.34545232517459,0.0013303616224245203,85.47104060276651,0.1762237718445258,2.6239874209556614e-06,,777567.899951744,5,1,2025-12-09 00:02:02.724736,1.0,True,1,l2a_ion_grid_charge,1,5
imap_idex_l1b_sci-10days_20251206_v003.cdf,128,818510599908689792,2025-12-09T00:02:10.724689792,Pulser,quicklook+event_list,imap_idex_l2a_sci-10days_20251206_v003.cdf,128,154.25505114201587,162.00539693382183,0.5760257787798689,43158.76674925504,196.93303800467027,0.004019265039765304,85.12577268097641,0.38842808284944824,7.927544457130777e-06,,7.999953024,5,2,2025-12-09 00:02:02.724736,2.0,True,2,l2a_ion_grid_charge,1,5
imap_idex_l1b_sci-10days_20251206_v003.cdf,129,818510607908622592,2025-12-09T00:02:18.724622592,Pulser,quicklook+event_list,imap_idex_l2a_sci-10days_20251206_v003.cdf,129,235.08539472124176,243.61105925714406,0.8659042907525103,45990.09240114991,310.48702770965014,0.007444216514459642,90.7102414223864,0.6124004491314599,1.4682872809585092e-05,,7.9999328,5,3,2025-12-09 00:02:02.724736,3.0,True,3,l2a_ion_grid_charge,1,5
imap_idex_l1b_sci-10days_20251206_v003.cdf,130,818510615908575360,2025-12-09T00:02:26.724575360,Pulser,quicklook+event_list,imap_idex_l2a_sci-10days_20251206_v003.cdf,130,312.5185773427911,323.65586575502124,1.1531651060540382,47163.35125820662,495.3060560302187,0.01090171693734733,93.02436145602883,0.9769350217558554,2.1502400270902034e-05,,7.999952768,5,4,2025-12-09 00:02:02.724736,4.0,True,4,l2a_ion_grid_charge,1,5
imap_idex_l1b_sci-10days_20251206_v003.cdf,131,818510623908528256,2025-12-09T00:02:34.724528256,Pulser,quicklook+event_list,imap_idex_l2a_sci-10days_20251206_v003.cdf,131,738.175221448786,369.0260281826407,1.4401150571935981,39737.08655346632,192589.13978002363,0.014299788922721504,78.37689655516039,379.8602362525121,2.8204711879135118e-05,,7.999952896,5,5,2025-12-09 00:02:02.724736,5.0,True,5,l2a_ion_grid_charge,1,5
imap_idex_l1b_sci-10days_20251216_v003.cdf,16,819201790693374208,2025-12-17T00:02:01.509374208,Pulser,quicklook+event_list,imap_idex_l2a_sci-10days_20251216_v003.cdf,16,75.17627262810129,81.08183424946384,0.28427996751785756,40639.01656312774,78.33902710573076,0.0014200352434208029,80.15585120932494,0.1545148463623881,2.800858468285607e-06,,691166.784845952,6,1,2025-12-17 00:02:01.509374,1.0,True,1,l2a_ion_grid_charge,1,5
imap_idex_l1b_sci-10days_20251216_v003.cdf,17,819201798693307008,2025-12-17T00:02:09.509307008,Pulser,quicklook+event_list,imap_idex_l2a_sci-10days_20251216_v003.cdf,17,157.2224480632649,162.18177416946492,0.5758400164791294,40512.08144312883,195.42672140375646,0.0040415008408395455,79.90548608112195,0.3854570441888688,7.97140205293796e-06,,7.9999328,6,2,2025-12-17 00:02:01.509374,2.0,True,2,l2a_ion_grid_charge,1,5
imap_idex_l1b_sci-10days_20251216_v003.cdf,18,819201806693259776,2025-12-17T00:02:17.509259776,Pulser,quicklook+event_list,imap_idex_l2a_sci-10days_20251216_v003.cdf,18,232.57635578361442,243.79072154763662,0.8660316308009344,40114.275333503436,309.8552826387698,0.007425789795081159,79.12085864596338,0.6111544036267649,1.464652819542635e-05,,7.999952768,6,3,2025-12-17 00:02:01.509374,3.0,True,3,l2a_ion_grid_charge,1,5
imap_idex_l1b_sci-10days_20251216_v003.cdf,19,819201814693212800,2025-12-17T00:02:25.509212800,Pulser,quicklook+event_list,imap_idex_l2a_sci-10days_20251216_v003.cdf,19,309.5206161814094,323.9358013148367,1.153668120656189,46088.000870197066,475.20383571890795,0.01084097231475525,90.90335477356423,0.9372856720294043,2.138258839202219e-05,,7.999953024,6,4,2025-12-17 00:02:01.509374,4.0,True,4,l2a_ion_grid_charge,1,5
imap_idex_l1b_sci-10days_20251216_v003.cdf,20,819201822693165568,2025-12-17T00:02:33.509165568,Pulser,quicklook+event_list,imap_idex_l2a_sci-10days_20251216_v003.cdf,20,735.8679086467237,369.01919592621914,1.440214717013626,40646.24942883088,191434.73248375123,0.013998807759875114,80.17011721662895,377.5832987845192,2.7611060670365118e-05,,7.999952768,6,5,2025-12-17 00:02:01.509374,5.0,True,5,l2a_ion_grid_charge,1,5
imap_idex_l1b_sci-10days_20251216_v003.cdf,151,819892990237533184,2025-12-25T00:02:01.053533184,Pulser,quicklook+event_list,imap_idex_l2a_sci-10days_20251216_v003.cdf,151,77.9668679875831,81.09309093247441,0.2843032097982916,40947.523447733416,86.47212044067295,0.0013131778465065229,80.76434605075625,0.17055645057331945,2.5900943718077374e-06,,691167.544367616,7,1,2025-12-25 00:02:01.053533,1.0,True,1,l2a_ion_grid_charge,1,5
imap_idex_l1b_sci-10days_20251216_v003.cdf,152,819892998237486080,2025-12-25T00:02:09.053486080,Pulser,quicklook+event_list,imap_idex_l2a_sci-10days_20251216_v003.cdf,152,154.87802322384232,162.1347166280653,0.575935757741763,41550.35011987804,202.98940646473636,0.004176260664418921,81.95335329364505,0.40037358277068313,8.237200521536334e-06,,7.999952896,7,2,2025-12-25 00:02:01.053533,2.0,True,2,l2a_ion_grid_charge,1,5
imap_idex_l1b_sci-10days_20251216_v003.cdf,153,819893006237438976,2025-12-25T00:02:17.053438976,Pulser,quicklook+event_list,imap_idex_l2a_sci-10days_20251216_v003.cdf,153,233.907167907455,243.68027751531446,0.8661878503617404,44301.593159580945,305.81060899007554,0.007644361266223174,87.37986816485393,0.6031767435701687,1.507763563357628e-05,,7.999952896,7,3,2025-12-25 00:02:01.053533,3.0,True,3,l2a_ion_grid_charge,1,5
imap_idex_l1b_sci-10days_20251216_v003.cdf,154,819893014237371776,2025-12-25T00:02:25.053371776,Pulser,quicklook+event_list,imap_idex_l2a_sci-10days_20251216_v003.cdf,154,310.0652272543193,323.75826659735685,1.1536132362524236,43573.20662811832,476.1271055406243,0.011153305829830533,85.94320833948387,0.9391067170426515,2.1998630828068112e-05,,7.9999328,7,4,2025-12-25 00:02:01.053533,4.0,True,4,l2a_ion_grid_charge,1,5
imap_idex_l1b_sci-10days_20251216_v003.cdf,155,819893022237324672,2025-12-25T00:02:33.053324672,Pulser,quicklook+event_list,imap_idex_l2a_sci-10days_20251216_v003.cdf,155,737.7403434061998,369.15347081937415,1.440324159848168,46968.03795912757,192482.83286358722,0.014425498789322143,92.63912812451197,379.6505579163456,2.8452660333968723e-05,,7.999952896,7,5,2025-12-25 00:02:01.053533,5.0,True,5,l2a_ion_grid_charge,1,5
imap_idex_l1b_sci-10days_20260101_v003.cdf,7,820584189802600448,2026-01-02T00:02:00.618600448,Pulser,quicklook+event_list,imap_idex_l2a_sci-10days_20260101_v003.cdf,7,77.49063116873731,81.01608081527166,0.2843395761219165,38287.72358367623,88.43065338198888,0.0013741165287346625,75.51819247273417,0.17441943467847904,2.7102890113109714e-06,,691167.565275776,8,1,2026-01-02 00:02:00.6186,1.0,True,1,l2a_ion_grid_charge,1,5
imap_idex_l1b_sci-10days_20260101_v003.cdf,8,820584197802553472,2026-01-02T00:02:08.618553472,Pulser,quicklook+event_list,imap_idex_l2a_sci-10days_20260101_v003.cdf,8,156.34557414676237,162.21485374039094,0.5757736294945042,42511.37781684073,209.07847133281072,0.004333861765945854,83.84887143361091,0.41238357264854186,8.548050820406025e-06,,7.999953024,8,2,2026-01-02 00:02:00.6186,2.0,True,2,l2a_ion_grid_charge,1,5
imap_idex_l1b_sci-10days_20260101_v003.cdf,9,820584205802486272,2026-01-02T00:02:16.618486272,Pulser,quicklook+event_list,imap_idex_l2a_sci-10days_20260101_v003.cdf,9,233.1838716054226,243.73423072814813,0.8662209968002805,42087.12699146862,315.3185568111353,0.007700532589300639,83.0120847957961,0.6219300923296555,1.5188427197831635e-05,,7.9999328,8,3,2026-01-02 00:02:00.6186,3.0,True,3,l2a_ion_grid_charge,1,5
imap_idex_l1b_sci-10days_20260101_v003.cdf,10,820584213802439040,2026-01-02T00:02:24.618439040,Pulser,quicklook+event_list,imap_idex_l2a_sci-10days_20260101_v003.cdf,10,309.3731103633618,323.7977779029671,1.1536898425257995,44498.79419985553,469.462300993371,0.011173843327143083,87.76882485178606,0.9259611459435325,2.2039138712313774e-05,,7.999952768,8,4,2026-01-02 00:02:00.6186,4.0,True,4,l2a_ion_grid_charge,1,5
imap_idex_l1b_sci-10days_20260101_v003.cdf,11,820584221802392064,2026-01-02T00:02:32.618392064,Pulser,quicklook+event_list,imap_idex_l2a_sci-10days_20260101_v003.cdf,11,734.7712839265187,369.1296647956918,1.440249252070272,42480.60741253294,192811.6798282867,0.014677525035072445,83.78818030085392,380.2991712589481,2.894975352085295e-05,,7.999953024,8,5,2026-01-02 00:02:00.6186,5.0,True,5,l2a_ion_grid_charge,1,5
imap_idex_l1b_sci-10days_20260110_v003.cdf,13,821620989087750784,2026-01-14T00:01:59.903750784,Pulser,quicklook+event_list,imap_idex_l2a_sci-10days_20260110_v003.cdf,13,74.73370154925578,81.0724989531061,0.28398930904063047,39498.09046114575,91.11010055920394,0.0011459244521617171,77.90550386813757,0.17970434035345945,2.2602060200428347e-06,,1036767.28535872,9,1,2026-01-14 00:01:59.90375,1.0,True,1,l2a_ion_grid_charge,1,5
imap_idex_l1b_sci-10days_20260110_v003.cdf,14,821620997087703680,2026-01-14T00:02:07.903703680,Pulser,quicklook+event_list,imap_idex_l2a_sci-10days_20260110_v003.cdf,14,156.3637555293608,162.19786194236707,0.5751012486774804,42815.74908382801,213.3549510991079,0.0035350623394448167,84.44920923831954,0.4208184439824613,6.972509545256049e-06,,7.999952896,9,2,2026-01-14 00:01:59.90375,2.0,True,2,l2a_ion_grid_charge,1,5
imap_idex_l1b_sci-10days_20260110_v003.cdf,15,821621005087636480,2026-01-14T00:02:15.903636480,Pulser,quicklook+event_list,imap_idex_l2a_sci-10days_20260110_v003.cdf,15,234.94302923589203,243.75958305668814,0.8653259180345863,41497.94203167057,346.6217148750695,0.0068990854425841994,81.84998428337391,0.6836720214498412,1.360766359484063e-05,,7.9999328,9,3,2026-01-14 00:01:59.90375,3.0,True,3,l2a_ion_grid_charge,1,5
imap_idex_l1b_sci-10days_20260110_v003.cdf,16,821621013087589376,2026-01-14T00:02:23.903589376,Pulser,quicklook+event_list,imap_idex_l2a_sci-10days_20260110_v003.cdf,16,311.2744619135883,323.74654233298355,1.1528851079260505,46000.12252686528,544.9975690091202,0.010640671612025967,90.73002470782106,1.0749458954814994,2.0987517972437807e-05,,7.999952896,9,4,2026-01-14 00:01:59.90375,4.0,True,4,l2a_ion_grid_charge,1,5
imap_idex_l1b_sci-10days_20260110_v003.cdf,17,821621021087542272,2026-01-14T00:02:31.903542272,Pulser,quicklook+event_list,imap_idex_l2a_sci-10days_20260110_v003.cdf,17,737.0207268282829,369.01561275551734,1.439423384645627,41403.062243083565,192873.63872052304,0.014307212085283136,81.66284466091433,380.4213781469883,2.8219353225410525e-05,,7.999952896,9,5,2026-01-14 00:01:59.90375,5.0,True,5,l2a_ion_grid_charge,1,5
imap_idex_l1b_sci-10days_20260120_v003.cdf,327,822312187976789888,2026-01-22T00:01:58.792789888,Pulser,quicklook+event_list,imap_idex_l2a_sci-10days_20260120_v003.cdf,327,78.57737972322502,81.04940473234825,0.2844686228833857,42548.057253824896,85.03002567140123,0.0013321902113534404,83.92121746316548,0.1677120821921129,2.62759410523361e-06,,691166.889247616,10,1,2026-01-22 00:01:58.792789,1.0,True,1,l2a_ion_grid_charge,1,5
imap_idex_l1b_sci-10days_20260120_v003.cdf,328,822312195976722816,2026-01-22T00:02:06.792722816,Pulser,quicklook+event_list,imap_idex_l2a_sci-10days_20260120_v003.cdf,328,157.03877372312127,162.18652405587227,0.5756391980625115,44775.10083875223,217.2447712677623,0.003972196174949932,88.31380836045805,0.4284906731119572,7.834706459467321e-06,,7.999932928,10,2,2026-01-22 00:01:58.792789,2.0,True,2,l2a_ion_grid_charge,1,5
imap_idex_l1b_sci-10days_20260120_v003.cdf,329,822312203976675712,2026-01-22T00:02:14.792675712,Pulser,quicklook+event_list,imap_idex_l2a_sci-10days_20260120_v003.cdf,329,233.65062496231621,243.68292071951004,0.8658144622324172,41635.84727248769,337.07218796211384,0.0074867405519061766,82.12198673074495,0.6648366626471673,1.4766746650702517e-05,,7.999952896,10,3,2026-01-22 00:01:58.792789,3.0,True,3,l2a_ion_grid_charge,1,5
imap_idex_l1b_sci-10days_20260120_v003.cdf,330,822312211976628608,2026-01-22T00:02:22.792628608,Pulser,quicklook+event_list,imap_idex_l2a_sci-10days_20260120_v003.cdf,330,312.0309484175523,323.7619230516022,1.1533762101329625,43412.961963061345,522.0008990653175,0.011209170938801721,85.6271439113636,1.0295875721209418,2.210881841972726e-05,,7.999952896,10,4,2026-01-22 00:01:58.792789,4.0,True,4,l2a_ion_grid_charge,1,5
imap_idex_l1b_sci-10days_20260120_v003.cdf,331,822312219976581632,2026-01-22T00:02:30.792581632,Pulser,quicklook+event_list,imap_idex_l2a_sci-10days_20260120_v003.cdf,331,736.3104929030233,369.0959011439134,1.4396417369581733,43018.19529438729,193013.90283905543,0.014432194493778975,84.84851142877177,380.6980332131271,2.846586685163506e-05,,7.999953024,10,5,2026-01-22 00:01:58.792789,5.0,True,5,l2a_ion_grid_charge,1,5
imap_idex_l1b_sci-10days_20260130_v003.cdf,1,823003387866793472,2026-01-30T00:01:58.682793472,Pulser,quicklook+event_list,imap_idex_l2a_sci-10days_20260130_v003.cdf,1,77.09973908954271,81.11212933374571,0.2843367959757812,42507.28308784478,92.99778076999786,0.0013869421529013515,83.84079504505874,0.1834275754832305,2.735586100397143e-06,,691167.89021184,11,1,2026-01-30 00:01:58.682793,1.0,True,1,l2a_ion_grid_charge,1,5
imap_idex_l1b_sci-10days_20260130_v003.cdf,2,823003395866726528,2026-01-30T00:02:06.682726528,Pulser,quicklook+event_list,imap_idex_l2a_sci-10days_20260130_v003.cdf,2,151.73406787770364,162.01669548604713,0.5756767796393448,46459.30875113577,210.75312908857103,0.004111167080849432,91.63571745786149,0.4156866451451105,8.108810810353908e-06,,7.999933056,11,2,2026-01-30 00:01:58.682793,2.0,True,2,l2a_ion_grid_charge,1,5
imap_idex_l1b_sci-10days_20260130_v003.cdf,3,823003403866679424,2026-01-30T00:02:14.682679424,Pulser,quicklook+event_list,imap_idex_l2a_sci-10days_20260130_v003.cdf,3,230.48067029128288,243.74172962328515,0.866034239140122,42122.31760114753,335.2857710595696,0.007545630532525161,83.08149428234226,0.6613131579084213,1.4882900458629509e-05,,7.999952896,11,3,2026-01-30 00:01:58.682793,3.0,True,3,l2a_ion_grid_charge,1,5
imap_idex_l1b_sci-10days_20260130_v003.cdf,4,823003411866632320,2026-01-30T00:02:22.682632320,Pulser,quicklook+event_list,imap_idex_l2a_sci-10days_20260130_v003.cdf,4,309.5118943282032,323.77786430450857,1.1532812149774623,41799.022231600495,502.5926224321223,0.011179821759740994,82.44383083155915,0.9913069475978744,2.2050930492585788e-05,,7.999952896,11,4,2026-01-30 00:01:58.682793,4.0,True,4,l2a_ion_grid_charge,1,5
imap_idex_l1b_sci-10days_20260130_v003.cdf,5,823003419866585088,2026-01-30T00:02:30.682585088,Pulser,quicklook+event_list,imap_idex_l2a_sci-10days_20260130_v003.cdf,5,735.0099497797019,369.18235968606564,1.440054797762758,39623.37043542958,193316.05054384447,0.014818530849420667,78.15260440913131,381.2939852935788,2.922787149787114e-05,,7.999952768,11,5,2026-01-30 00:01:58.682793,5.0,True,5,l2a_ion_grid_charge,1,5
imap_idex_l1b_sci-10days_20260130_v003.cdf,18,823694586490063232,2026-02-07T00:01:57.306063232,Pulser,quicklook+event_list,imap_idex_l2a_sci-10days_20260130_v003.cdf,18,76.91988197903993,81.02693098291724,0.28412971287077493,43012.01537059543,90.29734625711592,0.0013363639044487714,84.83632222997126,0.1781012746688677,2.6358262415163145e-06,,691166.623478144,12,1,2026-02-07 00:01:57.306063,1.0,True,1,l2a_ion_grid_charge,1,5
imap_idex_l1b_sci-10days_20260130_v003.cdf,19,823694594490016128,2026-02-07T00:02:05.306016128,Pulser,quicklook+event_list,imap_idex_l2a_sci-10days_20260130_v003.cdf,19,153.7950057200178,162.1846801381065,0.5758433393615735,43021.14111812416,203.39602568166998,0.004205851662161192,84.85432173200032,0.40117559306049305,8.295565408601956e-06,,7.999952896,12,2,2026-02-07 00:01:57.306063,2.0,True,2,l2a_ion_grid_charge,1,5
imap_idex_l1b_sci-10days_20260130_v003.cdf,20,823694602489949056,2026-02-07T00:02:13.305949056,Pulser,quicklook+event_list,imap_idex_l2a_sci-10days_20260130_v003.cdf,20,231.02467757086197,243.68101801587812,0.8659125375533527,45572.84037306867,316.83961946456094,0.007662536776854093,89.88725911847864,0.6249302159064318,1.5113484766970598e-05,,7.999932928,12,3,2026-02-07 00:01:57.306063,3.0,True,3,l2a_ion_grid_charge,1,5
imap_idex_l1b_sci-10days_20260130_v003.cdf,21,823694610489902080,2026-02-07T00:02:21.305902080,Pulser,quicklook+event_list,imap_idex_l2a_sci-10days_20260130_v003.cdf,21,312.0839065300934,323.76719463383375,1.1534711329215255,41878.53879425325,493.5251001715582,0.0112681840551243,82.60066823324112,0.973422288306821,2.2225215098864496e-05,,7.999953024,12,4,2026-02-07 00:01:57.306063,4.0,True,4,l2a_ion_grid_charge,1,5
imap_idex_l1b_sci-10days_20260130_v003.cdf,22,823694618489854976,2026-02-07T00:02:29.305854976,Pulser,quicklook+event_list,imap_idex_l2a_sci-10days_20260130_v003.cdf,22,739.2905070846646,369.2156236031723,1.4402588547271435,41685.287196360776,193759.79792763552,0.014838434713193715,82.21950137349265,382.16922668172685,2.9267129611821922e-05,,7.999952896,12,5,2026-02-07 00:01:57.306063,5.0,True,5,l2a_ion_grid_charge,1,5
imap_idex_l1b_sci-10days_20260209_v003.cdf,6,824385786186557184,2026-02-15T00:01:57.002557184,Pulser,quicklook+event_list,imap_idex_l2a_sci-10days_20260209_v003.cdf,6,79.72827930366475,81.15875165897756,0.2842984579565888,43168.176054328345,91.98891551547332,0.0013954005600088227,85.14433146810325,0.18143770318633792,2.7522693491298277e-06,,691167.696702208,13,1,2026-02-15 00:01:57.002557,1.0,True,1,l2a_ion_grid_charge,1,5
imap_idex_l1b_sci-10days_20260209_v003.cdf,7,824385794186510080,2026-02-15T00:02:05.002510080,Pulser,quicklook+event_list,imap_idex_l2a_sci-10days_20260209_v003.cdf,7,152.19978040621572,162.15576439253607,0.5757543760627144,44151.65558004644,205.40287392673943,0.004211117759628742,87.0841332939772,0.4051338736227602,8.305952188616848e-06,,7.999952896,13,2,2026-02-15 00:01:57.002557,2.0,True,2,l2a_ion_grid_charge,1,5
imap_idex_l1b_sci-10days_20260209_v003.cdf,8,824385802186462976,2026-02-15T00:02:13.002462976,Pulser,quicklook+event_list,imap_idex_l2a_sci-10days_20260209_v003.cdf,8,234.21481204688826,243.69398167264222,0.8660757746767453,39386.21460496846,343.2834416613791,0.007828821250734867,77.68484142991807,0.6770876561368423,1.5441462033007628e-05,,7.999952896,13,3,2026-02-15 00:01:57.002557,3.0,True,3,l2a_ion_grid_charge,1,5
imap_idex_l1b_sci-10days_20260209_v003.cdf,9,824385810186415872,2026-02-15T00:02:21.002415872,Pulser,quicklook+event_list,imap_idex_l2a_sci-10days_20260209_v003.cdf,9,308.9076867670083,323.63801715784126,1.1534625078582492,40671.59682306509,517.9957582536008,0.011606933506168605,80.22011207705147,1.0216878861017766,2.2893359972719143e-05,,7.999952896,13,4,2026-02-15 00:01:57.002557,4.0,True,4,l2a_ion_grid_charge,1,5
imap_idex_l1b_sci-10days_20260209_v003.cdf,10,824385818186368896,2026-02-15T00:02:29.002368896,Pulser,quicklook+event_list,imap_idex_l2a_sci-10days_20260209_v003.cdf,10,730.6137202167556,369.27697138578077,1.4399682530373723,39929.985390927606,194279.70824461884,0.01491209498209629,78.75736763496569,383.1946908177886,2.9412416138256984e-05,,7.999953024,13,5,2026-02-15 00:01:57.002557,5.0,True,5,l2a_ion_grid_charge,1,5
imap_idex_l1b_sci-10days_20260219_v003.cdf,4,825076986061617792,2026-02-23T00:01:56.877617792,Pulser,quicklook+event_list,imap_idex_l2a_sci-10days_20260219_v003.cdf,4,76.38413105134532,81.05812244427011,0.28426267051783727,47513.87977910792,88.56741733777744,0.0013692561726277846,93.71573920928584,0.17468918607056694,2.7007025101139736e-06,,691167.875248896,14,1,2026-02-23 00:01:56.877617,1.0,True,1,l2a_ion_grid_charge,1,5
imap_idex_l1b_sci-10days_20260219_v003.cdf,5,825076994061570816,2026-02-23T00:02:04.877570816,Pulser,quicklook+event_list,imap_idex_l2a_sci-10days_20260219_v003.cdf,5,157.71769498103458,162.2085564061614,0.5757557867201207,41730.5217841021,221.57584948822057,0.004226639730871077,82.30872146765701,0.4370332337045771,8.336567516511e-06,,7.999953024,14,2,2026-02-23 00:01:56.877617,2.0,True,2,l2a_ion_grid_charge,1,5
imap_idex_l1b_sci-10days_20260219_v003.cdf,6,825077002061523712,2026-02-23T00:02:12.877523712,Pulser,quicklook+event_list,imap_idex_l2a_sci-10days_20260219_v003.cdf,6,231.42629062692868,243.7906614475558,0.8660449952099285,41462.959566847014,335.71242781745167,0.007689124068850287,81.78098533894874,0.6621546899752498,1.5165925185109047e-05,,7.999952896,14,3,2026-02-23 00:01:56.877617,3.0,True,3,l2a_ion_grid_charge,1,5
imap_idex_l1b_sci-10days_20260219_v003.cdf,7,825077010061476736,2026-02-23T00:02:20.877476736,Pulser,quicklook+event_list,imap_idex_l2a_sci-10days_20260219_v003.cdf,7,310.2069123234178,323.90827364660055,1.1535408074316844,46248.64520051155,495.81283518361107,0.01139656369012744,91.220207496078,0.9779345861609686,2.2478429369087652e-05,,7.999953024,14,4,2026-02-23 00:01:56.877617,4.0,True,4,l2a_ion_grid_charge,1,5
imap_idex_l1b_sci-10days_20260219_v003.cdf,8,825077018061409536,2026-02-23T00:02:28.877409536,Pulser,quicklook+event_list,imap_idex_l2a_sci-10days_20260219_v003.cdf,8,740.5238840675374,369.2902208137776,1.4402524971321475,42566.45722272237,193387.34739136155,0.015011882042798656,83.95750931503426,381.43461023937186,2.960923479841944e-05,,7.9999328,14,5,2026-02-23 00:01:56.877617,5.0,True,5,l2a_ion_grid_charge,1,5
imap_idex_l1b_sci-10days_20260301_v003.cdf,4,825768184649457536,2026-03-03T00:01:55.465457536,Pulser,quicklook+event_list,imap_idex_l2a_sci-10days_20260301_v003.cdf,4,78.25397669155063,81.00349445911274,0.2843665798382453,41093.77063558948,86.01273780906295,0.0014323241771517041,81.0528020425828,0.16965037043207684,2.825096996354446e-06,,691166.588048,15,1,2026-03-03 00:01:55.465457,1.0,True,1,l2a_ion_grid_charge,1,5
imap_idex_l1b_sci-10days_20260301_v003.cdf,5,825768192649410560,2026-03-03T00:02:03.465410560,Pulser,quicklook+event_list,imap_idex_l2a_sci-10days_20260301_v003.cdf,5,156.44599144877066,162.18373357403726,0.5758120821412591,43469.013134415065,202.80720534604708,0.004239612217008148,85.73769848997054,0.4000142117279035,8.362154274177806e-06,,7.999953024,15,2,2026-03-03 00:01:55.465457,2.0,True,2,l2a_ion_grid_charge,1,5
imap_idex_l1b_sci-10days_20260301_v003.cdf,6,825768200649363456,2026-03-03T00:02:11.465363456,Pulser,quicklook+event_list,imap_idex_l2a_sci-10days_20260301_v003.cdf,6,230.70234310012165,243.7440618151889,0.866289033438847,40064.573166168324,323.6793669176203,0.007731490533457143,79.02282675772845,0.6384208420465884,1.5249488231670893e-05,,7.999952896,15,3,2026-03-03 00:01:55.465457,3.0,True,3,l2a_ion_grid_charge,1,5
imap_idex_l1b_sci-10days_20260301_v003.cdf,7,825768208649316608,2026-03-03T00:02:19.465316608,Pulser,quicklook+event_list,imap_idex_l2a_sci-10days_20260301_v003.cdf,7,312.0432866499359,323.7935486845375,1.153801696696498,39042.244732869134,506.2470323817581,0.011630226440957875,77.00639986759198,0.9985148567687537,2.2939302644887326e-05,,7.999953152,15,4,2026-03-03 00:01:55.465457,4.0,True,4,l2a_ion_grid_charge,1,5
imap_idex_l1b_sci-10days_20260301_v003.cdf,8,825768216649249536,2026-03-03T00:02:27.465249536,Pulser,quicklook+event_list,imap_idex_l2a_sci-10days_20260301_v003.cdf,8,734.864327391042,369.32152756434056,1.4403892679158101,40833.40517308085,193869.47416498486,0.01491432894617121,80.53926069641193,382.38555062127193,2.9416822379035917e-05,,7.999932928,15,5,2026-03-03 00:01:55.465457,5.0,True,5,l2a_ion_grid_charge,1,5
imap_idex_l1b_sci-10days_20260311_v003.cdf,1,826459384130306304,2026-03-11T00:01:54.946306304,Pulser,quicklook+event_list,imap_idex_l2a_sci-10days_20260311_v003.cdf,1,76.43798838208386,81.12554618288141,0.28437028713695023,37067.42599243963,80.82667796107883,0.0014018811911158274,73.11129387068961,0.15942145554453419,2.7650516590055765e-06,,691167.481056768,16,1,2026-03-11 00:01:54.946306,1.0,True,1,l2a_ion_grid_charge,1,5
imap_idex_l1b_sci-10days_20260311_v003.cdf,2,826459392130239360,2026-03-11T00:02:02.946239360,Pulser,quicklook+event_list,imap_idex_l2a_sci-10days_20260311_v003.cdf,2,154.14641521580415,162.24991869651006,0.5758468837245946,44283.1091824233,214.2643655050234,0.00419561866000901,87.34341061621953,0.422612160759415,8.275381972404359e-06,,7.999933056,16,2,2026-03-11 00:01:54.946306,2.0,True,2,l2a_ion_grid_charge,1,5
imap_idex_l1b_sci-10days_20260311_v003.cdf,3,826459400130192384,2026-03-11T00:02:10.946192384,Pulser,quicklook+event_list,imap_idex_l2a_sci-10days_20260311_v003.cdf,3,236.2835830163349,243.82470854744747,0.8659517082984997,42455.3598062845,321.23895959903797,0.007746612858934787,83.73838226091617,0.6336074153827179,1.5279315303618908e-05,,7.999953024,16,3,2026-03-11 00:01:54.946306,3.0,True,3,l2a_ion_grid_charge,1,5
imap_idex_l1b_sci-10days_20260311_v003.cdf,4,826459408130145280,2026-03-11T00:02:18.946145280,Pulser,quicklook+event_list,imap_idex_l2a_sci-10days_20260311_v003.cdf,4,310.03285372336904,323.87223543303656,1.1536602970286942,43020.65742253058,484.5039720496792,0.011445507429516876,84.85336769729898,0.9556291361926611,2.2574965344214746e-05,,7.999952896,16,4,2026-03-11 00:01:54.946306,4.0,True,4,l2a_ion_grid_charge,1,5
imap_idex_l1b_sci-10days_20260311_v003.cdf,5,826459416130078464,2026-03-11T00:02:26.946078464,Pulser,quicklook+event_list,imap_idex_l2a_sci-10days_20260311_v003.cdf,5,732.5150233264612,369.3530034895809,1.4402657956043279,44419.11631487117,194101.7572909864,0.014945424327899512,87.61166926010092,382.8437027435629,2.9478154492898446e-05,,7.999933184,16,5,2026-03-11 00:01:54.946306,5.0,True,5,l2a_ion_grid_charge,1,5
imap_idex_l1b_sci-10days_20260311_v003.cdf,17,827150584101265792,2026-03-19T00:01:54.917265792,Pulser,quicklook+event_list,imap_idex_l2a_sci-10days_20260311_v003.cdf,17,79.16844847435277,81.05276716536014,0.2844560172484092,40800.71800385769,91.18614583585577,0.0014062812156496662,80.47478896224396,0.17985433103719087,2.7737302083819844e-06,,691167.971187328,17,1,2026-03-19 00:01:54.917265,1.0,True,1,l2a_ion_grid_charge,1,5
imap_idex_l1b_sci-10days_20260311_v003.cdf,18,827150592101218816,2026-03-19T00:02:02.917218816,Pulser,quicklook+event_list,imap_idex_l2a_sci-10days_20260311_v003.cdf,18,151.71247656602281,162.19893710370985,0.5757859183617233,41208.01393457509,204.9706734468916,0.004266228221038644,81.27813399324475,0.4042814071930801,8.414651323547623e-06,,7.999953024,17,2,2026-03-19 00:01:54.917265,2.0,True,2,l2a_ion_grid_charge,1,5
imap_idex_l1b_sci-10days_20260311_v003.cdf,19,827150600101171840,2026-03-19T00:02:10.917171840,Pulser,quicklook+event_list,imap_idex_l2a_sci-10days_20260311_v003.cdf,19,231.59103128176503,243.75066281037573,0.8661797182001921,41520.48117742514,316.92634993184106,0.007849886356634823,81.89444019216005,0.6251012819168462,1.548301056535468e-05,,7.999953024,17,3,2026-03-19 00:01:54.917265,3.0,True,3,l2a_ion_grid_charge,1,5
imap_idex_l1b_sci-10days_20260311_v003.cdf,20,827150608101104896,2026-03-19T00:02:18.917104896,Pulser,quicklook+event_list,imap_idex_l2a_sci-10days_20260311_v003.cdf,20,310.88591864495174,323.765417915225,1.1536077520157537,40746.27137983917,498.13218374258844,0.01163246474199474,80.36739917128041,0.9825092381510621,2.2943717439831834e-05,,7.999933056,17,4,2026-03-19 00:01:54.917265,4.0,True,4,l2a_ion_grid_charge,1,5
imap_idex_l1b_sci-10days_20260311_v003.cdf,21,827150616101057920,2026-03-19T00:02:26.917057920,Pulser,quicklook+event_list,imap_idex_l2a_sci-10days_20260311_v003.cdf,21,734.3772176608145,369.25220003729186,1.4403765727596758,42345.444554280766,194501.66263831095,0.015176070629955851,83.52158689207252,383.63247068700383,2.9933078165593396e-05,,7.999953024,17,5,2026-03-19 00:01:54.917265,5.0,True,5,l2a_ion_grid_charge,1,5
imap_idex_l1b_sci-10days_20260321_v016.cdf,21,827841782827047424,2026-03-27T00:01:53.643047424,Pulser,quicklook+event_list,imap_idex_l2a_sci-10days_20260321_v016.cdf,21,77.06290888329022,81.08973136969286,0.2844846999445583,42700.66175863307,90.76389298654432,0.0013629815694558502,84.22221254168258,0.1790214851805608,2.6883265669740635e-06,,691166.725989504,18,1,2026-03-27 00:01:53.643047,1.0,True,1,l2a_ion_grid_charge,1,5
imap_idex_l1b_sci-10days_20260321_v016.cdf,22,827841790827000448,2026-03-27T00:02:01.643000448,Pulser,quicklook+event_list,imap_idex_l2a_sci-10days_20260321_v016.cdf,22,151.2726554928231,162.20696674551237,0.5756370758849402,48257.20557657827,209.88718447720868,0.0041271592028539455,95.18186504256069,0.41397866760790664,8.140353457305613e-06,,7.999953024,18,2,2026-03-27 00:01:53.643047,2.0,True,2,l2a_ion_grid_charge,1,5
imap_idex_l1b_sci-10days_20260321_v016.cdf,23,827841798826933376,2026-03-27T00:02:09.642933376,Pulser,quicklook+event_list,imap_idex_l2a_sci-10days_20260321_v016.cdf,23,232.26934821455143,243.78747955870176,0.8659256540091838,39538.35930235834,339.8452473332224,0.007876860979980265,77.98492959045038,0.6703062077578351,1.553621495065141e-05,,7.999932928,18,3,2026-03-27 00:01:53.643047,3.0,True,3,l2a_ion_grid_charge,1,5
imap_idex_l1b_sci-10days_20260321_v016.cdf,24,827841806826886528,2026-03-27T00:02:17.642886528,Pulser,quicklook+event_list,imap_idex_l2a_sci-10days_20260321_v016.cdf,24,308.6979904661239,323.8674522770291,1.1532866120782364,43682.184303934686,522.5486735356405,0.011482354374828311,86.15815444563054,1.0306679951393305,2.264764176494736e-05,,7.999953152,18,4,2026-03-27 00:01:53.643047,4.0,True,4,l2a_ion_grid_charge,1,5
imap_idex_l1b_sci-10days_20260321_v016.cdf,25,827841814826839552,2026-03-27T00:02:25.642839552,Pulser,quicklook+event_list,imap_idex_l2a_sci-10days_20260321_v016.cdf,25,739.6441668434818,369.3857331164884,1.440309280574077,39299.75158242052,193955.89347234677,0.015056695671414787,77.51430292390634,382.55600290403703,2.9697624598451255e-05,,7.999953024,18,5,2026-03-27 00:01:53.643047,5.0,True,5,l2a_ion_grid_charge,1,5
imap_idex_l1b_sci-10days_20260331_v016.cdf,263,828532990256735360,2026-04-04T00:02:01.072735360,Pulser,quicklook+event_list,imap_idex_l2a_sci-10days_20260331_v016.cdf,263,154.49166319146752,162.22068057482346,0.5760510969468886,39612.40494268539,196.93117004865837,0.004349548361358945,78.13097621831437,0.3884243985180639,8.578990850806599e-06,,691175.429895808,19,1,2026-04-04 00:02:01.072735,2.0,True,2,l2a_ion_grid_charge,1,4
imap_idex_l1b_sci-10days_20260331_v016.cdf,264,828532998256668288,2026-04-04T00:02:09.072668288,Pulser,quicklook+event_list,imap_idex_l2a_sci-10days_20260331_v016.cdf,264,235.84428238406326,243.69608925217307,0.8663089466951142,40525.6967405828,324.53853112786874,0.008061204475267899,79.93234071120868,0.6401154460115754,1.58998115882996e-05,,7.999932928,19,2,2026-04-04 00:02:01.072735,3.0,True,3,l2a_ion_grid_charge,1,4
imap_idex_l1b_sci-10days_20260331_v016.cdf,265,828533006256621440,2026-04-04T00:02:17.072621440,Pulser,quicklook+event_list,imap_idex_l2a_sci-10days_20260331_v016.cdf,265,310.3945373285387,323.78173609567585,1.1535003711391818,46527.07431940372,495.2414668375482,0.011659634793382813,91.76937735582588,0.9768076268985172,2.2997307284778725e-05,,7.999953152,19,3,2026-04-04 00:02:01.072735,4.0,True,4,l2a_ion_grid_charge,1,4
imap_idex_l1b_sci-10days_20260331_v016.cdf,266,828533014256574464,2026-04-04T00:02:25.072574464,Pulser,quicklook+event_list,imap_idex_l2a_sci-10days_20260331_v016.cdf,266,737.0961855035202,369.3568061032878,1.440003890608598,40409.8230637132,194720.32988284278,0.015251418484042408,79.70379302507534,384.0637670273033,3.0081693262411062e-05,,7.999953024,19,4,2026-04-04 00:02:01.072735,5.0,True,5,l2a_ion_grid_charge,1,4
imap_idex_l1b_sci-10days_20260410_v016.cdf,2,829224181712525184,2026-04-12T00:01:52.528525184,Pulser,quicklook+event_list,imap_idex_l2a_sci-10days_20260410_v016.cdf,2,77.20421005065873,81.13515601905294,0.28444310867778966,37836.69794168913,90.3360359785435,0.0014497596319575335,74.62859554573794,0.17817758575649606,2.859486453565155e-06,,691167.45595072,20,1,2026-04-12 00:01:52.528525,1.0,True,1,l2a_ion_grid_charge,1,4
imap_idex_l1b_sci-10days_20260410_v016.cdf,3,829224189712478208,2026-04-12T00:02:00.528478208,Pulser,quicklook+event_list,imap_idex_l2a_sci-10days_20260410_v016.cdf,3,154.8591573166159,162.25471943880706,0.5758336563724678,48015.384318674405,231.31536791037524,0.00429852052317023,94.70490003683315,0.4562433292117855,8.478344227160218e-06,,7.999953024,20,2,2026-04-12 00:01:52.528525,2.0,True,2,l2a_ion_grid_charge,1,4
imap_idex_l1b_sci-10days_20260410_v016.cdf,4,829224197712431232,2026-04-12T00:02:08.528431232,Pulser,quicklook+event_list,imap_idex_l2a_sci-10days_20260410_v016.cdf,4,232.9628793805241,243.8185026152085,0.8657909652172794,40196.6510056853,352.2891383950735,0.007819788656518696,79.28333531693353,0.6948503715879162,1.5423646265322874e-05,,7.999953024,20,3,2026-04-12 00:01:52.528525,3.0,True,3,l2a_ion_grid_charge,1,4
imap_idex_l1b_sci-10days_20260410_v016.cdf,6,829224213712317184,2026-04-12T00:02:24.528317184,Pulser,quicklook+event_list,imap_idex_l2a_sci-10days_20260410_v016.cdf,6,733.5635087309929,369.46077074334437,1.4405276169917896,42394.57359076667,194739.0253606374,0.01505565823355172,83.61848834470743,384.1006417369574,2.9695578369924496e-05,,15.999885952,20,4,2026-04-12 00:01:52.528525,5.0,True,5,l2a_ion_grid_charge,1,4
imap_idex_l1b_sci-10days_20260420_v016.cdf,1,829915381080787840,2026-04-20T00:01:51.896787840,Pulser,quicklook+event_list,imap_idex_l2a_sci-10days_20260420_v016.cdf,1,75.16803928902664,81.14392133136442,0.28445915099122243,45536.03763536723,87.73768595149646,0.0013625096729032386,89.81466989224306,0.17305263501281354,2.687395804542877e-06,,691167.368470656,21,1,2026-04-20 00:01:51.896787,1.0,True,1,l2a_ion_grid_charge,1,5
imap_idex_l1b_sci-10days_20260420_v016.cdf,2,829915389080720768,2026-04-20T00:01:59.896720768,Pulser,quicklook+event_list,imap_idex_l2a_sci-10days_20260420_v016.cdf,2,155.20565207840264,162.15533524519606,0.5759136334951082,41800.72344781598,198.1626066133137,0.004212117085419534,82.44718628760549,0.39085326748188104,8.30792324540342e-06,,7.999932928,21,2,2026-04-20 00:01:51.896787,2.0,True,2,l2a_ion_grid_charge,1,5
imap_idex_l1b_sci-10days_20260420_v016.cdf,3,829915397080673792,2026-04-20T00:02:07.896673792,Pulser,quicklook+event_list,imap_idex_l2a_sci-10days_20260420_v016.cdf,3,229.02450504933586,243.79229526855562,0.8661541499569322,40181.07503284735,327.4133151838694,0.007892353969269286,79.25261347701647,0.6457856315263696,1.5566773114929558e-05,,7.999953024,21,3,2026-04-20 00:01:51.896787,3.0,True,3,l2a_ion_grid_charge,1,5
imap_idex_l1b_sci-10days_20260420_v016.cdf,4,829915405080626944,2026-04-20T00:02:15.896626944,Pulser,quicklook+event_list,imap_idex_l2a_sci-10days_20260420_v016.cdf,4,313.2794078022962,323.82958362922676,1.153806841820591,47862.60600658137,496.2605905095341,0.011732744389390756,94.40356214315852,0.9788177327604223,2.314150767138216e-05,,7.999953152,21,4,2026-04-20 00:01:51.896787,4.0,True,4,l2a_ion_grid_charge,1,5
imap_idex_l1b_sci-10days_20260420_v016.cdf,5,829915413080560000,2026-04-20T00:02:23.896560000,Pulser,quicklook+event_list,imap_idex_l2a_sci-10days_20260420_v016.cdf,5,739.7802322923308,369.44522590331627,1.4404558031505095,46742.998872575416,195038.71746597197,0.015356082309164455,92.19526404847223,384.6917504259802,3.0288130787306615e-05,,7.999933056,21,5,2026-04-20 00:01:51.896787,5.0,True,5,l2a_ion_grid_charge,1,5
imap_idex_l1b_sci-10days_20260420_v016.cdf,20,830606580675586176,2026-04-28T00:01:51.491586176,Pulser,quicklook+event_list,imap_idex_l2a_sci-10days_20260420_v016.cdf,20,76.57006668236863,81.13140371400493,0.2843666323133158,39891.499989810734,87.67416347953271,0.00131696072178136,78.68145954597777,0.17292734414109015,2.5975556642630376e-06,,691167.595026176,22,1,2026-04-28 00:01:51.491586,1.0,True,1,l2a_ion_grid_charge,1,5
imap_idex_l1b_sci-10days_20260420_v016.cdf,21,830606588675519360,2026-04-28T00:01:59.491519360,Pulser,quicklook+event_list,imap_idex_l2a_sci-10days_20260420_v016.cdf,21,155.83752414574337,162.27937671742603,0.5758594134006055,43257.423199860816,212.67308637598188,0.0043313107318272755,85.32036134094835,0.41947354314789326,8.543019194925593e-06,,7.999933184,22,2,2026-04-28 00:01:51.491586,2.0,True,2,l2a_ion_grid_charge,1,5
imap_idex_l1b_sci-10days_20260420_v016.cdf,22,830606596675472384,2026-04-28T00:02:07.491472384,Pulser,quicklook+event_list,imap_idex_l2a_sci-10days_20260420_v016.cdf,22,230.95896293379337,243.8433249718001,0.8663726213664491,39390.740200675275,344.93219088520067,0.008055222718453162,77.69376765419186,0.6803396269925063,1.5888013251386907e-05,,7.999953024,22,3,2026-04-28 00:01:51.491586,3.0,True,3,l2a_ion_grid_charge,1,5
imap_idex_l1b_sci-10days_20260420_v016.cdf,23,830606604675425408,2026-04-28T00:02:15.491425408,Pulser,quicklook+event_list,imap_idex_l2a_sci-10days_20260420_v016.cdf,23,311.512456153705,323.97464907659236,1.1537807697347515,42773.40889911451,512.0634667903303,0.01167182926130669,84.36569802586689,1.0099871139848724,2.3021359489756785e-05,,7.999953024,22,4,2026-04-28 00:01:51.491586,4.0,True,4,l2a_ion_grid_charge,1,5
imap_idex_l1b_sci-10days_20260420_v016.cdf,24,830606612675358592,2026-04-28T00:02:23.491358592,Pulser,quicklook+event_list,imap_idex_l2a_sci-10days_20260420_v016.cdf,24,738.0290310349519,369.44017634197394,1.4407272982666397,42968.6743152921,194740.37097105116,0.014842963059208927,84.75083691379112,384.10329580088984,2.9276061260767115e-05,,7.999933184,22,5,2026-04-28 00:01:51.491586,5.0,True,5,l2a_ion_grid_charge,1,5
imap_idex_l1b_sci-10days_20260430_v016.cdf,14,831297779974435328,2026-05-06T00:01:50.790435328,Pulser,quicklook+event_list,imap_idex_l2a_sci-10days_20260430_v016.cdf,14,77.42980199807789,81.08843290684274,0.28415802792952927,39587.40035771089,89.19805370094299,0.00147070949795256,78.08165751027789,0.1759330447750355,2.900807688269349e-06,,691167.299076736,23,1,2026-05-06 00:01:50.790435,1.0,True,1,l2a_ion_grid_charge,1,5
imap_idex_l1b_sci-10days_20260430_v016.cdf,15,831297787974388352,2026-05-06T00:01:58.790388352,Pulser,quicklook+event_list,imap_idex_l2a_sci-10days_20260430_v016.cdf,15,154.56862283320152,162.21231570115083,0.5759014255075936,44244.37855334539,217.33388059998754,0.004361598004483186,87.26701884289032,0.4286664311636835,8.60275740529228e-06,,7.999953024,23,2,2026-05-06 00:01:50.790435,2.0,True,2,l2a_ion_grid_charge,1,5
imap_idex_l1b_sci-10days_20260430_v016.cdf,16,831297795974341376,2026-05-06T00:02:06.790341376,Pulser,quicklook+event_list,imap_idex_l2a_sci-10days_20260430_v016.cdf,16,231.2118532746972,243.64903894850323,0.86601710033643,42608.67515377252,339.85810693117156,0.008013297326086608,84.04077939600103,0.6703315718563542,1.5805320169796073e-05,,7.999953024,23,3,2026-05-06 00:01:50.790435,3.0,True,3,l2a_ion_grid_charge,1,5
imap_idex_l1b_sci-10days_20260430_v016.cdf,17,831297803974274560,2026-05-06T00:02:14.790274560,Pulser,quicklook+event_list,imap_idex_l2a_sci-10days_20260430_v016.cdf,17,311.98970617527084,323.8575135451796,1.1537189815532405,42372.6123271238,499.0342831112604,0.011724619834910816,83.57517224284774,0.9842885268466675,2.312548290909431e-05,,7.999933184,23,4,2026-05-06 00:01:50.790435,4.0,True,4,l2a_ion_grid_charge,1,5
imap_idex_l1b_sci-10days_20260430_v016.cdf,18,831297811974227712,2026-05-06T00:02:22.790227712,Pulser,quicklook+event_list,imap_idex_l2a_sci-10days_20260430_v016.cdf,18,740.3926992175402,369.5082264878632,1.440452450714749,45081.33124301341,194925.41587423583,0.01494396016912757,88.91781310259056,384.4682758860667,2.94752666057743e-05,,7.999953152,23,5,2026-05-06 00:01:50.790435,5.0,True,5,l2a_ion_grid_charge,1,5
imap_idex_l1b_sci-10days_20260510_v016.cdf,8,831988979239371648,2026-05-14T00:01:50.055371648,Pulser,quicklook+event_list,imap_idex_l2a_sci-10days_20260510_v016.cdf,8,76.10907998067341,81.07635429214707,0.2842863236664024,42296.30465952205,91.20644159241348,0.0014738236048679784,83.42466402272593,0.17989436211521398,2.906949910982206e-06,,691167.265143936,24,1,2026-05-14 00:01:50.055371,1.0,True,1,l2a_ion_grid_charge,1,5
imap_idex_l1b_sci-10days_20260510_v016.cdf,9,831988987239304832,2026-05-14T00:01:58.055304832,Pulser,quicklook+event_list,imap_idex_l2a_sci-10days_20260510_v016.cdf,9,156.74301459971684,162.26534369337332,0.5760749197331101,46286.90026120472,214.3852455516805,0.004235057720927227,91.29566126470358,0.4228505829421706,8.353171047193742e-06,,7.999933184,24,2,2026-05-14 00:01:50.055371,2.0,True,2,l2a_ion_grid_charge,1,5
imap_idex_l1b_sci-10days_20260510_v016.cdf,10,831988995239257984,2026-05-14T00:02:06.055257984,Pulser,quicklook+event_list,imap_idex_l2a_sci-10days_20260510_v016.cdf,10,235.06709270524152,243.75852457017504,0.866046717484745,40159.39021735727,333.1210703607906,0.00780887635035244,79.20984263778554,0.6570435312836107,1.5402122978998895e-05,,7.999953152,24,3,2026-05-14 00:01:50.055371,3.0,True,3,l2a_ion_grid_charge,1,5
imap_idex_l1b_sci-10days_20260510_v016.cdf,11,831989003239190912,2026-05-14T00:02:14.055190912,Pulser,quicklook+event_list,imap_idex_l2a_sci-10days_20260510_v016.cdf,11,310.5504395341195,323.7711298195052,1.1539203091836236,41292.474580666974,494.66717668791284,0.011552030718787564,81.44472303879088,0.9756749047098873,2.2785070451257522e-05,,7.999932928,24,4,2026-05-14 00:01:50.055371,4.0,True,4,l2a_ion_grid_charge,1,5
imap_idex_l1b_sci-10days_20260510_v016.cdf,12,831989011239144064,2026-05-14T00:02:22.055144064,Pulser,quicklook+event_list,imap_idex_l2a_sci-10days_20260510_v016.cdf,12,732.0326428115732,369.4648210070717,1.4405113667873808,42497.00283707368,195442.03098605553,0.014947846372581002,83.8205184163189,385.4872406036598,2.94829317013432e-05,,7.999953152,24,5,2026-05-14 00:01:50.055371,5.0,True,5,l2a_ion_grid_charge,1,5
imap_idex_l1b_sci-10days_20260520_v016.cdf,5,832680179472751488,2026-05-22T00:01:50.288751488,Pulser,quicklook+event_list,imap_idex_l2a_sci-10days_20260520_v016.cdf,5,78.52487494741945,81.11288639370594,0.2844899864575039,41992.42677831708,90.14625195100072,0.0014231125927664655,82.82529936551693,0.17780325828599747,2.8069281908608787e-06,,691168.233607424,25,1,2026-05-22 00:01:50.288751,1.0,True,1,l2a_ion_grid_charge,1,5
imap_idex_l1b_sci-10days_20260520_v016.cdf,6,832680187472704512,2026-05-22T00:01:58.288704512,Pulser,quicklook+event_list,imap_idex_l2a_sci-10days_20260520_v016.cdf,6,154.876820814221,162.20531925958915,0.575771954823457,44695.728729465205,215.45507048677098,0.004356985998945987,88.1572558766572,0.42496069129540626,8.593660747427982e-06,,7.999953024,25,2,2026-05-22 00:01:50.288751,2.0,True,2,l2a_ion_grid_charge,1,5
imap_idex_l1b_sci-10days_20260520_v016.cdf,7,832680195472657664,2026-05-22T00:02:06.288657664,Pulser,quicklook+event_list,imap_idex_l2a_sci-10days_20260520_v016.cdf,7,232.3706405568555,243.79867068774905,0.8659941458959823,40993.84599126981,325.9581828052545,0.007898356170992155,80.85571201433888,0.642915547939358,1.557861177710484e-05,,7.999953152,25,3,2026-05-22 00:01:50.288751,3.0,True,3,l2a_ion_grid_charge,1,5
imap_idex_l1b_sci-10days_20260520_v016.cdf,8,832680203472590848,2026-05-22T00:02:14.288590848,Pulser,quicklook+event_list,imap_idex_l2a_sci-10days_20260520_v016.cdf,8,306.85798446189074,323.8841669343778,1.1538691471857712,42213.128159519365,509.0854656425721,0.011280841558771897,83.26060780970289,1.0041133444626669,2.225018058929368e-05,,7.999933184,25,4,2026-05-22 00:01:50.288751,4.0,True,4,l2a_ion_grid_charge,1,5
imap_idex_l1b_sci-10days_20260520_v016.cdf,9,832680211472543872,2026-05-22T00:02:22.288543872,Pulser,quicklook+event_list,imap_idex_l2a_sci-10days_20260520_v016.cdf,9,739.2980358003442,369.4827640247226,1.4402103784232612,42014.64566676113,195485.6414594181,0.015025592562667212,82.86912360307915,385.5732573164065,2.963627724391955e-05,,7.999953024,25,5,2026-05-22 00:01:50.288751,5.0,True,5,l2a_ion_grid_charge,1,5
imap_idex_l1b_sci-10days_20260530_v022.cdf,1,833371378625131264,2026-05-30T00:01:49.441131264,Pulser,quicklook+event_list,imap_idex_l2a_sci-10days_20260530_v021.cdf,1,79.13459176689867,81.09141733339732,0.2844017221462314,44305.18048167466,95.89044371670758,0.001387454502276781,87.38694375083759,0.18913302508226348,2.736596651433493e-06,,691167.152587392,26,1,2026-05-30 00:01:49.441131,1.0,True,1,l2a_ion_grid_charge,1,5
imap_idex_l1b_sci-10days_20260530_v022.cdf,2,833371386625084288,2026-05-30T00:01:57.441084288,Pulser,quicklook+event_list,imap_idex_l2a_sci-10days_20260530_v021.cdf,2,154.52404071006094,162.2789132890186,0.5760533387726822,44921.30250693926,227.21468926956948,0.004335989301432382,88.60217456989992,0.44815520565990036,8.552247142864659e-06,,7.999953024,26,2,2026-05-30 00:01:49.441131,2.0,True,2,l2a_ion_grid_charge,1,5
imap_idex_l1b_sci-10days_20260530_v022.cdf,3,833371394625017472,2026-05-30T00:02:05.441017472,Pulser,quicklook+event_list,imap_idex_l2a_sci-10days_20260530_v021.cdf,3,233.07690880510927,243.85802266113603,0.8662628274580159,39122.12249775641,362.77137680576215,0.008084076565277277,77.1639496997168,0.7155253980389786,1.5944924191868398e-05,,7.999933184,26,3,2026-05-30 00:01:49.441131,3.0,True,3,l2a_ion_grid_charge,1,5
imap_idex_l1b_sci-10days_20260530_v022.cdf,4,833371402624970496,2026-05-30T00:02:13.440970496,Pulser,quicklook+event_list,imap_idex_l2a_sci-10days_20260530_v021.cdf,4,310.74017707247185,323.7490047438073,1.1537591746149873,44377.11601722106,529.6021855539423,0.011817624888827493,87.52882843633346,1.0445802476409118,2.3308924830034502e-05,,7.999953024,26,4,2026-05-30 00:01:49.441131,4.0,True,4,l2a_ion_grid_charge,1,5
imap_idex_l1b_sci-10days_20260530_v022.cdf,5,833371410624903680,2026-05-30T00:02:21.440903680,Pulser,quicklook+event_list,imap_idex_l2a_sci-10days_20260530_v021.cdf,5,736.9755627662707,369.4000950896936,1.4404552236023367,41016.63962868296,195198.9134978029,0.014885667683137599,80.9006698790591,385.0077189305777,2.936029128823984e-05,,7.999933184,26,5,2026-05-30 00:01:49.441131,5.0,True,5,l2a_ion_grid_charge,1,5
imap_idex_l1b_sci-10days_20260530_v022.cdf,38,834062577799303680,2026-06-07T00:01:48.615303680,Pulser,quicklook+event_list,imap_idex_l2a_sci-10days_20260530_v021.cdf,38,76.41111959859336,81.12427677576107,0.284560629324633,41664.96102481529,89.69410301577231,0.0014203076752583406,82.1794103053556,0.17691144579047793,2.8013958091880484e-06,,691167.1744,27,1,2026-06-07 00:01:48.615303,1.0,True,1,l2a_ion_grid_charge,1,5
imap_idex_l1b_sci-10days_20260530_v022.cdf,39,834062585799236736,2026-06-07T00:01:56.615236736,Pulser,quicklook+event_list,imap_idex_l2a_sci-10days_20260530_v021.cdf,39,154.74530587197296,162.21764613824348,0.5758969008378619,40678.90511522233,216.69362322748586,0.004427140378849516,80.23452685448191,0.42740359610943957,8.73203230542311e-06,,7.999933056,27,2,2026-06-07 00:01:48.615303,2.0,True,2,l2a_ion_grid_charge,1,5
imap_idex_l1b_sci-10days_20260530_v022.cdf,40,834062593799189888,2026-06-07T00:02:04.615189888,Pulser,quicklook+event_list,imap_idex_l2a_sci-10days_20260530_v021.cdf,40,232.31843483482953,243.82867402269198,0.8662453728434001,48323.392949669986,333.7669427075997,0.007881181494737708,95.31241212952659,0.6583174412378692,1.5544736676011258e-05,,7.999953152,27,3,2026-06-07 00:01:48.615303,3.0,True,3,l2a_ion_grid_charge,1,5
imap_idex_l1b_sci-10days_20260530_v022.cdf,41,834062601799123072,2026-06-07T00:02:12.615123072,Pulser,quicklook+event_list,imap_idex_l2a_sci-10days_20260530_v021.cdf,41,314.4287524442916,323.83156590848404,1.1535224481975976,44085.55140686195,513.2380701709662,0.011311823127607975,86.9537503093924,1.0123038859387894,2.2311288220134073e-05,,7.999933184,27,4,2026-06-07 00:01:48.615303,4.0,True,4,l2a_ion_grid_charge,1,5
imap_idex_l1b_sci-10days_20260530_v022.cdf,42,834062609799076096,2026-06-07T00:02:20.615076096,Pulser,quicklook+event_list,imap_idex_l2a_sci-10days_20260530_v021.cdf,42,737.6205687982547,369.4786027531691,1.4399987870583133,46068.79163294616,195618.76246014252,0.015235603994435796,90.86546673164924,385.83582339278604,3.0050500975218532e-05,,7.999953024,27,5,2026-06-07 00:01:48.615303,5.0,True,5,l2a_ion_grid_charge,1,5
imap_idex_l1b_sci-10days_20260609_v011.cdf,17,834753776947396224,2026-06-15T00:01:47.763396224,Pulser,quicklook+event_list,imap_idex_l2a_sci-10days_20260609_v011.cdf,17,78.06039921282718,81.14961435409913,0.2845322147996998,40854.094435658335,89.4709972732343,0.0014421032679894947,80.58006792043064,0.17647139501624123,2.8443851439635002e-06,,691167.148320128,28,1,2026-06-15 00:01:47.763396,1.0,True,1,l2a_ion_grid_charge,1,5
imap_idex_l1b_sci-10days_20260609_v011.cdf,18,834753784947329536,2026-06-15T00:01:55.763329536,Pulser,quicklook+event_list,imap_idex_l2a_sci-10days_20260609_v011.cdf,18,156.04944218433593,162.2423322879245,0.5758918114530646,46308.16648939172,216.72145218891484,0.0043601197482638545,91.3376064879521,0.42745848557971367,8.599841712551982e-06,,7.999933312,28,2,2026-06-15 00:01:47.763396,2.0,True,2,l2a_ion_grid_charge,1,5
imap_idex_l1b_sci-10days_20260609_v011.cdf,19,834753792947282688,2026-06-15T00:02:03.763282688,Pulser,quicklook+event_list,imap_idex_l2a_sci-10days_20260609_v011.cdf,19,231.2234242261875,243.80954579635113,0.8660996705131977,43699.60528806114,336.0054124498762,0.007974592044261581,86.19251536106734,0.662732568934667,1.5728978391048486e-05,,7.999953152,28,3,2026-06-15 00:01:47.763396,3.0,True,3,l2a_ion_grid_charge,1,5
imap_idex_l1b_sci-10days_20260609_v011.cdf,20,834753800947215744,2026-06-15T00:02:11.763215744,Pulser,quicklook+event_list,imap_idex_l2a_sci-10days_20260609_v011.cdf,20,310.7525610215853,323.8055035912234,1.1534662319129676,43042.81757860043,497.05784118904387,0.011734444768410795,84.89707609191406,0.9803902193077788,2.3144861476155413e-05,,7.999933056,28,4,2026-06-15 00:01:47.763396,4.0,True,4,l2a_ion_grid_charge,1,5
imap_idex_l1b_sci-10days_20260609_v011.cdf,21,834753808947168896,2026-06-15T00:02:19.763168896,Pulser,quicklook+event_list,imap_idex_l2a_sci-10days_20260609_v011.cdf,21,740.4497902476796,369.54303212017135,1.440308425527492,46743.30615992966,195800.5602271069,0.015081570126160812,92.19587013792832,386.19439887003335,2.9746686639370436e-05,,7.999953152,28,5,2026-06-15 00:01:47.763396,5.0,True,5,l2a_ion_grid_charge,1,5
imap_idex_l1b_sci-10days_20260619_v015.cdf,7,835444977088795776,2026-06-23T00:01:47.904795776,Pulser,quicklook+event_list,imap_idex_l2a_sci-10days_20260619_v015.cdf,7,78.39601154529737,81.17408751590494,0.2843254231636205,38344.056706460324,93.7536588905638,0.0013048077167616583,75.6293031685608,0.18491845935022447,2.5735852401610617e-06,,691168.14162688,29,1,2026-06-23 00:01:47.904795,1.0,True,1,l2a_ion_grid_charge,1,5
imap_idex_l1b_sci-10days_20260619_v015.cdf,8,835444985088728960,2026-06-23T00:01:55.904728960,Pulser,quicklook+event_list,imap_idex_l2a_sci-10days_20260619_v015.cdf,8,155.07768170371855,162.18359710406077,0.5758859130514288,43632.03100893506,218.35652047483183,0.004237506942733072,86.05923275924076,0.4306834723369464,8.358001859434068e-06,,7.999933184,29,2,2026-06-23 00:01:47.904795,2.0,True,2,l2a_ion_grid_charge,1,5
imap_idex_l1b_sci-10days_20260619_v015.cdf,9,835444993088682112,2026-06-23T00:02:03.904682112,Pulser,quicklook+event_list,imap_idex_l2a_sci-10days_20260619_v015.cdf,9,229.72907761316674,243.7592634239901,0.866156456856402,40563.445696396404,331.2857163702027,0.008212722522089086,80.0067962453578,0.6534235036887627,1.6198663751655e-05,,7.999953152,29,3,2026-06-23 00:01:47.904795,3.0,True,3,l2a_ion_grid_charge,1,5
imap_idex_l1b_sci-10days_20260619_v015.cdf,10,835445001088615296,2026-06-23T00:02:11.904615296,Pulser,quicklook+event_list,imap_idex_l2a_sci-10days_20260619_v015.cdf,10,311.9196313498287,323.7796282732146,1.1535580807575563,46037.05134218684,512.801479871384,0.011749445015158785,90.80286260786359,1.0114427610875425,2.3174447761654406e-05,,7.999933184,29,4,2026-06-23 00:01:47.904795,4.0,True,4,l2a_ion_grid_charge,1,5
imap_idex_l1b_sci-10days_20260619_v015.cdf,11,835445009088568448,2026-06-23T00:02:19.904568448,Pulser,quicklook+event_list,imap_idex_l2a_sci-10days_20260619_v015.cdf,11,737.7251278450603,369.6606142875905,1.4401273847835219,44336.236824457665,195988.7323506303,0.015330231162316056,87.44819886480802,386.56554704266335,3.0237142331984332e-05,,7.999953152,29,5,2026-06-23 00:01:47.904795,5.0,True,5,l2a_ion_grid_charge,1,5
imap_idex_l1b_sci-10days_20260629_v011.cdf,3,836136176247064448,2026-07-01T00:01:47.063064448,Pulser,quicklook+event_list,imap_idex_l2a_sci-10days_20260629_v011.cdf,3,79.34858990016437,81.1131096901691,0.2842804797980343,39019.349409550574,92.83940363312348,0.001465626902809827,76.96124143895577,0.18311519454264988,2.8907828457787513e-06,,691167.158496,30,1,2026-07-01 00:01:47.063064,1.0,True,1,l2a_ion_grid_charge,1,5
imap_idex_l1b_sci-10days_20260629_v011.cdf,4,836136184246997760,2026-07-01T00:01:55.062997760,Pulser,quicklook+event_list,imap_idex_l2a_sci-10days_20260629_v011.cdf,4,156.33147241170082,162.22661493580284,0.5759908310757732,43770.40175049301,222.52641063230357,0.004287399706324096,86.3321533540296,0.4389081077560228,8.456409677167842e-06,,7.999933312,30,2,2026-07-01 00:01:47.063064,2.0,True,2,l2a_ion_grid_charge,1,5
imap_idex_l1b_sci-10days_20260629_v011.cdf,5,836136192246950784,2026-07-01T00:02:03.062950784,Pulser,quicklook+event_list,imap_idex_l2a_sci-10days_20260629_v011.cdf,5,234.38149409383186,243.7428042642117,0.8661133144586219,44424.26285706734,349.25705029566257,0.008156406568393004,87.62182023090205,0.6888699216876973,1.6087586919907305e-05,,7.999953024,30,3,2026-07-01 00:01:47.063064,3.0,True,3,l2a_ion_grid_charge,1,5
imap_idex_l1b_sci-10days_20260629_v011.cdf,6,836136200246883968,2026-07-01T00:02:11.062883968,Pulser,quicklook+event_list,imap_idex_l2a_sci-10days_20260629_v011.cdf,6,308.4204725965137,323.8105299465027,1.1536072332247704,43517.05046138099,558.5082843763122,0.011652990216429767,85.8324466693905,1.1015942492629431,2.298420161031512e-05,,7.999933184,30,4,2026-07-01 00:01:47.063064,4.0,True,4,l2a_ion_grid_charge,1,5
imap_idex_l1b_sci-10days_20260629_v011.cdf,7,836136208246817152,2026-07-01T00:02:19.062817152,Pulser,quicklook+event_list,imap_idex_l2a_sci-10days_20260629_v011.cdf,7,736.519234487394,369.49868019134624,1.4401244996619644,37298.36481040604,195412.51775185257,0.015136313565621153,73.5667944978423,385.42902909635615,2.9854661865130478e-05,,7.999933184,30,5,2026-07-01 00:01:47.063064,5.0,True,5,l2a_ion_grid_charge,1,5
