event_list_time,event_type,dust_category,event_list_cdf_file,summary_epoch_utc,summary_epoch_tt2000,summary_source_file,summary_record_index,abs_delta_seconds,matched_within_1s
26-Nov-2025 12:13:02,Triggered,Dust,imap_idex_l1b_sci-10days_20251126_v002.cdf,2025-11-26T12:13:02.033357696,817431251217357696,imap_idex_l1b_sci-10days_20251126_v003.cdf,1,0.033357,True
27-Nov-2025 22:06:55,Triggered,Dust,imap_idex_l1b_sci-10days_20251126_v002.cdf,2025-11-27T22:06:54.655205760,817553283839205760,imap_idex_l1b_sci-10days_20251126_v003.cdf,11,0.344794,True
28-Nov-2025 4:16:31,Triggered,Dust,imap_idex_l1b_sci-10days_20251126_v002.cdf,2025-11-28T04:16:30.822996608,817575460006996608,imap_idex_l1b_sci-10days_20251126_v003.cdf,12,0.177003,True
29-Nov-2025 12:08:45,Triggered,Dust,imap_idex_l1b_sci-10days_20251126_v002.cdf,2025-11-29T12:08:45.147356416,817690194331356416,imap_idex_l1b_sci-10days_20251126_v003.cdf,20,0.147356,True
8-Dec-2025 22:56:17,Triggered,Dust,imap_idex_l1b_sci-10days_20251206_v002.cdf,2025-12-08T22:56:16.730970240,818506645914970240,imap_idex_l1b_sci-10days_20251206_v003.cdf,121,0.269029,True
15-Dec-2025 8:08:07,Triggered,Dust,imap_idex_l1b_sci-10days_20251206_v002.cdf,2025-12-15T08:08:06.711681664,819058155895681664,imap_idex_l1b_sci-10days_20251206_v003.cdf,312,0.288318,True
24-Dec-2025 17:33:11,Triggered,Dust,imap_idex_l1b_sci-10days_20251216_v002.cdf,2025-12-24T17:33:10.743698432,819869659927698432,imap_idex_l1b_sci-10days_20251216_v003.cdf,145,0.256301,True
25-Dec-2025 8:46:52,Triggered,Dust,imap_idex_l1b_sci-10days_20251216_v002.cdf,2025-12-25T08:46:51.620711296,819924480804711296,imap_idex_l1b_sci-10days_20251216_v003.cdf,168,0.379288,True
28-Dec-2025 23:17:20,Triggered,Dust,imap_idex_l1b_sci-10days_20251226_v003.cdf,2025-12-28T23:17:20.463906688,820235909647906688,imap_idex_l1b_sci-10days_20251226_v003.cdf,38,0.463906,True
19-Jan-2026 7:17:01,Triggered,Dust,imap_idex_l1b_sci-10days_20260110_v002.cdf,2026-01-19T07:17:00.561355520,822079089745355520,imap_idex_l1b_sci-10days_20260110_v003.cdf,151,0.438644,True
20-Jan-2026 0:43:32,Triggered,Dust,imap_idex_l1b_sci-10days_20260120_v002.cdf,2026-01-20T00:43:32.356311296,822141881540311296,imap_idex_l1b_sci-10days_20260120_v003.cdf,25,0.356311,True
20-Jan-2026 3:48:38,Triggered,Dust,imap_idex_l1b_sci-10days_20260120_v002.cdf,2026-01-20T03:48:38.168706432,822152987352706432,imap_idex_l1b_sci-10days_20260120_v003.cdf,104,0.168706,True
23-Jan-2026 8:22:42,Triggered,Dust,imap_idex_l1b_sci-10days_20260120_v002.cdf,2026-01-23T08:22:41.791561344,822428630975561344,imap_idex_l1b_sci-10days_20260120_v003.cdf,641,0.208438,True
25-Jan-2026 8:57:31,Triggered,Dust,imap_idex_l1b_sci-10days_20260120_v002.cdf,2026-01-25T08:57:31.272560640,822603520456560640,imap_idex_l1b_sci-10days_20260120_v003.cdf,711,0.27256,True
25-Jan-2026 11:55:09,Triggered,Dust,imap_idex_l1b_sci-10days_20260120_v002.cdf,2026-01-25T11:55:08.611217024,822614177795217024,imap_idex_l1b_sci-10days_20260120_v003.cdf,712,0.388782,True
26-Jan-2026 11:18:43,Triggered,Dust,imap_idex_l1b_sci-10days_20260120_v002.cdf,2026-01-26T11:18:42.840309120,822698392024309120,imap_idex_l1b_sci-10days_20260120_v003.cdf,713,0.15969,True
29-Jan-2026 9:21:06,Triggered,Dust,imap_idex_l1b_sci-10days_20260120_v002.cdf,2026-01-29T09:21:05.849471104,822950535033471104,imap_idex_l1b_sci-10days_20260120_v003.cdf,716,0.150528,True
7-Feb-2026 10:31:08,Triggered,Dust,imap_idex_l1b_sci-10days_20260130_v003.cdf,2026-02-07T10:31:07.633513088,823732336817513088,imap_idex_l1b_sci-10days_20260130_v003.cdf,28,0.366486,True
16-Feb-2026 4:32:42,Triggered,Dust,imap_idex_l1b_sci-10days_20260209_v002.cdf,2026-02-16T04:32:41.695450112,824488430879450112,imap_idex_l1b_sci-10days_20260209_v003.cdf,15,0.304549,True
16-Feb-2026 16:00:39,Triggered,Dust,imap_idex_l1b_sci-10days_20260209_v002.cdf,2026-02-16T16:00:38.907246080,824529708091246080,imap_idex_l1b_sci-10days_20260209_v003.cdf,16,0.092753,True
19-Feb-2026 11:04:38,Triggered,Dust,imap_idex_l1b_sci-10days_20260219_v002.cdf,2026-02-19T11:04:38.183161472,824771147367161472,imap_idex_l1b_sci-10days_20260219_v003.cdf,0,0.183161,True
20-Feb-2026 15:32:46,Triggered,Dust,imap_idex_l1b_sci-10days_20260219_v002.cdf,2026-02-20T15:32:46.371227648,824873635555227648,imap_idex_l1b_sci-10days_20260219_v003.cdf,1,0.371227,True
21-Feb-2026 22:24:50,Triggered,Dust,imap_idex_l1b_sci-10days_20260219_v002.cdf,2026-02-21T22:24:50.177143680,824984759361143680,imap_idex_l1b_sci-10days_20260219_v003.cdf,2,0.177143,True
26-Feb-2026 18:10:39,Triggered,Dust,imap_idex_l1b_sci-10days_20260219_v002.cdf,2026-02-26T18:10:39.311354368,825401508495354368,imap_idex_l1b_sci-10days_20260219_v003.cdf,18,0.311354,True
1-Mar-2026 0:59:37,Triggered,Dust,imap_idex_l1b_sci-10days_20260301_v002.cdf,2026-03-01T00:59:37.354275456,825598846538275456,imap_idex_l1b_sci-10days_20260301_v003.cdf,0,0.354275,True
1-Mar-2026 12:12:46,Triggered,Dust,imap_idex_l1b_sci-10days_20260301_v002.cdf,2026-03-01T12:12:45.871751040,825639235055751040,imap_idex_l1b_sci-10days_20260301_v003.cdf,1,0.128248,True
2-Mar-2026 6:00:28,Triggered,Dust,imap_idex_l1b_sci-10days_20260301_v002.cdf,2026-03-02T06:00:28.460759040,825703297644759040,imap_idex_l1b_sci-10days_20260301_v003.cdf,2,0.460759,True
3-Mar-2026 6:38:52,Triggered,Dust,imap_idex_l1b_sci-10days_20260301_v002.cdf,2026-03-03T06:38:51.618898432,825792000802898432,imap_idex_l1b_sci-10days_20260301_v003.cdf,13,0.381101,True
5-Mar-2026 13:10:21,Triggered,Dust,imap_idex_l1b_sci-10days_20260301_v002.cdf,2026-03-05T13:10:21.237736960,825988290421736960,imap_idex_l1b_sci-10days_20260301_v003.cdf,16,0.237736,True
11-Mar-2026 22:00:17,Triggered,Dust,imap_idex_l1b_sci-10days_20260311_v002.cdf,2026-03-11T22:00:17.313041664,826538486497041664,imap_idex_l1b_sci-10days_20260311_v003.cdf,11,0.313041,True
13-Mar-2026 12:48:40,Triggered,Dust,imap_idex_l1b_sci-10days_20260311_v002.cdf,2026-03-13T12:48:39.706464768,826678188890464768,imap_idex_l1b_sci-10days_20260311_v003.cdf,12,0.293535,True
18-Mar-2026 20:54:15,Triggered,Dust,imap_idex_l1b_sci-10days_20260311_v002.cdf,2026-03-18T20:54:15.110691456,827139324294691456,imap_idex_l1b_sci-10days_20260311_v003.cdf,15,0.110691,True
19-Mar-2026 11:44:59,Triggered,Dust,imap_idex_l1b_sci-10days_20260311_v002.cdf,2026-03-19T11:44:59.333492352,827192768517492352,imap_idex_l1b_sci-10days_20260311_v003.cdf,26,0.333492,True
21-Mar-2026 3:32:18,Triggered,Dust,imap_idex_l1b_sci-10days_20260321_v003.cdf,2026-03-21T03:32:18.203021184,827336007387021184,imap_idex_l1b_sci-10days_20260321_v016.cdf,0,0.203021,True
1-Apr-2026 8:18:26,Triggered,Dust,imap_idex_l1b_sci-10days_20260331_v005.cdf,2026-04-01T08:18:25.612105088,828303574796105088,imap_idex_l1b_sci-10days_20260331_v016.cdf,3,0.387894,True
1-Apr-2026 14:00:05,Triggered,Dust,imap_idex_l1b_sci-10days_20260331_v005.cdf,2026-04-01T14:00:04.707770240,828324073891770240,imap_idex_l1b_sci-10days_20260331_v016.cdf,7,0.292229,True
3-Apr-2026 4:40:19,Triggered,Dust,imap_idex_l1b_sci-10days_20260331_v005.cdf,2026-04-03T04:40:18.975953536,828463288159953536,imap_idex_l1b_sci-10days_20260331_v016.cdf,198,0.024046,True
5-Apr-2026 12:10:34,Triggered,Dust,imap_idex_l1b_sci-10days_20260331_v005.cdf,2026-04-05T12:10:34.142867200,828663103326867200,imap_idex_l1b_sci-10days_20260331_v016.cdf,291,0.142867,True
7-Apr-2026 16:39:25,Triggered,Dust,imap_idex_l1b_sci-10days_20260331_v005.cdf,2026-04-07T16:39:25.106299008,828852034290299008,imap_idex_l1b_sci-10days_20260331_v016.cdf,300,0.106299,True
8-Apr-2026 3:23:16,Triggered,Dust,imap_idex_l1b_sci-10days_20260331_v005.cdf,2026-04-08T03:23:16.316094080,828890665500094080,imap_idex_l1b_sci-10days_20260331_v016.cdf,302,0.316094,True
13-Apr-2026 5:47:46,Triggered,Dust,imap_idex_l1b_sci-10days_20260410_v004.cdf,2026-04-13T05:47:45.668275712,829331334852275712,imap_idex_l1b_sci-10days_20260410_v016.cdf,12,0.331724,True
14-Apr-2026 20:11:04,Triggered,Dust,imap_idex_l1b_sci-10days_20260410_v004.cdf,2026-04-14T20:11:03.838534528,829469533022534528,imap_idex_l1b_sci-10days_20260410_v016.cdf,15,0.161465,True
18-Apr-2026 16:50:09,Triggered,Dust,imap_idex_l1b_sci-10days_20260410_v004.cdf,2026-04-18T16:50:08.653208960,829803077837208960,imap_idex_l1b_sci-10days_20260410_v016.cdf,18,0.346791,True
19-Apr-2026 15:03:44,Triggered,Dust,imap_idex_l1b_sci-10days_20260410_v004.cdf,2026-04-19T15:03:43.922083456,829883093106083456,imap_idex_l1b_sci-10days_20260410_v016.cdf,24,0.077916,True
25-Apr-2026 9:28:58,Triggered,Dust,imap_idex_l1b_sci-10days_20260420_v004.cdf,2026-04-25T09:28:57.538152448,830381406722152448,imap_idex_l1b_sci-10days_20260420_v016.cdf,12,0.461847,True
28-Apr-2026 21:06:39,Triggered,Dust,imap_idex_l1b_sci-10days_20260420_v004.cdf,2026-04-28T21:06:38.585253760,830682467769253760,imap_idex_l1b_sci-10days_20260420_v016.cdf,32,0.414746,True
3-May-2026 9:58:38,Triggered,Dust,imap_idex_l1b_sci-10days_20260430_v001.cdf,2026-05-03T09:58:37.613275136,831074386797275136,imap_idex_l1b_sci-10days_20260430_v016.cdf,7,0.386724,True
3-May-2026 13:46:01,Triggered,Dust,imap_idex_l1b_sci-10days_20260430_v001.cdf,2026-05-03T13:46:00.622524928,831088029806524928,imap_idex_l1b_sci-10days_20260430_v016.cdf,8,0.377475,True
4-May-2026 10:43:29,Triggered,Dust,imap_idex_l1b_sci-10days_20260430_v001.cdf,2026-05-04T10:43:29.427231744,831163478611231744,imap_idex_l1b_sci-10days_20260430_v016.cdf,10,0.427231,True
10-May-2026 1:57:15,Triggered,Dust,imap_idex_l1b_sci-10days_20260510_v001.cdf,2026-05-10T01:57:15.476984320,831650304660984320,imap_idex_l1b_sci-10days_20260510_v016.cdf,0,0.476984,True
10-May-2026 7:49:21,Triggered,Dust,imap_idex_l1b_sci-10days_20260510_v001.cdf,2026-05-10T07:49:20.670921600,831671429854921600,imap_idex_l1b_sci-10days_20260510_v016.cdf,2,0.329078,True
10-May-2026 19:11:45,Triggered,Dust,imap_idex_l1b_sci-10days_20260510_v001.cdf,2026-05-10T19:11:45.260924928,831712374444924928,imap_idex_l1b_sci-10days_20260510_v016.cdf,3,0.260924,True
18-May-2026 13:54:29,Triggered,Dust,imap_idex_l1b_sci-10days_20260510_v001.cdf,2026-05-18T13:54:28.938042880,832384538122042880,imap_idex_l1b_sci-10days_20260510_v016.cdf,25,0.061957,True
18-May-2026 20:16:21,Triggered,Dust,imap_idex_l1b_sci-10days_20260510_v001.cdf,2026-05-18T20:16:20.528950784,832407449712950784,imap_idex_l1b_sci-10days_20260510_v016.cdf,26,0.471049,True
19-May-2026 9:17:07,Triggered,Dust,imap_idex_l1b_sci-10days_20260510_v001.cdf,2026-05-19T09:17:07.137968768,832454296321968768,imap_idex_l1b_sci-10days_20260510_v016.cdf,27,0.137968,True
20-May-2026 11:07:27,Triggered,Dust,imap_idex_l1b_sci-10days_20260520_v001.cdf,2026-05-20T11:07:27.172169216,832547316356169216,imap_idex_l1b_sci-10days_20260520_v016.cdf,0,0.172169,True
20-May-2026 15:04:51,Triggered,Dust,imap_idex_l1b_sci-10days_20260520_v001.cdf,2026-05-20T15:04:50.505043584,832561559689043584,imap_idex_l1b_sci-10days_20260520_v016.cdf,1,0.494956,True
21-May-2026 12:45:25,Triggered,Dust,imap_idex_l1b_sci-10days_20260520_v001.cdf,2026-05-21T12:45:24.952577152,832639594136577152,imap_idex_l1b_sci-10days_20260520_v016.cdf,3,0.047422,True
31-May-2026 14:02:41,Triggered,Dust,imap_idex_l1b_sci-10days_20260530_v015.cdf,2026-05-31T14:02:41.255167232,833508230439167232,imap_idex_l1b_sci-10days_20260530_v022.cdf,12,0.255167,True
6-Jun-2026 21:35:06,Triggered,Dust,imap_idex_l1b_sci-10days_20260530_v015.cdf,2026-06-06T21:35:05.966649088,834053775150649088,imap_idex_l1b_sci-10days_20260530_v022.cdf,34,0.03335,True
9-Jun-2026 21:39:46,Triggered,Dust,imap_idex_l1b_sci-10days_20260609_v008.cdf,2026-06-09T21:39:45.775081472,834313254959081472,imap_idex_l1b_sci-10days_20260609_v011.cdf,5,0.224918,True
13-Jun-2026 12:36:18,Triggered,Dust,imap_idex_l1b_sci-10days_20260609_v008.cdf,2026-06-13T12:36:17.816502272,834626247000502272,imap_idex_l1b_sci-10days_20260609_v011.cdf,12,0.183497,True
17-Jun-2026 6:32:36,Triggered,Dust,imap_idex_l1b_sci-10days_20260609_v008.cdf,2026-06-17T06:32:35.892223872,834950025076223872,imap_idex_l1b_sci-10days_20260609_v011.cdf,29,0.107776,True
21-Jun-2026 13:47:23,Triggered,Dust,imap_idex_l1b_sci-10days_20260619_v014.cdf,2026-06-21T13:47:23.168210048,835321712352210048,imap_idex_l1b_sci-10days_20260619_v015.cdf,5,0.16821,True
