epoch_tt2000,qpeak_count,max_width_us,channels,epoch_utc,source_file,record_index,event_time,date
815539760668849408,1,0.0927318475916602,tof_high,2025-11-04T14:48:11.484849408,imap_idex_l1b_sci-10days_20251027_v001.0004.cdf,16,2025-11-04 14:48:11.484849408,2025-11-04
815539766668744064,1,0.0927705223880592,tof_high,2025-11-04T14:48:17.484744064,imap_idex_l1b_sci-10days_20251027_v001.0004.cdf,17,2025-11-04 14:48:17.484744064,2025-11-04
815539772668638592,1,0.0926503237436291,tof_high,2025-11-04T14:48:23.484638592,imap_idex_l1b_sci-10days_20251027_v001.0004.cdf,18,2025-11-04 14:48:23.484638592,2025-11-04
815539778668533120,1,0.0928319874140303,tof_high,2025-11-04T14:48:29.484533120,imap_idex_l1b_sci-10days_20251027_v001.0004.cdf,19,2025-11-04 14:48:29.484533120,2025-11-04
815539784668427776,1,0.0928432975425735,tof_high,2025-11-04T14:48:35.484427776,imap_idex_l1b_sci-10days_20251027_v001.0004.cdf,20,2025-11-04 14:48:35.484427776,2025-11-04
815733246480599552,1,0.0927072080461908,tof_high,2025-11-06T20:32:57.296599552,imap_idex_l1b_sci-10days_20251106_v001.0004.cdf,15,2025-11-06 20:32:57.296599552,2025-11-06
819924480804711296,1,0.0868131868131869,tof_high,2025-12-25T08:46:51.620711296,imap_idex_l1b_sci-10days_20251216_v001.0004.cdf,168,2025-12-25 08:46:51.620711296,2025-12-25
823003403866679424,1,0.0770883493709577,tof_high,2026-01-30T00:02:14.682679424,imap_idex_l1b_sci-10days_20260130_v001.0004.cdf,3,2026-01-30 00:02:14.682679424,2026-01-30
823003411866632320,1,0.092790001760253,tof_high,2026-01-30T00:02:22.682632320,imap_idex_l1b_sci-10days_20260130_v001.0004.cdf,4,2026-01-30 00:02:22.682632320,2026-01-30
823003419866585088,1,0.1123707813925199,tof_high,2026-01-30T00:02:30.682585088,imap_idex_l1b_sci-10days_20260130_v001.0004.cdf,5,2026-01-30 00:02:30.682585088,2026-01-30
823532755161741056,1,0.0443910256410266,tof_high,2026-02-05T03:04:45.977741056,imap_idex_l1b_sci-10days_20260130_v001.0004.cdf,12,2026-02-05 03:04:45.977741056,2026-02-05
823694602489949056,1,0.0772065583818568,tof_high,2026-02-07T00:02:13.305949056,imap_idex_l1b_sci-10days_20260130_v001.0004.cdf,20,2026-02-07 00:02:13.305949056,2026-02-07
823742579353035264,1,0.0450936883629187,tof_high,2026-02-07T13:21:50.169035264,imap_idex_l1b_sci-10days_20260130_v001.0004.cdf,29,2026-02-07 13:21:50.169035264,2026-02-07
824103518305623424,1,0.0423250957187603,tof_high,2026-02-11T17:37:29.121623424,imap_idex_l1b_sci-10days_20260209_v001.0004.cdf,2,2026-02-11 17:37:29.121623424,2026-02-11
824695180842833280,1,0.0446192696192698,tof_high,2026-02-18T13:58:31.658833280,imap_idex_l1b_sci-10days_20260209_v001.0004.cdf,18,2026-02-18 13:58:31.658833280,2026-02-18
825145076969854464,1,0.0448432449903033,tof_high,2026-02-23T18:56:47.785854464,imap_idex_l1b_sci-10days_20260219_v001.0004.cdf,13,2026-02-23 18:56:47.785854464,2026-02-23
825865318891700352,1,0.0417948717948724,tof_high,2026-03-04T03:00:49.707700352,imap_idex_l1b_sci-10days_20260301_v001.0004.cdf,14,2026-03-04 03:00:49.707700352,2026-03-04
826362611238473984,1,0.0483516483516485,tof_high,2026-03-09T21:09:02.054473984,imap_idex_l1b_sci-10days_20260301_v001.0004.cdf,19,2026-03-09 21:09:02.054473984,2026-03-09
827489487364297856,1,0.0415695415695421,tof_high,2026-03-22T22:10:18.180297856,imap_idex_l1b_sci-10days_20260321_v001.0017.cdf,9,2026-03-22 22:10:18.180297856,2026-03-22
827612094895927936,1,0.0402218934911237,tof_high,2026-03-24T08:13:45.711927936,imap_idex_l1b_sci-10days_20260321_v001.0017.cdf,16,2026-03-24 08:13:45.711927936,2026-03-24
827841806826886528,1,0.0928156861189347,tof_high,2026-03-27T00:02:17.642886528,imap_idex_l1b_sci-10days_20260321_v001.0017.cdf,24,2026-03-27 00:02:17.642886528,2026-03-27
828323362895290240,1,0.0411970382558613,tof_high,2026-04-01T13:48:13.711290240,imap_idex_l1b_sci-10days_20260331_v001.0017.cdf,5,2026-04-01 13:48:13.711290240,2026-04-01
828349090039142912,1,0.0421245421245411,tof_high,2026-04-01T20:57:00.855142912,imap_idex_l1b_sci-10days_20260331_v001.0017.cdf,11,2026-04-01 20:57:00.855142912,2026-04-01
828374537336364288,1,0.0448251748251749,tof_high,2026-04-02T04:01:08.152364288,imap_idex_l1b_sci-10days_20260331_v001.0017.cdf,24,2026-04-02 04:01:08.152364288,2026-04-02
828384102258627968,1,0.0410256410256403,tof_high,2026-04-02T06:40:33.074627968,imap_idex_l1b_sci-10days_20260331_v001.0017.cdf,37,2026-04-02 06:40:33.074627968,2026-04-02
828387995160935040,1,0.046186813186813,tof_high,2026-04-02T07:45:25.976935040,imap_idex_l1b_sci-10days_20260331_v001.0017.cdf,40,2026-04-02 07:45:25.976935040,2026-04-02
828401887233707392,1,0.0406354515050169,tof_high,2026-04-02T11:36:58.049707392,imap_idex_l1b_sci-10days_20260331_v001.0017.cdf,69,2026-04-02 11:36:58.049707392,2026-04-02
828402213833002752,1,0.0448218448218454,tof_high,2026-04-02T11:42:24.649002752,imap_idex_l1b_sci-10days_20260331_v001.0017.cdf,72,2026-04-02 11:42:24.649002752,2026-04-02
828407313042578560,1,0.0412431318681311,tof_high,2026-04-02T13:07:23.858578560,imap_idex_l1b_sci-10days_20260331_v001.0017.cdf,87,2026-04-02 13:07:23.858578560,2026-04-02
828408069481279232,1,0.043777153079479,tof_high,2026-04-02T13:20:00.297279232,imap_idex_l1b_sci-10days_20260331_v001.0017.cdf,88,2026-04-02 13:20:00.297279232,2026-04-02
828410419308951424,1,0.0410040939452697,tof_high,2026-04-02T13:59:10.124951424,imap_idex_l1b_sci-10days_20260331_v001.0017.cdf,94,2026-04-02 13:59:10.124951424,2026-04-02
828411807547341440,1,0.0417307692307685,tof_high,2026-04-02T14:22:18.363341440,imap_idex_l1b_sci-10days_20260331_v001.0017.cdf,96,2026-04-02 14:22:18.363341440,2026-04-02
828427124954051456,1,0.0400349650349645,tof_high,2026-04-02T18:37:35.770051456,imap_idex_l1b_sci-10days_20260331_v001.0017.cdf,126,2026-04-02 18:37:35.770051456,2026-04-02
828428357099397504,1,0.0417378917378908,tof_high,2026-04-02T18:58:07.915397504,imap_idex_l1b_sci-10days_20260331_v001.0017.cdf,127,2026-04-02 18:58:07.915397504,2026-04-02
828432516168672640,1,0.0412644036125815,tof_high,2026-04-02T20:07:26.984672640,imap_idex_l1b_sci-10days_20260331_v001.0017.cdf,135,2026-04-02 20:07:26.984672640,2026-04-02
828433707311074560,1,0.0435096153846162,tof_high,2026-04-02T20:27:18.127074560,imap_idex_l1b_sci-10days_20260331_v001.0017.cdf,137,2026-04-02 20:27:18.127074560,2026-04-02
828437494508093952,1,0.0456263736263735,tof_high,2026-04-02T21:30:25.324093952,imap_idex_l1b_sci-10days_20260331_v001.0017.cdf,144,2026-04-02 21:30:25.324093952,2026-04-02
828439601709237376,1,0.040744810744811,tof_high,2026-04-02T22:05:32.525237376,imap_idex_l1b_sci-10days_20260331_v001.0017.cdf,152,2026-04-02 22:05:32.525237376,2026-04-02
828441095963774976,1,0.0418934911242606,tof_high,2026-04-02T22:30:26.779774976,imap_idex_l1b_sci-10days_20260331_v001.0017.cdf,155,2026-04-02 22:30:26.779774976,2026-04-02
828443359341762304,1,0.0516403885969101,tof_high,2026-04-02T23:08:10.157762304,imap_idex_l1b_sci-10days_20260331_v001.0017.cdf,160,2026-04-02 23:08:10.157762304,2026-04-02
828444577826260480,1,0.0420146520146526,tof_high,2026-04-02T23:28:28.642260480,imap_idex_l1b_sci-10days_20260331_v001.0017.cdf,161,2026-04-02 23:28:28.642260480,2026-04-02
828446349342436480,1,0.0400349650349654,tof_high,2026-04-02T23:58:00.158436480,imap_idex_l1b_sci-10days_20260331_v001.0017.cdf,163,2026-04-02 23:58:00.158436480,2026-04-02
828449240979516288,1,0.0414226398601394,tof_high,2026-04-03T00:46:11.795516288,imap_idex_l1b_sci-10days_20260331_v001.0017.cdf,168,2026-04-03 00:46:11.795516288,2026-04-03
828453031118572928,1,0.0412201591511941,tof_high,2026-04-03T01:49:21.934572928,imap_idex_l1b_sci-10days_20260331_v001.0017.cdf,174,2026-04-03 01:49:21.934572928,2026-04-03
828457703799720448,1,0.0462987736900778,tof_high,2026-04-03T03:07:14.615720448,imap_idex_l1b_sci-10days_20260331_v001.0017.cdf,184,2026-04-03 03:07:14.615720448,2026-04-03
828461739738702848,1,0.0415610859728515,tof_high,2026-04-03T04:14:30.554702848,imap_idex_l1b_sci-10days_20260331_v001.0017.cdf,192,2026-04-03 04:14:30.554702848,2026-04-03
828462106895122944,1,0.0463447398190044,tof_high,2026-04-03T04:20:37.711122944,imap_idex_l1b_sci-10days_20260331_v001.0017.cdf,193,2026-04-03 04:20:37.711122944,2026-04-03
828471828670009984,1,0.0417974444730292,tof_high,2026-04-03T07:02:39.486009984,imap_idex_l1b_sci-10days_20260331_v001.0017.cdf,209,2026-04-03 07:02:39.486009984,2026-04-03
828474667902595456,1,0.0417864187094957,tof_high,2026-04-03T07:49:58.718595456,imap_idex_l1b_sci-10days_20260331_v001.0017.cdf,213,2026-04-03 07:49:58.718595456,2026-04-03
828475258501060608,1,0.0519365250134474,tof_high,2026-04-03T07:59:49.317060608,imap_idex_l1b_sci-10days_20260331_v001.0017.cdf,214,2026-04-03 07:59:49.317060608,2026-04-03
828477274504943616,1,0.0425160256410249,tof_high,2026-04-03T08:33:25.320943616,imap_idex_l1b_sci-10days_20260331_v001.0017.cdf,216,2026-04-03 08:33:25.320943616,2026-04-03
828484647855717248,1,0.0443496503496499,tof_high,2026-04-03T10:36:18.671717248,imap_idex_l1b_sci-10days_20260331_v001.0017.cdf,230,2026-04-03 10:36:18.671717248,2026-04-03
828489949426256768,1,0.042481203007519,tof_high,2026-04-03T12:04:40.242256768,imap_idex_l1b_sci-10days_20260331_v001.0017.cdf,238,2026-04-03 12:04:40.242256768,2026-04-03
828490051941207424,1,0.0409146942800793,tof_high,2026-04-03T12:06:22.757207424,imap_idex_l1b_sci-10days_20260331_v001.0017.cdf,239,2026-04-03 12:06:22.757207424,2026-04-03
828499741734042240,1,0.0400755494505496,tof_high,2026-04-03T14:47:52.550042240,imap_idex_l1b_sci-10days_20260331_v001.0017.cdf,244,2026-04-03 14:47:52.550042240,2026-04-03
828504313473737856,1,0.0441108570916271,tof_high,2026-04-03T16:04:04.289737856,imap_idex_l1b_sci-10days_20260331_v001.0017.cdf,247,2026-04-03 16:04:04.289737856,2026-04-03
828511263088762880,1,0.0419945054945048,tof_high,2026-04-03T17:59:53.904762880,imap_idex_l1b_sci-10days_20260331_v001.0017.cdf,253,2026-04-03 17:59:53.904762880,2026-04-03
828513239293401344,1,0.0430172413793102,tof_high,2026-04-03T18:32:50.109401344,imap_idex_l1b_sci-10days_20260331_v001.0017.cdf,256,2026-04-03 18:32:50.109401344,2026-04-03
828531287061838976,1,0.0509121313469148,tof_high,2026-04-03T23:33:37.877838976,imap_idex_l1b_sci-10days_20260331_v001.0017.cdf,260,2026-04-03 23:33:37.877838976,2026-04-03
828625591211745920,1,0.0505305039787797,tof_high,2026-04-05T01:45:22.027745920,imap_idex_l1b_sci-10days_20260331_v001.0017.cdf,286,2026-04-05 01:45:22.027745920,2026-04-05
828682221115032960,1,0.0418223443223447,tof_high,2026-04-05T17:29:11.931032960,imap_idex_l1b_sci-10days_20260331_v001.0017.cdf,293,2026-04-05 17:29:11.931032960,2026-04-05
828890665500094080,1,0.0428205128205122,tof_high,2026-04-08T03:23:16.316094080,imap_idex_l1b_sci-10days_20260331_v001.0017.cdf,302,2026-04-08 03:23:16.316094080,2026-04-08
829224197712431232,1,0.0770363277446443,tof_high,2026-04-12T00:02:08.528431232,imap_idex_l1b_sci-10days_20260410_v001.0017.cdf,4,2026-04-12 00:02:08.528431232,2026-04-12
829343897371378176,1,0.0508365032403503,tof_high,2026-04-13T09:17:08.187378176,imap_idex_l1b_sci-10days_20260410_v001.0017.cdf,13,2026-04-13 09:17:08.187378176,2026-04-13
829779806322264704,1,0.0426153846153852,tof_high,2026-04-18T10:22:17.138264704,imap_idex_l1b_sci-10days_20260410_v001.0017.cdf,17,2026-04-18 10:22:17.138264704,2026-04-18
829817689970915584,1,0.0433299595141696,tof_high,2026-04-18T20:53:40.786915584,imap_idex_l1b_sci-10days_20260410_v001.0017.cdf,19,2026-04-18 20:53:40.786915584,2026-04-18
829915405080626944,1,0.092852628592065,tof_high,2026-04-20T00:02:15.896626944,imap_idex_l1b_sci-10days_20260420_v001.0017.cdf,4,2026-04-20 00:02:15.896626944,2026-04-20
830468832133131648,1,0.0459340659340657,tof_high,2026-04-26T09:46:02.949131648,imap_idex_l1b_sci-10days_20260420_v001.0017.cdf,13,2026-04-26 09:46:02.949131648,2026-04-26
830493523985104256,1,0.0411217948717955,tof_high,2026-04-26T16:37:34.801104256,imap_idex_l1b_sci-10days_20260420_v001.0017.cdf,15,2026-04-26 16:37:34.801104256,2026-04-26
830567543833190400,1,0.0401424501424496,tof_high,2026-04-27T13:11:14.649190400,imap_idex_l1b_sci-10days_20260420_v001.0017.cdf,18,2026-04-27 13:11:14.649190400,2026-04-27
830617523593400960,1,0.0501972386587776,tof_high,2026-04-28T03:04:14.409400960,imap_idex_l1b_sci-10days_20260420_v001.0017.cdf,29,2026-04-28 03:04:14.409400960,2026-04-28
830952710184387456,1,0.0403579059829063,tof_high,2026-05-02T00:10:41.000387456,imap_idex_l1b_sci-10days_20260430_v001.0017.cdf,5,2026-05-02 00:10:41.000387456,2026-05-02
831270570154620928,1,0.0425842696629213,tof_high,2026-05-05T16:28:20.970620928,imap_idex_l1b_sci-10days_20260430_v001.0017.cdf,12,2026-05-05 16:28:20.970620928,2026-05-05
831297803974274560,1,0.0928929765886285,tof_high,2026-05-06T00:02:14.790274560,imap_idex_l1b_sci-10days_20260430_v001.0017.cdf,17,2026-05-06 00:02:14.790274560,2026-05-06
831888718204757760,1,0.0411013986013988,tof_high,2026-05-12T20:10:49.020757760,imap_idex_l1b_sci-10days_20260510_v001.0017.cdf,4,2026-05-12 20:10:49.020757760,2026-05-12
832156145611093760,1,0.0509384245562128,tof_high,2026-05-15T22:27:56.427093760,imap_idex_l1b_sci-10days_20260510_v001.0017.cdf,19,2026-05-15 22:27:56.427093760,2026-05-15
832785638971414144,1,0.0446196266968324,tof_high,2026-05-23T05:19:29.787414144,imap_idex_l1b_sci-10days_20260520_v001.0017.cdf,14,2026-05-23 05:19:29.787414144,2026-05-23
833094822116477696,1,0.0421945701357464,tof_high,2026-05-26T19:12:32.932477696,imap_idex_l1b_sci-10days_20260520_v001.0017.cdf,20,2026-05-26 19:12:32.932477696,2026-05-26
833301490885247744,1,0.0414080071974807,tof_high,2026-05-29T04:37:01.701247744,imap_idex_l1b_sci-10days_20260520_v001.0017.cdf,26,2026-05-29 04:37:01.701247744,2026-05-29
833878681511891456,1,0.040854354821966,tof_high,2026-06-04T20:56:52.327891456,imap_idex_l1b_sci-10days_20260530_v001.0023.cdf,23,2026-06-04 20:56:52.327891456,2026-06-04
834111113907869696,1,0.0418142712550605,tof_high,2026-06-07T13:30:44.723869696,imap_idex_l1b_sci-10days_20260530_v001.0023.cdf,49,2026-06-07 13:30:44.723869696,2026-06-07
834188410170498176,1,0.0421261430876814,tof_high,2026-06-08T10:59:00.986498176,imap_idex_l1b_sci-10days_20260530_v001.0023.cdf,56,2026-06-08 10:59:00.986498176,2026-06-08
834259505465236096,1,0.0453761312217192,tof_high,2026-06-09T06:43:56.281236096,imap_idex_l1b_sci-10days_20260609_v001.0012.cdf,1,2026-06-09 06:43:56.281236096,2026-06-09
834469383799164672,1,0.041085737179487,tof_high,2026-06-11T17:01:54.615164672,imap_idex_l1b_sci-10days_20260609_v001.0012.cdf,9,2026-06-11 17:01:54.615164672,2026-06-11
834614706462952320,1,0.0480591168091166,tof_high,2026-06-13T09:23:57.278952320,imap_idex_l1b_sci-10days_20260609_v001.0012.cdf,11,2026-06-13 09:23:57.278952320,2026-06-13
834723528218079488,1,0.0408333333333331,tof_high,2026-06-14T15:37:39.034079488,imap_idex_l1b_sci-10days_20260609_v001.0012.cdf,14,2026-06-14 15:37:39.034079488,2026-06-14
834960228151411584,1,0.0435363247863246,tof_high,2026-06-17T09:22:38.967411584,imap_idex_l1b_sci-10days_20260609_v001.0012.cdf,30,2026-06-17 09:22:38.967411584,2026-06-17
835012291711474176,1,0.0401785714285713,tof_high,2026-06-17T23:50:22.527474176,imap_idex_l1b_sci-10days_20260609_v001.0012.cdf,32,2026-06-17 23:50:22.527474176,2026-06-17
835065524629438976,1,0.040310987539903,tof_high,2026-06-18T14:37:35.445438976,imap_idex_l1b_sci-10days_20260609_v001.0012.cdf,34,2026-06-18 14:37:35.445438976,2026-06-18
835111294604784256,1,0.0513187520988277,tof_high,2026-06-19T03:20:25.420784256,imap_idex_l1b_sci-10days_20260619_v001.0016.cdf,1,2026-06-19 03:20:25.420784256,2026-06-19
835756322517404416,1,0.0400098981900451,tof_high,2026-06-26T14:30:53.333404416,imap_idex_l1b_sci-10days_20260619_v001.0016.cdf,16,2026-06-26 14:30:53.333404416,2026-06-26
835854145795405056,1,0.0400488400488399,tof_high,2026-06-27T17:41:16.611405056,imap_idex_l1b_sci-10days_20260619_v001.0016.cdf,17,2026-06-27 17:41:16.611405056,2026-06-27
835878059905378688,1,0.0515225169168544,tof_high,2026-06-28T00:19:50.721378688,imap_idex_l1b_sci-10days_20260619_v001.0016.cdf,18,2026-06-28 00:19:50.721378688,2026-06-28
836034957375440896,1,0.0638461538461537,tof_high,2026-06-29T19:54:48.191440896,imap_idex_l1b_sci-10days_20260629_v001.0015.cdf,0,2026-06-29 19:54:48.191440896,2026-06-29
