epoch_utc,record_index,source_file,epoch_tt2000,qualifying_peak_count,qualifying_channel_count,max_effective_width_us,saturated_tof_high_qualifying_count,tof_mid_replacement_qualifying_count,in_triggered_dust_list,in_pulser_list,criterion,min_qualifying_peaks,min_width_us
2025-11-04T14:48:11.484849408,16,imap_idex_l1b_sci-10days_20251027_v001.0004.cdf,815539760668849408,1,1,0.0927318475916602,0,0,False,True,sat_aware_tof_7sig_ge1_peak_fwhm_ge_20ns,1,0.02
2025-11-04T14:48:17.484744064,17,imap_idex_l1b_sci-10days_20251027_v001.0004.cdf,815539766668744064,1,1,0.0927705223880592,0,0,False,True,sat_aware_tof_7sig_ge1_peak_fwhm_ge_20ns,1,0.02
2025-11-04T14:48:23.484638592,18,imap_idex_l1b_sci-10days_20251027_v001.0004.cdf,815539772668638592,1,1,0.0926503237436291,0,0,False,True,sat_aware_tof_7sig_ge1_peak_fwhm_ge_20ns,1,0.02
2025-11-04T14:48:29.484533120,19,imap_idex_l1b_sci-10days_20251027_v001.0004.cdf,815539778668533120,1,1,0.0928319874140303,0,0,False,True,sat_aware_tof_7sig_ge1_peak_fwhm_ge_20ns,1,0.02
2025-11-04T14:48:35.484427776,20,imap_idex_l1b_sci-10days_20251027_v001.0004.cdf,815539784668427776,1,1,0.0928432975425735,0,0,False,True,sat_aware_tof_7sig_ge1_peak_fwhm_ge_20ns,1,0.02
2025-11-06T20:32:57.296599552,15,imap_idex_l1b_sci-10days_20251106_v001.0004.cdf,815733246480599552,1,1,0.0927072080461908,0,0,False,True,sat_aware_tof_7sig_ge1_peak_fwhm_ge_20ns,1,0.02
2025-11-26T12:13:02.033357696,1,imap_idex_l1b_sci-10days_20251126_v001.0004.cdf,817431251217357696,23,2,1.463369963369964,4,4,True,False,sat_aware_tof_7sig_ge1_peak_fwhm_ge_20ns,1,0.02
2025-11-27T22:06:54.655205760,11,imap_idex_l1b_sci-10days_20251126_v001.0004.cdf,817553283839205760,39,3,9.02875457875458,2,2,True,False,sat_aware_tof_7sig_ge1_peak_fwhm_ge_20ns,1,0.02
2025-11-28T04:16:30.822996608,12,imap_idex_l1b_sci-10days_20251126_v001.0004.cdf,817575460006996608,6,2,0.1677884615384606,1,1,True,False,sat_aware_tof_7sig_ge1_peak_fwhm_ge_20ns,1,0.02
2025-11-29T12:08:45.147356416,20,imap_idex_l1b_sci-10days_20251126_v001.0004.cdf,817690194331356416,157,2,11.003658536585366,0,0,True,False,sat_aware_tof_7sig_ge1_peak_fwhm_ge_20ns,1,0.02
2025-12-08T22:56:16.730970240,121,imap_idex_l1b_sci-10days_20251206_v001.0004.cdf,818506645914970240,16,2,4.628425480769232,0,0,True,False,sat_aware_tof_7sig_ge1_peak_fwhm_ge_20ns,1,0.02
2025-12-15T08:08:06.711681664,312,imap_idex_l1b_sci-10days_20251206_v001.0004.cdf,819058155895681664,71,2,15.195688130362786,0,0,True,False,sat_aware_tof_7sig_ge1_peak_fwhm_ge_20ns,1,0.02
2025-12-24T17:33:10.743698432,145,imap_idex_l1b_sci-10days_20251216_v001.0004.cdf,819869659927698432,19,3,14.90673076923077,0,0,True,False,sat_aware_tof_7sig_ge1_peak_fwhm_ge_20ns,1,0.02
2025-12-25T08:46:51.620711296,168,imap_idex_l1b_sci-10days_20251216_v001.0004.cdf,819924480804711296,1,1,0.0868131868131869,0,0,True,False,sat_aware_tof_7sig_ge1_peak_fwhm_ge_20ns,1,0.02
2025-12-28T23:17:20.463906688,38,imap_idex_l1b_sci-10days_20251226_v001.0004.cdf,820235909647906688,47,2,14.509659090909093,0,0,True,False,sat_aware_tof_7sig_ge1_peak_fwhm_ge_20ns,1,0.02
2026-01-19T07:17:00.561355520,151,imap_idex_l1b_sci-10days_20260110_v001.0004.cdf,822079089745355520,65,2,5.043900543900545,0,0,True,False,sat_aware_tof_7sig_ge1_peak_fwhm_ge_20ns,1,0.02
2026-01-20T00:43:32.356311296,25,imap_idex_l1b_sci-10days_20260120_v001.0004.cdf,822141881540311296,36,2,15.49394690548537,0,0,True,False,sat_aware_tof_7sig_ge1_peak_fwhm_ge_20ns,1,0.02
2026-01-20T03:48:38.168706432,104,imap_idex_l1b_sci-10days_20260120_v001.0004.cdf,822152987352706432,48,2,16.04676113360324,0,0,True,False,sat_aware_tof_7sig_ge1_peak_fwhm_ge_20ns,1,0.02
2026-01-23T08:22:41.791561344,641,imap_idex_l1b_sci-10days_20260120_v001.0004.cdf,822428630975561344,39,2,4.591623931623933,0,0,True,False,sat_aware_tof_7sig_ge1_peak_fwhm_ge_20ns,1,0.02
2026-01-25T08:57:31.272560640,711,imap_idex_l1b_sci-10days_20260120_v001.0004.cdf,822603520456560640,11,3,10.556730769230771,0,0,True,False,sat_aware_tof_7sig_ge1_peak_fwhm_ge_20ns,1,0.02
2026-01-25T11:55:08.611217024,712,imap_idex_l1b_sci-10days_20260120_v001.0004.cdf,822614177795217024,56,1,1.244505494505496,0,0,True,False,sat_aware_tof_7sig_ge1_peak_fwhm_ge_20ns,1,0.02
2026-01-26T11:18:42.840309120,713,imap_idex_l1b_sci-10days_20260120_v001.0004.cdf,822698392024309120,43,2,0.451906640368179,1,1,True,False,sat_aware_tof_7sig_ge1_peak_fwhm_ge_20ns,1,0.02
2026-01-27T02:27:56.317397504,714,imap_idex_l1b_sci-10days_20260120_v001.0004.cdf,822752945501397504,1,1,0.0396853146853143,0,0,False,False,sat_aware_tof_7sig_ge1_peak_fwhm_ge_20ns,1,0.02
2026-01-29T09:21:05.849471104,716,imap_idex_l1b_sci-10days_20260120_v001.0004.cdf,822950535033471104,19,1,0.3012820512820517,0,0,True,False,sat_aware_tof_7sig_ge1_peak_fwhm_ge_20ns,1,0.02
2026-01-30T00:02:14.682679424,3,imap_idex_l1b_sci-10days_20260130_v001.0004.cdf,823003403866679424,1,1,0.0770883493709577,0,0,False,True,sat_aware_tof_7sig_ge1_peak_fwhm_ge_20ns,1,0.02
2026-01-30T00:02:22.682632320,4,imap_idex_l1b_sci-10days_20260130_v001.0004.cdf,823003411866632320,1,1,0.092790001760253,0,0,False,True,sat_aware_tof_7sig_ge1_peak_fwhm_ge_20ns,1,0.02
2026-01-30T00:02:30.682585088,5,imap_idex_l1b_sci-10days_20260130_v001.0004.cdf,823003419866585088,1,1,0.1123707813925199,0,0,False,True,sat_aware_tof_7sig_ge1_peak_fwhm_ge_20ns,1,0.02
2026-02-02T16:29:16.953256576,10,imap_idex_l1b_sci-10days_20260130_v001.0004.cdf,823321826137256576,1,1,0.0370432692307687,0,0,False,False,sat_aware_tof_7sig_ge1_peak_fwhm_ge_20ns,1,0.02
2026-02-03T06:58:58.161156224,11,imap_idex_l1b_sci-10days_20260130_v001.0004.cdf,823374007345156224,1,1,0.0322216245293163,0,0,False,False,sat_aware_tof_7sig_ge1_peak_fwhm_ge_20ns,1,0.02
2026-02-05T03:04:45.977741056,12,imap_idex_l1b_sci-10days_20260130_v001.0004.cdf,823532755161741056,1,1,0.0443910256410266,0,0,False,False,sat_aware_tof_7sig_ge1_peak_fwhm_ge_20ns,1,0.02
2026-02-06T20:28:16.537655936,16,imap_idex_l1b_sci-10days_20260130_v001.0004.cdf,823681765721655936,1,1,0.0200786010774534,0,0,False,False,sat_aware_tof_7sig_ge1_peak_fwhm_ge_20ns,1,0.02
2026-02-07T00:02:13.305949056,20,imap_idex_l1b_sci-10days_20260130_v001.0004.cdf,823694602489949056,1,1,0.0772065583818568,0,0,False,True,sat_aware_tof_7sig_ge1_peak_fwhm_ge_20ns,1,0.02
2026-02-07T03:09:51.734334976,27,imap_idex_l1b_sci-10days_20260130_v001.0004.cdf,823705860918334976,1,1,0.0310719373219371,0,0,False,False,sat_aware_tof_7sig_ge1_peak_fwhm_ge_20ns,1,0.02
2026-02-07T10:31:07.633513088,28,imap_idex_l1b_sci-10days_20260130_v001.0004.cdf,823732336817513088,25,3,15.922541727140784,0,0,True,False,sat_aware_tof_7sig_ge1_peak_fwhm_ge_20ns,1,0.02
2026-02-07T13:21:50.169035264,29,imap_idex_l1b_sci-10days_20260130_v001.0004.cdf,823742579353035264,1,1,0.0450936883629187,0,0,False,False,sat_aware_tof_7sig_ge1_peak_fwhm_ge_20ns,1,0.02
2026-02-09T13:51:45.170775168,0,imap_idex_l1b_sci-10days_20260209_v001.0004.cdf,823917174354775168,1,1,0.038949592074592,0,0,False,False,sat_aware_tof_7sig_ge1_peak_fwhm_ge_20ns,1,0.02
2026-02-11T10:02:14.171304832,1,imap_idex_l1b_sci-10days_20260209_v001.0004.cdf,824076203355304832,1,1,0.0238603988603985,0,0,False,False,sat_aware_tof_7sig_ge1_peak_fwhm_ge_20ns,1,0.02
2026-02-11T17:37:29.121623424,2,imap_idex_l1b_sci-10days_20260209_v001.0004.cdf,824103518305623424,1,1,0.0423250957187603,0,0,False,False,sat_aware_tof_7sig_ge1_peak_fwhm_ge_20ns,1,0.02
2026-02-12T10:41:20.069484544,3,imap_idex_l1b_sci-10days_20260209_v001.0004.cdf,824164949253484544,1,1,0.0353303747534521,0,0,False,False,sat_aware_tof_7sig_ge1_peak_fwhm_ge_20ns,1,0.02
2026-02-16T04:32:41.695450112,15,imap_idex_l1b_sci-10days_20260209_v001.0004.cdf,824488430879450112,20,3,15.093429820352895,0,0,True,False,sat_aware_tof_7sig_ge1_peak_fwhm_ge_20ns,1,0.02
2026-02-16T16:00:38.907246080,16,imap_idex_l1b_sci-10days_20260209_v001.0004.cdf,824529708091246080,4,1,0.1109890109890106,0,0,True,False,sat_aware_tof_7sig_ge1_peak_fwhm_ge_20ns,1,0.02
2026-02-18T13:58:31.658833280,18,imap_idex_l1b_sci-10days_20260209_v001.0004.cdf,824695180842833280,1,1,0.0446192696192698,0,0,False,False,sat_aware_tof_7sig_ge1_peak_fwhm_ge_20ns,1,0.02
2026-02-19T11:04:38.183161472,0,imap_idex_l1b_sci-10days_20260219_v001.0004.cdf,824771147367161472,73,2,4.030161943319838,4,4,True,False,sat_aware_tof_7sig_ge1_peak_fwhm_ge_20ns,1,0.02
2026-02-20T15:32:46.371227648,1,imap_idex_l1b_sci-10days_20260219_v001.0004.cdf,824873635555227648,7,2,2.006153846153845,1,1,True,False,sat_aware_tof_7sig_ge1_peak_fwhm_ge_20ns,1,0.02
2026-02-21T22:24:50.177143680,2,imap_idex_l1b_sci-10days_20260219_v001.0004.cdf,824984759361143680,158,2,7.328846153846155,0,0,True,False,sat_aware_tof_7sig_ge1_peak_fwhm_ge_20ns,1,0.02
2026-02-23T18:56:47.785854464,13,imap_idex_l1b_sci-10days_20260219_v001.0004.cdf,825145076969854464,1,1,0.0448432449903033,0,0,False,False,sat_aware_tof_7sig_ge1_peak_fwhm_ge_20ns,1,0.02
2026-02-25T19:57:40.751155072,16,imap_idex_l1b_sci-10days_20260219_v001.0004.cdf,825321529935155072,1,1,0.0378269230769231,0,0,False,False,sat_aware_tof_7sig_ge1_peak_fwhm_ge_20ns,1,0.02
2026-02-26T05:45:32.062776192,17,imap_idex_l1b_sci-10days_20260219_v001.0004.cdf,825356801246776192,1,1,0.0275147928994089,0,0,False,False,sat_aware_tof_7sig_ge1_peak_fwhm_ge_20ns,1,0.02
2026-02-26T18:10:39.311354368,18,imap_idex_l1b_sci-10days_20260219_v001.0004.cdf,825401508495354368,35,1,0.4540559440559443,0,0,True,False,sat_aware_tof_7sig_ge1_peak_fwhm_ge_20ns,1,0.02
2026-03-01T00:59:37.354275456,0,imap_idex_l1b_sci-10days_20260301_v001.0004.cdf,825598846538275456,6,3,3.3193808630393997,0,0,True,False,sat_aware_tof_7sig_ge1_peak_fwhm_ge_20ns,1,0.02
2026-03-01T12:12:45.871751040,1,imap_idex_l1b_sci-10days_20260301_v001.0004.cdf,825639235055751040,53,2,2.192521367521369,1,1,True,False,sat_aware_tof_7sig_ge1_peak_fwhm_ge_20ns,1,0.02
2026-03-02T06:00:28.460759040,2,imap_idex_l1b_sci-10days_20260301_v001.0004.cdf,825703297644759040,126,2,14.705048076923076,0,0,True,False,sat_aware_tof_7sig_ge1_peak_fwhm_ge_20ns,1,0.02
2026-03-03T06:38:51.618898432,13,imap_idex_l1b_sci-10days_20260301_v001.0004.cdf,825792000802898432,16,3,13.159134615384614,0,0,True,False,sat_aware_tof_7sig_ge1_peak_fwhm_ge_20ns,1,0.02
2026-03-04T03:00:49.707700352,14,imap_idex_l1b_sci-10days_20260301_v001.0004.cdf,825865318891700352,1,1,0.0417948717948724,0,0,False,False,sat_aware_tof_7sig_ge1_peak_fwhm_ge_20ns,1,0.02
2026-03-05T13:10:21.237736960,16,imap_idex_l1b_sci-10days_20260301_v001.0004.cdf,825988290421736960,78,3,9.920769230769231,2,2,True,False,sat_aware_tof_7sig_ge1_peak_fwhm_ge_20ns,1,0.02
2026-03-07T02:34:26.725736960,18,imap_idex_l1b_sci-10days_20260301_v001.0004.cdf,826122935909736960,1,1,0.0220307208514752,0,0,False,False,sat_aware_tof_7sig_ge1_peak_fwhm_ge_20ns,1,0.02
2026-03-09T21:09:02.054473984,19,imap_idex_l1b_sci-10days_20260301_v001.0004.cdf,826362611238473984,2,1,0.0483516483516485,0,0,False,False,sat_aware_tof_7sig_ge1_peak_fwhm_ge_20ns,1,0.02
2026-03-11T09:24:04.499860224,10,imap_idex_l1b_sci-10days_20260311_v001.0004.cdf,826493113683860224,1,1,0.0336278586278582,0,0,False,False,sat_aware_tof_7sig_ge1_peak_fwhm_ge_20ns,1,0.02
2026-03-11T22:00:17.313041664,11,imap_idex_l1b_sci-10days_20260311_v001.0004.cdf,826538486497041664,19,2,0.7817526223776219,0,0,True,False,sat_aware_tof_7sig_ge1_peak_fwhm_ge_20ns,1,0.02
2026-03-13T12:48:39.706464768,12,imap_idex_l1b_sci-10days_20260311_v001.0004.cdf,826678188890464768,29,3,8.854456654456655,0,0,True,False,sat_aware_tof_7sig_ge1_peak_fwhm_ge_20ns,1,0.02
2026-03-18T16:35:04.239229184,13,imap_idex_l1b_sci-10days_20260311_v001.0004.cdf,827123773423229184,1,1,0.0340729123817351,0,0,False,False,sat_aware_tof_7sig_ge1_peak_fwhm_ge_20ns,1,0.02
2026-03-18T20:54:15.110691456,15,imap_idex_l1b_sci-10days_20260311_v001.0004.cdf,827139324294691456,12,3,13.016835664335664,1,1,True,False,sat_aware_tof_7sig_ge1_peak_fwhm_ge_20ns,1,0.02
2026-03-19T11:44:59.333492352,26,imap_idex_l1b_sci-10days_20260311_v001.0004.cdf,827192768517492352,9,2,0.8854567307692296,0,0,True,False,sat_aware_tof_7sig_ge1_peak_fwhm_ge_20ns,1,0.02
2026-03-21T03:32:18.203021184,0,imap_idex_l1b_sci-10days_20260321_v001.0017.cdf,827336007387021184,49,1,0.3188034188034187,0,0,True,False,sat_aware_tof_7sig_ge1_peak_fwhm_ge_20ns,1,0.02
2026-03-22T09:10:34.957100928,2,imap_idex_l1b_sci-10days_20260321_v001.0017.cdf,827442704141100928,1,1,0.0374354320815311,0,0,False,False,sat_aware_tof_7sig_ge1_peak_fwhm_ge_20ns,1,0.02
2026-03-22T12:20:52.174063744,3,imap_idex_l1b_sci-10days_20260321_v001.0017.cdf,827454121358063744,1,1,0.0379864253393665,0,0,False,False,sat_aware_tof_7sig_ge1_peak_fwhm_ge_20ns,1,0.02
2026-03-22T17:08:55.045500544,4,imap_idex_l1b_sci-10days_20260321_v001.0017.cdf,827471404229500544,1,1,0.0362637362637366,0,0,False,False,sat_aware_tof_7sig_ge1_peak_fwhm_ge_20ns,1,0.02
2026-03-22T17:15:02.330619520,5,imap_idex_l1b_sci-10days_20260321_v001.0017.cdf,827471771514619520,1,1,0.0330128205128204,0,0,False,False,sat_aware_tof_7sig_ge1_peak_fwhm_ge_20ns,1,0.02
2026-03-22T18:32:41.204088064,6,imap_idex_l1b_sci-10days_20260321_v001.0017.cdf,827476430388088064,1,1,0.022000574052813,0,0,False,False,sat_aware_tof_7sig_ge1_peak_fwhm_ge_20ns,1,0.02
2026-03-22T18:45:46.287882240,7,imap_idex_l1b_sci-10days_20260321_v001.0017.cdf,827477215471882240,1,1,0.0304258241758239,0,0,False,False,sat_aware_tof_7sig_ge1_peak_fwhm_ge_20ns,1,0.02
2026-03-22T22:10:18.180297856,9,imap_idex_l1b_sci-10days_20260321_v001.0017.cdf,827489487364297856,1,1,0.0415695415695421,0,0,False,False,sat_aware_tof_7sig_ge1_peak_fwhm_ge_20ns,1,0.02
2026-03-22T22:22:58.261533696,10,imap_idex_l1b_sci-10days_20260321_v001.0017.cdf,827490247445533696,1,1,0.0209912671869188,0,0,False,False,sat_aware_tof_7sig_ge1_peak_fwhm_ge_20ns,1,0.02
2026-03-23T01:29:27.988356096,11,imap_idex_l1b_sci-10days_20260321_v001.0017.cdf,827501437172356096,1,1,0.0353663003663011,0,0,False,False,sat_aware_tof_7sig_ge1_peak_fwhm_ge_20ns,1,0.02
2026-03-23T08:56:51.744282880,13,imap_idex_l1b_sci-10days_20260321_v001.0017.cdf,827528280928282880,1,1,0.0390135327635327,0,0,False,False,sat_aware_tof_7sig_ge1_peak_fwhm_ge_20ns,1,0.02
2026-03-23T14:11:18.697359104,14,imap_idex_l1b_sci-10days_20260321_v001.0017.cdf,827547147881359104,1,1,0.0347876760920241,0,0,False,False,sat_aware_tof_7sig_ge1_peak_fwhm_ge_20ns,1,0.02
2026-03-24T04:39:53.492533120,15,imap_idex_l1b_sci-10days_20260321_v001.0017.cdf,827599262676533120,1,1,0.0234615384615382,0,0,False,False,sat_aware_tof_7sig_ge1_peak_fwhm_ge_20ns,1,0.02
2026-03-24T08:13:45.711927936,16,imap_idex_l1b_sci-10days_20260321_v001.0017.cdf,827612094895927936,1,1,0.0402218934911237,0,0,False,False,sat_aware_tof_7sig_ge1_peak_fwhm_ge_20ns,1,0.02
2026-03-26T07:36:12.527986688,17,imap_idex_l1b_sci-10days_20260321_v001.0017.cdf,827782641711986688,1,1,0.0339102564102558,0,0,False,False,sat_aware_tof_7sig_ge1_peak_fwhm_ge_20ns,1,0.02
2026-03-26T10:35:01.804301184,18,imap_idex_l1b_sci-10days_20260321_v001.0017.cdf,827793370988301184,1,1,0.0369822485207109,0,0,False,False,sat_aware_tof_7sig_ge1_peak_fwhm_ge_20ns,1,0.02
2026-03-27T00:02:17.642886528,24,imap_idex_l1b_sci-10days_20260321_v001.0017.cdf,827841806826886528,1,1,0.0928156861189347,0,0,False,True,sat_aware_tof_7sig_ge1_peak_fwhm_ge_20ns,1,0.02
2026-04-01T08:18:25.612105088,3,imap_idex_l1b_sci-10days_20260331_v001.0017.cdf,828303574796105088,113,1,1.5212087912087924,0,0,True,False,sat_aware_tof_7sig_ge1_peak_fwhm_ge_20ns,1,0.02
2026-04-01T13:48:13.711290240,5,imap_idex_l1b_sci-10days_20260331_v001.0017.cdf,828323362895290240,1,1,0.0411970382558613,0,0,False,False,sat_aware_tof_7sig_ge1_peak_fwhm_ge_20ns,1,0.02
2026-04-01T13:53:12.445609856,6,imap_idex_l1b_sci-10days_20260331_v001.0017.cdf,828323661629609856,1,1,0.0354197485207099,0,0,False,False,sat_aware_tof_7sig_ge1_peak_fwhm_ge_20ns,1,0.02
2026-04-01T14:00:04.707770240,7,imap_idex_l1b_sci-10days_20260331_v001.0017.cdf,828324073891770240,94,2,7.268528106508875,0,0,True,False,sat_aware_tof_7sig_ge1_peak_fwhm_ge_20ns,1,0.02
2026-04-01T14:19:14.399627648,8,imap_idex_l1b_sci-10days_20260331_v001.0017.cdf,828325223583627648,1,1,0.0308601563920712,0,0,False,False,sat_aware_tof_7sig_ge1_peak_fwhm_ge_20ns,1,0.02
2026-04-01T14:25:13.909314304,9,imap_idex_l1b_sci-10days_20260331_v001.0017.cdf,828325583093314304,1,1,0.0348211988680207,0,0,False,False,sat_aware_tof_7sig_ge1_peak_fwhm_ge_20ns,1,0.02
2026-04-01T18:10:31.823168896,10,imap_idex_l1b_sci-10days_20260331_v001.0017.cdf,828339101007168896,1,1,0.0262095047809327,0,0,False,False,sat_aware_tof_7sig_ge1_peak_fwhm_ge_20ns,1,0.02
2026-04-01T20:57:00.855142912,11,imap_idex_l1b_sci-10days_20260331_v001.0017.cdf,828349090039142912,1,1,0.0421245421245411,0,0,False,False,sat_aware_tof_7sig_ge1_peak_fwhm_ge_20ns,1,0.02
2026-04-01T21:30:30.250731648,12,imap_idex_l1b_sci-10days_20260331_v001.0017.cdf,828351099434731648,1,1,0.0233516483516483,0,0,False,False,sat_aware_tof_7sig_ge1_peak_fwhm_ge_20ns,1,0.02
2026-04-01T22:04:12.173009408,13,imap_idex_l1b_sci-10days_20260331_v001.0017.cdf,828353121357009408,1,1,0.0246579142011837,0,0,False,False,sat_aware_tof_7sig_ge1_peak_fwhm_ge_20ns,1,0.02
2026-04-01T23:37:23.992235776,14,imap_idex_l1b_sci-10days_20260331_v001.0017.cdf,828358713176235776,1,1,0.0260842880523737,0,0,False,False,sat_aware_tof_7sig_ge1_peak_fwhm_ge_20ns,1,0.02
2026-04-01T23:55:45.804695552,15,imap_idex_l1b_sci-10days_20260331_v001.0017.cdf,828359814988695552,1,1,0.0399378399378394,0,0,False,False,sat_aware_tof_7sig_ge1_peak_fwhm_ge_20ns,1,0.02
2026-04-02T00:10:24.154470144,16,imap_idex_l1b_sci-10days_20260331_v001.0017.cdf,828360693338470144,1,1,0.0388663967611335,0,0,False,False,sat_aware_tof_7sig_ge1_peak_fwhm_ge_20ns,1,0.02
2026-04-02T00:32:14.424947968,17,imap_idex_l1b_sci-10days_20260331_v001.0017.cdf,828362003608947968,1,1,0.0355522682445767,0,0,False,False,sat_aware_tof_7sig_ge1_peak_fwhm_ge_20ns,1,0.02
2026-04-02T00:36:44.994952192,18,imap_idex_l1b_sci-10days_20260331_v001.0017.cdf,828362274178952192,1,1,0.0242203742203738,0,0,False,False,sat_aware_tof_7sig_ge1_peak_fwhm_ge_20ns,1,0.02
2026-04-02T02:25:39.816516736,19,imap_idex_l1b_sci-10days_20260331_v001.0017.cdf,828368809000516736,1,1,0.0240839243498819,0,0,False,False,sat_aware_tof_7sig_ge1_peak_fwhm_ge_20ns,1,0.02
2026-04-02T03:15:19.986219392,21,imap_idex_l1b_sci-10days_20260331_v001.0017.cdf,828371789170219392,1,1,0.0258247911103446,0,0,False,False,sat_aware_tof_7sig_ge1_peak_fwhm_ge_20ns,1,0.02
2026-04-02T03:24:14.236953728,23,imap_idex_l1b_sci-10days_20260331_v001.0017.cdf,828372323420953728,1,1,0.0253834706959711,0,0,False,False,sat_aware_tof_7sig_ge1_peak_fwhm_ge_20ns,1,0.02
2026-04-02T04:01:08.152364288,24,imap_idex_l1b_sci-10days_20260331_v001.0017.cdf,828374537336364288,1,1,0.0448251748251749,0,0,False,False,sat_aware_tof_7sig_ge1_peak_fwhm_ge_20ns,1,0.02
2026-04-02T04:45:29.483624704,25,imap_idex_l1b_sci-10days_20260331_v001.0017.cdf,828377198667624704,1,1,0.0381656804733727,0,0,False,False,sat_aware_tof_7sig_ge1_peak_fwhm_ge_20ns,1,0.02
2026-04-02T04:47:52.879719808,26,imap_idex_l1b_sci-10days_20260331_v001.0017.cdf,828377342063719808,1,1,0.032758295625943,0,0,False,False,sat_aware_tof_7sig_ge1_peak_fwhm_ge_20ns,1,0.02
2026-04-02T04:51:24.077455616,27,imap_idex_l1b_sci-10days_20260331_v001.0017.cdf,828377553261455616,1,1,0.0286858974358968,0,0,False,False,sat_aware_tof_7sig_ge1_peak_fwhm_ge_20ns,1,0.02
2026-04-02T04:59:12.074027776,28,imap_idex_l1b_sci-10days_20260331_v001.0017.cdf,828378021258027776,1,1,0.023958333333333,0,0,False,False,sat_aware_tof_7sig_ge1_peak_fwhm_ge_20ns,1,0.02
2026-04-02T05:24:40.564095616,30,imap_idex_l1b_sci-10days_20260331_v001.0017.cdf,828379549748095616,1,1,0.0262678560755485,0,0,False,False,sat_aware_tof_7sig_ge1_peak_fwhm_ge_20ns,1,0.02
2026-04-02T05:48:46.645855488,31,imap_idex_l1b_sci-10days_20260331_v001.0017.cdf,828380995829855488,1,1,0.0225838264299801,0,0,False,False,sat_aware_tof_7sig_ge1_peak_fwhm_ge_20ns,1,0.02
2026-04-02T05:49:12.904452480,32,imap_idex_l1b_sci-10days_20260331_v001.0017.cdf,828381022088452480,1,1,0.0389194139194151,0,0,False,False,sat_aware_tof_7sig_ge1_peak_fwhm_ge_20ns,1,0.02
2026-04-02T05:52:34.042597248,33,imap_idex_l1b_sci-10days_20260331_v001.0017.cdf,828381223226597248,1,1,0.0324560574560569,0,0,False,False,sat_aware_tof_7sig_ge1_peak_fwhm_ge_20ns,1,0.02
2026-04-02T06:24:38.734439808,35,imap_idex_l1b_sci-10days_20260331_v001.0017.cdf,828383147918439808,1,1,0.0252394419306188,0,0,False,False,sat_aware_tof_7sig_ge1_peak_fwhm_ge_20ns,1,0.02
2026-04-02T06:40:33.074627968,37,imap_idex_l1b_sci-10days_20260331_v001.0017.cdf,828384102258627968,1,1,0.0410256410256403,0,0,False,False,sat_aware_tof_7sig_ge1_peak_fwhm_ge_20ns,1,0.02
2026-04-02T07:36:27.385624448,39,imap_idex_l1b_sci-10days_20260331_v001.0017.cdf,828387456569624448,1,1,0.0247367216117218,0,0,False,False,sat_aware_tof_7sig_ge1_peak_fwhm_ge_20ns,1,0.02
2026-04-02T07:45:25.976935040,40,imap_idex_l1b_sci-10days_20260331_v001.0017.cdf,828387995160935040,1,1,0.046186813186813,0,0,False,False,sat_aware_tof_7sig_ge1_peak_fwhm_ge_20ns,1,0.02
2026-04-02T07:55:35.326784000,42,imap_idex_l1b_sci-10days_20260331_v001.0017.cdf,828388604510784000,1,1,0.0239527429934403,0,0,False,False,sat_aware_tof_7sig_ge1_peak_fwhm_ge_20ns,1,0.02
2026-04-02T08:38:25.726723712,46,imap_idex_l1b_sci-10days_20260331_v001.0017.cdf,828391174910723712,1,1,0.0302403846153846,0,0,False,False,sat_aware_tof_7sig_ge1_peak_fwhm_ge_20ns,1,0.02
2026-04-02T09:07:49.397526656,48,imap_idex_l1b_sci-10days_20260331_v001.0017.cdf,828392938581526656,1,1,0.0280288461538466,0,0,False,False,sat_aware_tof_7sig_ge1_peak_fwhm_ge_20ns,1,0.02
2026-04-02T09:08:26.248834688,49,imap_idex_l1b_sci-10days_20260331_v001.0017.cdf,828392975432834688,1,1,0.0379202279202283,0,0,False,False,sat_aware_tof_7sig_ge1_peak_fwhm_ge_20ns,1,0.02
2026-04-02T09:12:40.022633344,50,imap_idex_l1b_sci-10days_20260331_v001.0017.cdf,828393229206633344,1,1,0.0263316662697462,0,0,False,False,sat_aware_tof_7sig_ge1_peak_fwhm_ge_20ns,1,0.02
2026-04-02T09:23:39.406038656,51,imap_idex_l1b_sci-10days_20260331_v001.0017.cdf,828393888590038656,1,1,0.0255225166989879,0,0,False,False,sat_aware_tof_7sig_ge1_peak_fwhm_ge_20ns,1,0.02
2026-04-02T09:28:07.184065408,52,imap_idex_l1b_sci-10days_20260331_v001.0017.cdf,828394156368065408,1,1,0.0378351648351645,0,0,False,False,sat_aware_tof_7sig_ge1_peak_fwhm_ge_20ns,1,0.02
2026-04-02T09:39:24.443555072,54,imap_idex_l1b_sci-10days_20260331_v001.0017.cdf,828394833627555072,1,1,0.0379987659399432,0,0,False,False,sat_aware_tof_7sig_ge1_peak_fwhm_ge_20ns,1,0.02
2026-04-02T09:40:18.969567488,55,imap_idex_l1b_sci-10days_20260331_v001.0017.cdf,828394888153567488,1,1,0.0348443223443222,0,0,False,False,sat_aware_tof_7sig_ge1_peak_fwhm_ge_20ns,1,0.02
2026-04-02T09:55:43.814961408,56,imap_idex_l1b_sci-10days_20260331_v001.0017.cdf,828395812998961408,1,1,0.0292643572181239,0,0,False,False,sat_aware_tof_7sig_ge1_peak_fwhm_ge_20ns,1,0.02
2026-04-02T10:13:18.465762304,57,imap_idex_l1b_sci-10days_20260331_v001.0017.cdf,828396867649762304,1,1,0.0365873015873019,0,0,False,False,sat_aware_tof_7sig_ge1_peak_fwhm_ge_20ns,1,0.02
2026-04-02T10:17:26.097066368,58,imap_idex_l1b_sci-10days_20260331_v001.0017.cdf,828397115281066368,1,1,0.0305982905982905,0,0,False,False,sat_aware_tof_7sig_ge1_peak_fwhm_ge_20ns,1,0.02
2026-04-02T10:34:48.544597888,59,imap_idex_l1b_sci-10days_20260331_v001.0017.cdf,828398157728597888,1,1,0.0251171104536483,0,0,False,False,sat_aware_tof_7sig_ge1_peak_fwhm_ge_20ns,1,0.02
2026-04-02T10:42:10.094532992,60,imap_idex_l1b_sci-10days_20260331_v001.0017.cdf,828398599278532992,1,1,0.022307692307692,0,0,False,False,sat_aware_tof_7sig_ge1_peak_fwhm_ge_20ns,1,0.02
2026-04-02T11:11:20.173487744,63,imap_idex_l1b_sci-10days_20260331_v001.0017.cdf,828400349357487744,1,1,0.0379901960784311,0,0,False,False,sat_aware_tof_7sig_ge1_peak_fwhm_ge_20ns,1,0.02
2026-04-02T11:11:37.910172416,64,imap_idex_l1b_sci-10days_20260331_v001.0017.cdf,828400367094172416,1,1,0.0370688754180597,0,0,False,False,sat_aware_tof_7sig_ge1_peak_fwhm_ge_20ns,1,0.02
2026-04-02T11:14:14.089276160,65,imap_idex_l1b_sci-10days_20260331_v001.0017.cdf,828400523273276160,1,1,0.0343990384615376,0,0,False,False,sat_aware_tof_7sig_ge1_peak_fwhm_ge_20ns,1,0.02
2026-04-02T11:16:16.770109184,66,imap_idex_l1b_sci-10days_20260331_v001.0017.cdf,828400645954109184,1,1,0.0342477375565602,0,0,False,False,sat_aware_tof_7sig_ge1_peak_fwhm_ge_20ns,1,0.02
2026-04-02T11:28:47.877374720,68,imap_idex_l1b_sci-10days_20260331_v001.0017.cdf,828401397061374720,1,1,0.0302121489621489,0,0,False,False,sat_aware_tof_7sig_ge1_peak_fwhm_ge_20ns,1,0.02
2026-04-02T11:36:58.049707392,69,imap_idex_l1b_sci-10days_20260331_v001.0017.cdf,828401887233707392,1,1,0.0406354515050169,0,0,False,False,sat_aware_tof_7sig_ge1_peak_fwhm_ge_20ns,1,0.02
2026-04-02T11:42:24.649002752,72,imap_idex_l1b_sci-10days_20260331_v001.0017.cdf,828402213833002752,1,1,0.0448218448218454,0,0,False,False,sat_aware_tof_7sig_ge1_peak_fwhm_ge_20ns,1,0.02
2026-04-02T11:51:24.593912192,73,imap_idex_l1b_sci-10days_20260331_v001.0017.cdf,828402753777912192,1,1,0.0337237762237758,0,0,False,False,sat_aware_tof_7sig_ge1_peak_fwhm_ge_20ns,1,0.02
2026-04-02T12:07:36.364905216,75,imap_idex_l1b_sci-10days_20260331_v001.0017.cdf,828403725548905216,1,1,0.023112273755656,0,0,False,False,sat_aware_tof_7sig_ge1_peak_fwhm_ge_20ns,1,0.02
2026-04-02T12:08:39.408750336,76,imap_idex_l1b_sci-10days_20260331_v001.0017.cdf,828403788592750336,1,1,0.0306114398422089,0,0,False,False,sat_aware_tof_7sig_ge1_peak_fwhm_ge_20ns,1,0.02
2026-04-02T12:20:10.392788096,77,imap_idex_l1b_sci-10days_20260331_v001.0017.cdf,828404479576788096,1,1,0.0271775592828229,0,0,False,False,sat_aware_tof_7sig_ge1_peak_fwhm_ge_20ns,1,0.02
2026-04-02T12:32:53.312643072,79,imap_idex_l1b_sci-10days_20260331_v001.0017.cdf,828405242496643072,1,1,0.0213791942002954,0,0,False,False,sat_aware_tof_7sig_ge1_peak_fwhm_ge_20ns,1,0.02
2026-04-02T12:39:46.580302976,80,imap_idex_l1b_sci-10days_20260331_v001.0017.cdf,828405655764302976,1,1,0.0291882396449699,0,0,False,False,sat_aware_tof_7sig_ge1_peak_fwhm_ge_20ns,1,0.02
2026-04-02T12:44:17.396626944,81,imap_idex_l1b_sci-10days_20260331_v001.0017.cdf,828405926580626944,1,1,0.0215976331360949,0,0,False,False,sat_aware_tof_7sig_ge1_peak_fwhm_ge_20ns,1,0.02
2026-04-02T12:47:17.576029952,82,imap_idex_l1b_sci-10days_20260331_v001.0017.cdf,828406106760029952,1,1,0.0353917378917382,0,0,False,False,sat_aware_tof_7sig_ge1_peak_fwhm_ge_20ns,1,0.02
2026-04-02T12:57:26.637659136,83,imap_idex_l1b_sci-10days_20260331_v001.0017.cdf,828406715821659136,1,1,0.0258758714403881,0,0,False,False,sat_aware_tof_7sig_ge1_peak_fwhm_ge_20ns,1,0.02
2026-04-02T13:07:23.858578560,87,imap_idex_l1b_sci-10days_20260331_v001.0017.cdf,828407313042578560,1,1,0.0412431318681311,0,0,False,False,sat_aware_tof_7sig_ge1_peak_fwhm_ge_20ns,1,0.02
2026-04-02T13:20:00.297279232,88,imap_idex_l1b_sci-10days_20260331_v001.0017.cdf,828408069481279232,1,1,0.043777153079479,0,0,False,False,sat_aware_tof_7sig_ge1_peak_fwhm_ge_20ns,1,0.02
2026-04-02T13:29:45.352849408,89,imap_idex_l1b_sci-10days_20260331_v001.0017.cdf,828408654536849408,1,1,0.0282983682983681,0,0,False,False,sat_aware_tof_7sig_ge1_peak_fwhm_ge_20ns,1,0.02
2026-04-02T13:48:23.649274752,93,imap_idex_l1b_sci-10days_20260331_v001.0017.cdf,828409772833274752,1,1,0.0322147083685547,0,0,False,False,sat_aware_tof_7sig_ge1_peak_fwhm_ge_20ns,1,0.02
2026-04-02T13:59:10.124951424,94,imap_idex_l1b_sci-10days_20260331_v001.0017.cdf,828410419308951424,1,1,0.0410040939452697,0,0,False,False,sat_aware_tof_7sig_ge1_peak_fwhm_ge_20ns,1,0.02
2026-04-02T14:06:57.570743808,95,imap_idex_l1b_sci-10days_20260331_v001.0017.cdf,828410886754743808,1,1,0.0208479020979021,0,0,False,False,sat_aware_tof_7sig_ge1_peak_fwhm_ge_20ns,1,0.02
2026-04-02T14:22:18.363341440,96,imap_idex_l1b_sci-10days_20260331_v001.0017.cdf,828411807547341440,1,1,0.0417307692307685,0,0,False,False,sat_aware_tof_7sig_ge1_peak_fwhm_ge_20ns,1,0.02
2026-04-02T14:34:37.986976768,97,imap_idex_l1b_sci-10days_20260331_v001.0017.cdf,828412547170976768,1,1,0.0301506186121568,0,0,False,False,sat_aware_tof_7sig_ge1_peak_fwhm_ge_20ns,1,0.02
2026-04-02T14:41:01.188182784,98,imap_idex_l1b_sci-10days_20260331_v001.0017.cdf,828412930372182784,1,1,0.0252598752598747,0,0,False,False,sat_aware_tof_7sig_ge1_peak_fwhm_ge_20ns,1,0.02
2026-04-02T14:48:10.858248320,99,imap_idex_l1b_sci-10days_20260331_v001.0017.cdf,828413360042248320,1,1,0.0370808678500981,0,0,False,False,sat_aware_tof_7sig_ge1_peak_fwhm_ge_20ns,1,0.02
2026-04-02T15:10:12.819636096,101,imap_idex_l1b_sci-10days_20260331_v001.0017.cdf,828414682003636096,1,1,0.0201554200275426,0,0,False,False,sat_aware_tof_7sig_ge1_peak_fwhm_ge_20ns,1,0.02
2026-04-02T15:11:12.531804160,102,imap_idex_l1b_sci-10days_20260331_v001.0017.cdf,828414741715804160,1,1,0.0379540598290598,0,0,False,False,sat_aware_tof_7sig_ge1_peak_fwhm_ge_20ns,1,0.02
2026-04-02T15:24:06.377169792,104,imap_idex_l1b_sci-10days_20260331_v001.0017.cdf,828415515561169792,1,1,0.0301479289940828,0,0,False,False,sat_aware_tof_7sig_ge1_peak_fwhm_ge_20ns,1,0.02
2026-04-02T15:41:03.501483136,105,imap_idex_l1b_sci-10days_20260331_v001.0017.cdf,828416532685483136,1,1,0.0292045454545453,0,0,False,False,sat_aware_tof_7sig_ge1_peak_fwhm_ge_20ns,1,0.02
2026-04-02T15:42:12.331083136,106,imap_idex_l1b_sci-10days_20260331_v001.0017.cdf,828416601515083136,1,1,0.0361177884615389,0,0,False,False,sat_aware_tof_7sig_ge1_peak_fwhm_ge_20ns,1,0.02
2026-04-02T15:45:16.276542848,107,imap_idex_l1b_sci-10days_20260331_v001.0017.cdf,828416785460542848,1,1,0.0260256410256416,0,0,False,False,sat_aware_tof_7sig_ge1_peak_fwhm_ge_20ns,1,0.02
2026-04-02T15:56:33.589052544,108,imap_idex_l1b_sci-10days_20260331_v001.0017.cdf,828417462773052544,1,1,0.0372086247086248,0,0,False,False,sat_aware_tof_7sig_ge1_peak_fwhm_ge_20ns,1,0.02
2026-04-02T16:01:38.499286912,109,imap_idex_l1b_sci-10days_20260331_v001.0017.cdf,828417767683286912,1,1,0.0265024038461532,0,0,False,False,sat_aware_tof_7sig_ge1_peak_fwhm_ge_20ns,1,0.02
2026-04-02T16:22:20.992663936,111,imap_idex_l1b_sci-10days_20260331_v001.0017.cdf,828419010176663936,1,1,0.0257149901380671,0,0,False,False,sat_aware_tof_7sig_ge1_peak_fwhm_ge_20ns,1,0.02
2026-04-02T16:28:31.674440832,112,imap_idex_l1b_sci-10days_20260331_v001.0017.cdf,828419380858440832,1,1,0.0393205128205127,0,0,False,False,sat_aware_tof_7sig_ge1_peak_fwhm_ge_20ns,1,0.02
2026-04-02T16:31:15.095498496,113,imap_idex_l1b_sci-10days_20260331_v001.0017.cdf,828419544279498496,1,1,0.0342105263157885,0,0,False,False,sat_aware_tof_7sig_ge1_peak_fwhm_ge_20ns,1,0.02
2026-04-02T16:54:35.996317440,116,imap_idex_l1b_sci-10days_20260331_v001.0017.cdf,828420945180317440,1,1,0.0392628205128202,0,0,False,False,sat_aware_tof_7sig_ge1_peak_fwhm_ge_20ns,1,0.02
2026-04-02T17:31:17.364498816,119,imap_idex_l1b_sci-10days_20260331_v001.0017.cdf,828423146548498816,1,1,0.0391377852916311,0,0,False,False,sat_aware_tof_7sig_ge1_peak_fwhm_ge_20ns,1,0.02
2026-04-02T17:51:45.440808576,120,imap_idex_l1b_sci-10days_20260331_v001.0017.cdf,828424374624808576,1,1,0.0250549450549457,0,0,False,False,sat_aware_tof_7sig_ge1_peak_fwhm_ge_20ns,1,0.02
2026-04-02T18:09:58.073736320,121,imap_idex_l1b_sci-10days_20260331_v001.0017.cdf,828425467257736320,1,1,0.0327935222672068,0,0,False,False,sat_aware_tof_7sig_ge1_peak_fwhm_ge_20ns,1,0.02
2026-04-02T18:19:22.155764736,122,imap_idex_l1b_sci-10days_20260331_v001.0017.cdf,828426031339764736,1,1,0.029302413273001,0,0,False,False,sat_aware_tof_7sig_ge1_peak_fwhm_ge_20ns,1,0.02
2026-04-02T18:21:37.788906368,123,imap_idex_l1b_sci-10days_20260331_v001.0017.cdf,828426166972906368,1,1,0.0350743006993003,0,0,False,False,sat_aware_tof_7sig_ge1_peak_fwhm_ge_20ns,1,0.02
2026-04-02T18:25:11.754599936,124,imap_idex_l1b_sci-10days_20260331_v001.0017.cdf,828426380938599936,1,1,0.0395147928994081,0,0,False,False,sat_aware_tof_7sig_ge1_peak_fwhm_ge_20ns,1,0.02
2026-04-02T18:35:12.578396288,125,imap_idex_l1b_sci-10days_20260331_v001.0017.cdf,828426981762396288,1,1,0.0371433002481392,0,0,False,False,sat_aware_tof_7sig_ge1_peak_fwhm_ge_20ns,1,0.02
2026-04-02T18:37:35.770051456,126,imap_idex_l1b_sci-10days_20260331_v001.0017.cdf,828427124954051456,1,1,0.0400349650349645,0,0,False,False,sat_aware_tof_7sig_ge1_peak_fwhm_ge_20ns,1,0.02
2026-04-02T18:58:07.915397504,127,imap_idex_l1b_sci-10days_20260331_v001.0017.cdf,828428357099397504,1,1,0.0417378917378908,0,0,False,False,sat_aware_tof_7sig_ge1_peak_fwhm_ge_20ns,1,0.02
2026-04-02T19:34:10.141553024,130,imap_idex_l1b_sci-10days_20260331_v001.0017.cdf,828430519325553024,1,1,0.0285337211807801,0,0,False,False,sat_aware_tof_7sig_ge1_peak_fwhm_ge_20ns,1,0.02
2026-04-02T19:43:52.706645376,131,imap_idex_l1b_sci-10days_20260331_v001.0017.cdf,828431101890645376,1,1,0.0351681057038198,0,0,False,False,sat_aware_tof_7sig_ge1_peak_fwhm_ge_20ns,1,0.02
2026-04-02T20:07:26.984672640,135,imap_idex_l1b_sci-10days_20260331_v001.0017.cdf,828432516168672640,1,1,0.0412644036125815,0,0,False,False,sat_aware_tof_7sig_ge1_peak_fwhm_ge_20ns,1,0.02
2026-04-02T20:27:18.127074560,137,imap_idex_l1b_sci-10days_20260331_v001.0017.cdf,828433707311074560,1,1,0.0435096153846162,0,0,False,False,sat_aware_tof_7sig_ge1_peak_fwhm_ge_20ns,1,0.02
2026-04-02T20:59:34.913146624,140,imap_idex_l1b_sci-10days_20260331_v001.0017.cdf,828435644097146624,1,1,0.0243387426526961,0,0,False,False,sat_aware_tof_7sig_ge1_peak_fwhm_ge_20ns,1,0.02
2026-04-02T21:03:33.146878976,141,imap_idex_l1b_sci-10days_20260331_v001.0017.cdf,828435882330878976,1,1,0.0286191239316233,0,0,False,False,sat_aware_tof_7sig_ge1_peak_fwhm_ge_20ns,1,0.02
2026-04-02T21:28:13.531908736,142,imap_idex_l1b_sci-10days_20260331_v001.0017.cdf,828437362715908736,1,1,0.0213937960773399,0,0,False,False,sat_aware_tof_7sig_ge1_peak_fwhm_ge_20ns,1,0.02
2026-04-02T21:28:52.728894592,143,imap_idex_l1b_sci-10days_20260331_v001.0017.cdf,828437401912894592,1,1,0.0240767771128304,0,0,False,False,sat_aware_tof_7sig_ge1_peak_fwhm_ge_20ns,1,0.02
2026-04-02T21:30:25.324093952,144,imap_idex_l1b_sci-10days_20260331_v001.0017.cdf,828437494508093952,1,1,0.0456263736263735,0,0,False,False,sat_aware_tof_7sig_ge1_peak_fwhm_ge_20ns,1,0.02
2026-04-02T21:33:33.168970112,145,imap_idex_l1b_sci-10days_20260331_v001.0017.cdf,828437682352970112,1,1,0.0278938609467449,0,0,False,False,sat_aware_tof_7sig_ge1_peak_fwhm_ge_20ns,1,0.02
2026-04-02T21:42:25.429686272,147,imap_idex_l1b_sci-10days_20260331_v001.0017.cdf,828438214613686272,1,1,0.0273326673326671,0,0,False,False,sat_aware_tof_7sig_ge1_peak_fwhm_ge_20ns,1,0.02
2026-04-02T21:42:55.737559808,148,imap_idex_l1b_sci-10days_20260331_v001.0017.cdf,828438244921559808,1,1,0.029985754985755,0,0,False,False,sat_aware_tof_7sig_ge1_peak_fwhm_ge_20ns,1,0.02
2026-04-02T22:05:32.525237376,152,imap_idex_l1b_sci-10days_20260331_v001.0017.cdf,828439601709237376,1,1,0.040744810744811,0,0,False,False,sat_aware_tof_7sig_ge1_peak_fwhm_ge_20ns,1,0.02
2026-04-02T22:17:51.010493696,153,imap_idex_l1b_sci-10days_20260331_v001.0017.cdf,828440340194493696,1,1,0.0360805860805865,0,0,False,False,sat_aware_tof_7sig_ge1_peak_fwhm_ge_20ns,1,0.02
2026-04-02T22:19:23.706193024,154,imap_idex_l1b_sci-10days_20260331_v001.0017.cdf,828440432890193024,1,1,0.0387237762237761,0,0,False,False,sat_aware_tof_7sig_ge1_peak_fwhm_ge_20ns,1,0.02
2026-04-02T22:30:26.779774976,155,imap_idex_l1b_sci-10days_20260331_v001.0017.cdf,828441095963774976,1,1,0.0418934911242606,0,0,False,False,sat_aware_tof_7sig_ge1_peak_fwhm_ge_20ns,1,0.02
2026-04-02T22:41:44.645084160,157,imap_idex_l1b_sci-10days_20260331_v001.0017.cdf,828441773829084160,1,1,0.0237278106508876,0,0,False,False,sat_aware_tof_7sig_ge1_peak_fwhm_ge_20ns,1,0.02
2026-04-02T22:47:54.786221696,158,imap_idex_l1b_sci-10days_20260331_v001.0017.cdf,828442143970221696,1,1,0.0366874566874561,0,0,False,False,sat_aware_tof_7sig_ge1_peak_fwhm_ge_20ns,1,0.02
2026-04-02T23:08:10.157762304,160,imap_idex_l1b_sci-10days_20260331_v001.0017.cdf,828443359341762304,1,1,0.0516403885969101,0,0,False,False,sat_aware_tof_7sig_ge1_peak_fwhm_ge_20ns,1,0.02
2026-04-02T23:28:28.642260480,161,imap_idex_l1b_sci-10days_20260331_v001.0017.cdf,828444577826260480,1,1,0.0420146520146526,0,0,False,False,sat_aware_tof_7sig_ge1_peak_fwhm_ge_20ns,1,0.02
2026-04-02T23:58:00.158436480,163,imap_idex_l1b_sci-10days_20260331_v001.0017.cdf,828446349342436480,1,1,0.0400349650349654,0,0,False,False,sat_aware_tof_7sig_ge1_peak_fwhm_ge_20ns,1,0.02
2026-04-03T00:43:35.443932416,166,imap_idex_l1b_sci-10days_20260331_v001.0017.cdf,828449084627932416,1,1,0.0201363100501026,0,0,False,False,sat_aware_tof_7sig_ge1_peak_fwhm_ge_20ns,1,0.02
2026-04-03T00:46:11.795516288,168,imap_idex_l1b_sci-10days_20260331_v001.0017.cdf,828449240979516288,1,1,0.0414226398601394,0,0,False,False,sat_aware_tof_7sig_ge1_peak_fwhm_ge_20ns,1,0.02
2026-04-03T00:54:20.017390720,169,imap_idex_l1b_sci-10days_20260331_v001.0017.cdf,828449729201390720,1,1,0.0311463046757162,0,0,False,False,sat_aware_tof_7sig_ge1_peak_fwhm_ge_20ns,1,0.02
2026-04-03T01:00:11.628764288,170,imap_idex_l1b_sci-10days_20260331_v001.0017.cdf,828450080812764288,1,1,0.0391239316239315,0,0,False,False,sat_aware_tof_7sig_ge1_peak_fwhm_ge_20ns,1,0.02
2026-04-03T01:03:50.695633280,171,imap_idex_l1b_sci-10days_20260331_v001.0017.cdf,828450299879633280,1,1,0.0346923076923075,0,0,False,False,sat_aware_tof_7sig_ge1_peak_fwhm_ge_20ns,1,0.02
2026-04-03T01:05:29.170647680,172,imap_idex_l1b_sci-10days_20260331_v001.0017.cdf,828450398354647680,1,1,0.0239073426573423,0,0,False,False,sat_aware_tof_7sig_ge1_peak_fwhm_ge_20ns,1,0.02
2026-04-03T01:14:05.119617792,173,imap_idex_l1b_sci-10days_20260331_v001.0017.cdf,828450914303617792,1,1,0.0262784090909097,0,0,False,False,sat_aware_tof_7sig_ge1_peak_fwhm_ge_20ns,1,0.02
2026-04-03T01:49:21.934572928,174,imap_idex_l1b_sci-10days_20260331_v001.0017.cdf,828453031118572928,1,1,0.0412201591511941,0,0,False,False,sat_aware_tof_7sig_ge1_peak_fwhm_ge_20ns,1,0.02
2026-04-03T01:58:58.728110336,175,imap_idex_l1b_sci-10days_20260331_v001.0017.cdf,828453607912110336,1,1,0.0273279352226718,0,0,False,False,sat_aware_tof_7sig_ge1_peak_fwhm_ge_20ns,1,0.02
2026-04-03T02:11:12.111051008,177,imap_idex_l1b_sci-10days_20260331_v001.0017.cdf,828454341295051008,1,1,0.0394280078895459,0,0,False,False,sat_aware_tof_7sig_ge1_peak_fwhm_ge_20ns,1,0.02
2026-04-03T02:16:47.289078784,178,imap_idex_l1b_sci-10days_20260331_v001.0017.cdf,828454676473078784,1,1,0.0381451612903223,0,0,False,False,sat_aware_tof_7sig_ge1_peak_fwhm_ge_20ns,1,0.02
2026-04-03T02:23:23.889953280,179,imap_idex_l1b_sci-10days_20260331_v001.0017.cdf,828455073073953280,1,1,0.0331425518925515,0,0,False,False,sat_aware_tof_7sig_ge1_peak_fwhm_ge_20ns,1,0.02
2026-04-03T02:43:26.011345536,180,imap_idex_l1b_sci-10days_20260331_v001.0017.cdf,828456275195345536,1,1,0.0301095085470084,0,0,False,False,sat_aware_tof_7sig_ge1_peak_fwhm_ge_20ns,1,0.02
2026-04-03T02:45:51.320878848,181,imap_idex_l1b_sci-10days_20260331_v001.0017.cdf,828456420504878848,1,1,0.0290535444947207,0,0,False,False,sat_aware_tof_7sig_ge1_peak_fwhm_ge_20ns,1,0.02
2026-04-03T02:53:45.553065728,182,imap_idex_l1b_sci-10days_20260331_v001.0017.cdf,828456894737065728,1,1,0.0315384615384616,0,0,False,False,sat_aware_tof_7sig_ge1_peak_fwhm_ge_20ns,1,0.02
2026-04-03T02:57:47.567454592,183,imap_idex_l1b_sci-10days_20260331_v001.0017.cdf,828457136751454592,1,1,0.0311410522948982,0,0,False,False,sat_aware_tof_7sig_ge1_peak_fwhm_ge_20ns,1,0.02
2026-04-03T03:07:14.615720448,184,imap_idex_l1b_sci-10days_20260331_v001.0017.cdf,828457703799720448,1,1,0.0462987736900778,0,0,False,False,sat_aware_tof_7sig_ge1_peak_fwhm_ge_20ns,1,0.02
2026-04-03T03:11:30.562317440,185,imap_idex_l1b_sci-10days_20260331_v001.0017.cdf,828457959746317440,1,1,0.0372725392886684,0,0,False,False,sat_aware_tof_7sig_ge1_peak_fwhm_ge_20ns,1,0.02
2026-04-03T03:12:06.618225920,186,imap_idex_l1b_sci-10days_20260331_v001.0017.cdf,828457995802225920,1,1,0.0216225961538458,0,0,False,False,sat_aware_tof_7sig_ge1_peak_fwhm_ge_20ns,1,0.02
2026-04-03T03:29:54.296115584,187,imap_idex_l1b_sci-10days_20260331_v001.0017.cdf,828459063480115584,1,1,0.0340489510489515,0,0,False,False,sat_aware_tof_7sig_ge1_peak_fwhm_ge_20ns,1,0.02
2026-04-03T03:42:34.966792448,188,imap_idex_l1b_sci-10days_20260331_v001.0017.cdf,828459824150792448,1,1,0.0248831813347937,0,0,False,False,sat_aware_tof_7sig_ge1_peak_fwhm_ge_20ns,1,0.02
2026-04-03T03:43:11.183201024,189,imap_idex_l1b_sci-10days_20260331_v001.0017.cdf,828459860367201024,1,1,0.0353846153846159,0,0,False,False,sat_aware_tof_7sig_ge1_peak_fwhm_ge_20ns,1,0.02
2026-04-03T03:58:17.637450880,190,imap_idex_l1b_sci-10days_20260331_v001.0017.cdf,828460766821450880,1,1,0.0241241914114256,0,0,False,False,sat_aware_tof_7sig_ge1_peak_fwhm_ge_20ns,1,0.02
2026-04-03T04:10:07.381492352,191,imap_idex_l1b_sci-10days_20260331_v001.0017.cdf,828461476565492352,1,1,0.035246548323471,0,0,False,False,sat_aware_tof_7sig_ge1_peak_fwhm_ge_20ns,1,0.02
2026-04-03T04:14:30.554702848,192,imap_idex_l1b_sci-10days_20260331_v001.0017.cdf,828461739738702848,1,1,0.0415610859728515,0,0,False,False,sat_aware_tof_7sig_ge1_peak_fwhm_ge_20ns,1,0.02
2026-04-03T04:20:37.711122944,193,imap_idex_l1b_sci-10days_20260331_v001.0017.cdf,828462106895122944,1,1,0.0463447398190044,0,0,False,False,sat_aware_tof_7sig_ge1_peak_fwhm_ge_20ns,1,0.02
2026-04-03T04:28:08.930529664,195,imap_idex_l1b_sci-10days_20260331_v001.0017.cdf,828462558114529664,1,1,0.0346491228070167,0,0,False,False,sat_aware_tof_7sig_ge1_peak_fwhm_ge_20ns,1,0.02
2026-04-03T04:35:03.216548608,196,imap_idex_l1b_sci-10days_20260331_v001.0017.cdf,828462972400548608,1,1,0.0241798642533938,0,0,False,False,sat_aware_tof_7sig_ge1_peak_fwhm_ge_20ns,1,0.02
2026-04-03T04:40:18.975953536,198,imap_idex_l1b_sci-10days_20260331_v001.0017.cdf,828463288159953536,211,1,5.9630769230769225,0,0,True,False,sat_aware_tof_7sig_ge1_peak_fwhm_ge_20ns,1,0.02
2026-04-03T04:48:22.555811968,200,imap_idex_l1b_sci-10days_20260331_v001.0017.cdf,828463771739811968,1,1,0.0282670203359863,0,0,False,False,sat_aware_tof_7sig_ge1_peak_fwhm_ge_20ns,1,0.02
2026-04-03T05:22:15.712719872,201,imap_idex_l1b_sci-10days_20260331_v001.0017.cdf,828465804896719872,1,1,0.0380316742081447,0,0,False,False,sat_aware_tof_7sig_ge1_peak_fwhm_ge_20ns,1,0.02
2026-04-03T05:29:40.702332032,203,imap_idex_l1b_sci-10days_20260331_v001.0017.cdf,828466249886332032,1,1,0.0310262877097679,0,0,False,False,sat_aware_tof_7sig_ge1_peak_fwhm_ge_20ns,1,0.02
2026-04-03T05:38:34.833266560,204,imap_idex_l1b_sci-10days_20260331_v001.0017.cdf,828466784017266560,1,1,0.0276834659593285,0,0,False,False,sat_aware_tof_7sig_ge1_peak_fwhm_ge_20ns,1,0.02
2026-04-03T06:24:42.164194688,207,imap_idex_l1b_sci-10days_20260331_v001.0017.cdf,828469551348194688,1,1,0.0278654364503426,0,0,False,False,sat_aware_tof_7sig_ge1_peak_fwhm_ge_20ns,1,0.02
2026-04-03T07:02:39.486009984,209,imap_idex_l1b_sci-10days_20260331_v001.0017.cdf,828471828670009984,1,1,0.0417974444730292,0,0,False,False,sat_aware_tof_7sig_ge1_peak_fwhm_ge_20ns,1,0.02
2026-04-03T07:23:27.593582080,210,imap_idex_l1b_sci-10days_20260331_v001.0017.cdf,828473076777582080,1,1,0.023956043956044,0,0,False,False,sat_aware_tof_7sig_ge1_peak_fwhm_ge_20ns,1,0.02
2026-04-03T07:46:27.870299136,212,imap_idex_l1b_sci-10days_20260331_v001.0017.cdf,828474457054299136,1,1,0.0381410256410254,0,0,False,False,sat_aware_tof_7sig_ge1_peak_fwhm_ge_20ns,1,0.02
2026-04-03T07:49:58.718595456,213,imap_idex_l1b_sci-10days_20260331_v001.0017.cdf,828474667902595456,1,1,0.0417864187094957,0,0,False,False,sat_aware_tof_7sig_ge1_peak_fwhm_ge_20ns,1,0.02
2026-04-03T07:59:49.317060608,214,imap_idex_l1b_sci-10days_20260331_v001.0017.cdf,828475258501060608,1,1,0.0519365250134474,0,0,False,False,sat_aware_tof_7sig_ge1_peak_fwhm_ge_20ns,1,0.02
2026-04-03T08:21:04.975028864,215,imap_idex_l1b_sci-10days_20260331_v001.0017.cdf,828476534159028864,1,1,0.0365653577192041,0,0,False,False,sat_aware_tof_7sig_ge1_peak_fwhm_ge_20ns,1,0.02
2026-04-03T08:33:25.320943616,216,imap_idex_l1b_sci-10days_20260331_v001.0017.cdf,828477274504943616,1,1,0.0425160256410249,0,0,False,False,sat_aware_tof_7sig_ge1_peak_fwhm_ge_20ns,1,0.02
2026-04-03T08:50:12.877005440,217,imap_idex_l1b_sci-10days_20260331_v001.0017.cdf,828478282061005440,1,1,0.0395940170940182,0,0,False,False,sat_aware_tof_7sig_ge1_peak_fwhm_ge_20ns,1,0.02
2026-04-03T09:04:02.152202752,219,imap_idex_l1b_sci-10days_20260331_v001.0017.cdf,828479111336202752,1,1,0.0204964678178964,0,0,False,False,sat_aware_tof_7sig_ge1_peak_fwhm_ge_20ns,1,0.02
2026-04-03T09:16:28.574252288,221,imap_idex_l1b_sci-10days_20260331_v001.0017.cdf,828479857758252288,1,1,0.0263461538461534,0,0,False,False,sat_aware_tof_7sig_ge1_peak_fwhm_ge_20ns,1,0.02
2026-04-03T09:20:48.198445824,222,imap_idex_l1b_sci-10days_20260331_v001.0017.cdf,828480117382445824,1,1,0.030743646597305,0,0,False,False,sat_aware_tof_7sig_ge1_peak_fwhm_ge_20ns,1,0.02
2026-04-03T09:47:57.290825984,225,imap_idex_l1b_sci-10days_20260331_v001.0017.cdf,828481746474825984,1,1,0.0345321345321353,0,0,False,False,sat_aware_tof_7sig_ge1_peak_fwhm_ge_20ns,1,0.02
2026-04-03T09:49:00.807110784,226,imap_idex_l1b_sci-10days_20260331_v001.0017.cdf,828481809991110784,1,1,0.0383283383283382,0,0,False,False,sat_aware_tof_7sig_ge1_peak_fwhm_ge_20ns,1,0.02
2026-04-03T09:55:23.160117376,227,imap_idex_l1b_sci-10days_20260331_v001.0017.cdf,828482192344117376,1,1,0.0209815156304886,0,0,False,False,sat_aware_tof_7sig_ge1_peak_fwhm_ge_20ns,1,0.02
2026-04-03T09:57:10.971663488,228,imap_idex_l1b_sci-10days_20260331_v001.0017.cdf,828482300155663488,1,1,0.0283138736263734,0,0,False,False,sat_aware_tof_7sig_ge1_peak_fwhm_ge_20ns,1,0.02
2026-04-03T10:08:52.444612096,229,imap_idex_l1b_sci-10days_20260331_v001.0017.cdf,828483001628612096,1,1,0.0313137755102046,0,0,False,False,sat_aware_tof_7sig_ge1_peak_fwhm_ge_20ns,1,0.02
2026-04-03T10:36:18.671717248,230,imap_idex_l1b_sci-10days_20260331_v001.0017.cdf,828484647855717248,1,1,0.0443496503496499,0,0,False,False,sat_aware_tof_7sig_ge1_peak_fwhm_ge_20ns,1,0.02
2026-04-03T11:08:38.317946752,232,imap_idex_l1b_sci-10days_20260331_v001.0017.cdf,828486587501946752,1,1,0.025821524966261,0,0,False,False,sat_aware_tof_7sig_ge1_peak_fwhm_ge_20ns,1,0.02
2026-04-03T11:34:05.341036032,233,imap_idex_l1b_sci-10days_20260331_v001.0017.cdf,828488114525036032,1,1,0.0389293747188483,0,0,False,False,sat_aware_tof_7sig_ge1_peak_fwhm_ge_20ns,1,0.02
2026-04-03T11:48:42.917031168,235,imap_idex_l1b_sci-10days_20260331_v001.0017.cdf,828488992101031168,1,1,0.0276630844645552,0,0,False,False,sat_aware_tof_7sig_ge1_peak_fwhm_ge_20ns,1,0.02
2026-04-03T12:04:40.242256768,238,imap_idex_l1b_sci-10days_20260331_v001.0017.cdf,828489949426256768,1,1,0.042481203007519,0,0,False,False,sat_aware_tof_7sig_ge1_peak_fwhm_ge_20ns,1,0.02
2026-04-03T12:06:22.757207424,239,imap_idex_l1b_sci-10days_20260331_v001.0017.cdf,828490051941207424,1,1,0.0409146942800793,0,0,False,False,sat_aware_tof_7sig_ge1_peak_fwhm_ge_20ns,1,0.02
2026-04-03T12:07:35.774863744,240,imap_idex_l1b_sci-10days_20260331_v001.0017.cdf,828490124958863744,1,1,0.0237516869095817,0,0,False,False,sat_aware_tof_7sig_ge1_peak_fwhm_ge_20ns,1,0.02
2026-04-03T13:22:32.528804608,241,imap_idex_l1b_sci-10days_20260331_v001.0017.cdf,828494621712804608,1,1,0.0264308802403021,0,0,False,False,sat_aware_tof_7sig_ge1_peak_fwhm_ge_20ns,1,0.02
2026-04-03T14:41:09.466053504,243,imap_idex_l1b_sci-10days_20260331_v001.0017.cdf,828499338650053504,1,1,0.0252747252747264,0,0,False,False,sat_aware_tof_7sig_ge1_peak_fwhm_ge_20ns,1,0.02
2026-04-03T14:47:52.550042240,244,imap_idex_l1b_sci-10days_20260331_v001.0017.cdf,828499741734042240,1,1,0.0400755494505496,0,0,False,False,sat_aware_tof_7sig_ge1_peak_fwhm_ge_20ns,1,0.02
2026-04-03T16:04:04.289737856,247,imap_idex_l1b_sci-10days_20260331_v001.0017.cdf,828504313473737856,1,1,0.0441108570916271,0,0,False,False,sat_aware_tof_7sig_ge1_peak_fwhm_ge_20ns,1,0.02
2026-04-03T16:21:35.439101696,249,imap_idex_l1b_sci-10days_20260331_v001.0017.cdf,828505364623101696,1,1,0.0257525083612045,0,0,False,False,sat_aware_tof_7sig_ge1_peak_fwhm_ge_20ns,1,0.02
2026-04-03T16:29:21.384475520,250,imap_idex_l1b_sci-10days_20260331_v001.0017.cdf,828505830568475520,1,1,0.032360576923077,0,0,False,False,sat_aware_tof_7sig_ge1_peak_fwhm_ge_20ns,1,0.02
2026-04-03T17:11:48.803776256,251,imap_idex_l1b_sci-10days_20260331_v001.0017.cdf,828508377987776256,1,1,0.0293623481781378,0,0,False,False,sat_aware_tof_7sig_ge1_peak_fwhm_ge_20ns,1,0.02
2026-04-03T17:40:59.832010880,252,imap_idex_l1b_sci-10days_20260331_v001.0017.cdf,828510129016010880,1,1,0.0330010121457493,0,0,False,False,sat_aware_tof_7sig_ge1_peak_fwhm_ge_20ns,1,0.02
2026-04-03T17:59:53.904762880,253,imap_idex_l1b_sci-10days_20260331_v001.0017.cdf,828511263088762880,1,1,0.0419945054945048,0,0,False,False,sat_aware_tof_7sig_ge1_peak_fwhm_ge_20ns,1,0.02
2026-04-03T18:01:56.494556160,254,imap_idex_l1b_sci-10days_20260331_v001.0017.cdf,828511385678556160,1,1,0.0354788069073776,0,0,False,False,sat_aware_tof_7sig_ge1_peak_fwhm_ge_20ns,1,0.02
2026-04-03T18:32:50.109401344,256,imap_idex_l1b_sci-10days_20260331_v001.0017.cdf,828513239293401344,1,1,0.0430172413793102,0,0,False,False,sat_aware_tof_7sig_ge1_peak_fwhm_ge_20ns,1,0.02
2026-04-03T19:18:02.333798656,257,imap_idex_l1b_sci-10days_20260331_v001.0017.cdf,828515951517798656,1,1,0.0292406311637083,0,0,False,False,sat_aware_tof_7sig_ge1_peak_fwhm_ge_20ns,1,0.02
2026-04-03T21:20:29.805677952,259,imap_idex_l1b_sci-10days_20260331_v001.0017.cdf,828523298989677952,1,1,0.0224999999999997,0,0,False,False,sat_aware_tof_7sig_ge1_peak_fwhm_ge_20ns,1,0.02
2026-04-03T23:33:37.877838976,260,imap_idex_l1b_sci-10days_20260331_v001.0017.cdf,828531287061838976,1,1,0.0509121313469148,0,0,False,False,sat_aware_tof_7sig_ge1_peak_fwhm_ge_20ns,1,0.02
2026-04-04T03:14:50.270676736,273,imap_idex_l1b_sci-10days_20260331_v001.0017.cdf,828544559454676736,1,1,0.0311974789915964,0,0,False,False,sat_aware_tof_7sig_ge1_peak_fwhm_ge_20ns,1,0.02
2026-04-04T04:05:10.696285440,276,imap_idex_l1b_sci-10days_20260331_v001.0017.cdf,828547579880285440,1,1,0.0269497863247862,0,0,False,False,sat_aware_tof_7sig_ge1_peak_fwhm_ge_20ns,1,0.02
2026-04-04T08:14:50.619875840,277,imap_idex_l1b_sci-10days_20260331_v001.0017.cdf,828562559803875840,1,1,0.022306429202981,0,0,False,False,sat_aware_tof_7sig_ge1_peak_fwhm_ge_20ns,1,0.02
2026-04-04T08:57:50.326868480,280,imap_idex_l1b_sci-10days_20260331_v001.0017.cdf,828565139510868480,1,1,0.0355616605616606,0,0,False,False,sat_aware_tof_7sig_ge1_peak_fwhm_ge_20ns,1,0.02
2026-04-04T11:06:08.557522048,281,imap_idex_l1b_sci-10days_20260331_v001.0017.cdf,828572837741522048,1,1,0.0228644688644687,0,0,False,False,sat_aware_tof_7sig_ge1_peak_fwhm_ge_20ns,1,0.02
2026-04-04T14:02:56.117601280,282,imap_idex_l1b_sci-10days_20260331_v001.0017.cdf,828583445301601280,1,1,0.0301833301833299,0,0,False,False,sat_aware_tof_7sig_ge1_peak_fwhm_ge_20ns,1,0.02
2026-04-04T19:08:46.419695488,283,imap_idex_l1b_sci-10days_20260331_v001.0017.cdf,828601795603695488,1,1,0.038876036244457,0,0,False,False,sat_aware_tof_7sig_ge1_peak_fwhm_ge_20ns,1,0.02
2026-04-04T22:54:56.356953984,284,imap_idex_l1b_sci-10days_20260331_v001.0017.cdf,828615365540953984,1,1,0.0302286423254169,0,0,False,False,sat_aware_tof_7sig_ge1_peak_fwhm_ge_20ns,1,0.02
2026-04-04T23:54:29.715081088,285,imap_idex_l1b_sci-10days_20260331_v001.0017.cdf,828618938899081088,1,1,0.0397993311036791,0,0,False,False,sat_aware_tof_7sig_ge1_peak_fwhm_ge_20ns,1,0.02
2026-04-05T01:45:22.027745920,286,imap_idex_l1b_sci-10days_20260331_v001.0017.cdf,828625591211745920,1,1,0.0505305039787797,0,0,False,False,sat_aware_tof_7sig_ge1_peak_fwhm_ge_20ns,1,0.02
2026-04-05T04:12:57.511571456,287,imap_idex_l1b_sci-10days_20260331_v001.0017.cdf,828634446695571456,1,1,0.0347140039447725,0,0,False,False,sat_aware_tof_7sig_ge1_peak_fwhm_ge_20ns,1,0.02
2026-04-05T05:06:41.541462784,288,imap_idex_l1b_sci-10days_20260331_v001.0017.cdf,828637670725462784,1,1,0.0375824175824176,0,0,False,False,sat_aware_tof_7sig_ge1_peak_fwhm_ge_20ns,1,0.02
2026-04-05T08:03:20.686729344,289,imap_idex_l1b_sci-10days_20260331_v001.0017.cdf,828648269870729344,1,1,0.021752837326608,0,0,False,False,sat_aware_tof_7sig_ge1_peak_fwhm_ge_20ns,1,0.02
2026-04-05T12:10:34.142867200,291,imap_idex_l1b_sci-10days_20260331_v001.0017.cdf,828663103326867200,9,2,0.0641973244147147,1,1,True,False,sat_aware_tof_7sig_ge1_peak_fwhm_ge_20ns,1,0.02
2026-04-05T17:29:11.931032960,293,imap_idex_l1b_sci-10days_20260331_v001.0017.cdf,828682221115032960,1,1,0.0418223443223447,0,0,False,False,sat_aware_tof_7sig_ge1_peak_fwhm_ge_20ns,1,0.02
2026-04-05T17:57:43.898441984,294,imap_idex_l1b_sci-10days_20260331_v001.0017.cdf,828683933082441984,1,1,0.0374688149688157,0,0,False,False,sat_aware_tof_7sig_ge1_peak_fwhm_ge_20ns,1,0.02
2026-04-07T04:59:52.887573632,297,imap_idex_l1b_sci-10days_20260331_v001.0017.cdf,828810062071573632,1,1,0.0284075573549259,0,0,False,False,sat_aware_tof_7sig_ge1_peak_fwhm_ge_20ns,1,0.02
2026-04-07T05:27:33.682547072,298,imap_idex_l1b_sci-10days_20260331_v001.0017.cdf,828811722866547072,1,1,0.0271805489196799,0,0,False,False,sat_aware_tof_7sig_ge1_peak_fwhm_ge_20ns,1,0.02
2026-04-07T11:24:24.949119744,299,imap_idex_l1b_sci-10days_20260331_v001.0017.cdf,828833134133119744,1,1,0.0321472881956755,0,0,False,False,sat_aware_tof_7sig_ge1_peak_fwhm_ge_20ns,1,0.02
2026-04-07T16:39:25.106299008,300,imap_idex_l1b_sci-10days_20260331_v001.0017.cdf,828852034290299008,60,1,0.1452724358974352,0,0,True,False,sat_aware_tof_7sig_ge1_peak_fwhm_ge_20ns,1,0.02
2026-04-08T03:23:16.316094080,302,imap_idex_l1b_sci-10days_20260331_v001.0017.cdf,828890665500094080,1,1,0.0428205128205122,0,0,True,False,sat_aware_tof_7sig_ge1_peak_fwhm_ge_20ns,1,0.02
2026-04-08T03:25:49.049321088,303,imap_idex_l1b_sci-10days_20260331_v001.0017.cdf,828890818233321088,41,1,0.213782051282051,0,0,True,False,sat_aware_tof_7sig_ge1_peak_fwhm_ge_20ns,1,0.02
2026-04-08T10:45:28.330198400,305,imap_idex_l1b_sci-10days_20260331_v001.0017.cdf,828917197514198400,1,1,0.0336996336996338,0,0,False,False,sat_aware_tof_7sig_ge1_peak_fwhm_ge_20ns,1,0.02
2026-04-12T00:02:08.528431232,4,imap_idex_l1b_sci-10days_20260410_v001.0017.cdf,829224197712431232,1,1,0.0770363277446443,0,0,False,True,sat_aware_tof_7sig_ge1_peak_fwhm_ge_20ns,1,0.02
2026-04-13T02:28:53.440125312,11,imap_idex_l1b_sci-10days_20260410_v001.0017.cdf,829319402624125312,1,1,0.0361142533936645,0,0,False,False,sat_aware_tof_7sig_ge1_peak_fwhm_ge_20ns,1,0.02
2026-04-13T05:47:45.668275712,12,imap_idex_l1b_sci-10days_20260410_v001.0017.cdf,829331334852275712,141,3,10.457692307692309,7,7,True,False,sat_aware_tof_7sig_ge1_peak_fwhm_ge_20ns,1,0.02
2026-04-13T09:17:08.187378176,13,imap_idex_l1b_sci-10days_20260410_v001.0017.cdf,829343897371378176,1,1,0.0508365032403503,0,0,False,False,sat_aware_tof_7sig_ge1_peak_fwhm_ge_20ns,1,0.02
2026-04-13T11:29:28.037678080,14,imap_idex_l1b_sci-10days_20260410_v001.0017.cdf,829351837221678080,1,1,0.0382371794871793,0,0,False,False,sat_aware_tof_7sig_ge1_peak_fwhm_ge_20ns,1,0.02
2026-04-14T20:11:03.838534528,15,imap_idex_l1b_sci-10days_20260410_v001.0017.cdf,829469533022534528,43,2,2.935836798336798,3,3,True,False,sat_aware_tof_7sig_ge1_peak_fwhm_ge_20ns,1,0.02
2026-04-18T10:22:17.138264704,17,imap_idex_l1b_sci-10days_20260410_v001.0017.cdf,829779806322264704,1,1,0.0426153846153852,0,0,False,False,sat_aware_tof_7sig_ge1_peak_fwhm_ge_20ns,1,0.02
2026-04-18T16:50:08.653208960,18,imap_idex_l1b_sci-10days_20260410_v001.0017.cdf,829803077837208960,20,2,1.3459541062801927,0,0,True,False,sat_aware_tof_7sig_ge1_peak_fwhm_ge_20ns,1,0.02
2026-04-18T20:53:40.786915584,19,imap_idex_l1b_sci-10days_20260410_v001.0017.cdf,829817689970915584,1,1,0.0433299595141696,0,0,False,False,sat_aware_tof_7sig_ge1_peak_fwhm_ge_20ns,1,0.02
2026-04-19T12:39:21.334908288,23,imap_idex_l1b_sci-10days_20260410_v001.0017.cdf,829874430518908288,1,1,0.0327161172161166,0,0,False,False,sat_aware_tof_7sig_ge1_peak_fwhm_ge_20ns,1,0.02
2026-04-19T15:03:43.922083456,24,imap_idex_l1b_sci-10days_20260410_v001.0017.cdf,829883093106083456,70,2,5.242056856187293,2,2,True,False,sat_aware_tof_7sig_ge1_peak_fwhm_ge_20ns,1,0.02
2026-04-20T00:02:15.896626944,4,imap_idex_l1b_sci-10days_20260420_v001.0017.cdf,829915405080626944,1,1,0.092852628592065,0,0,False,True,sat_aware_tof_7sig_ge1_peak_fwhm_ge_20ns,1,0.02
2026-04-25T07:00:13.058013696,11,imap_idex_l1b_sci-10days_20260420_v001.0017.cdf,830372482242013696,1,1,0.0332606704889306,0,0,False,False,sat_aware_tof_7sig_ge1_peak_fwhm_ge_20ns,1,0.02
2026-04-25T09:28:57.538152448,12,imap_idex_l1b_sci-10days_20260420_v001.0017.cdf,830381406722152448,40,3,5.723883061383061,0,0,True,False,sat_aware_tof_7sig_ge1_peak_fwhm_ge_20ns,1,0.02
2026-04-26T09:46:02.949131648,13,imap_idex_l1b_sci-10days_20260420_v001.0017.cdf,830468832133131648,1,1,0.0459340659340657,0,0,False,False,sat_aware_tof_7sig_ge1_peak_fwhm_ge_20ns,1,0.02
2026-04-26T10:31:07.678646656,14,imap_idex_l1b_sci-10days_20260420_v001.0017.cdf,830471536862646656,1,1,0.039432789432789,0,0,False,False,sat_aware_tof_7sig_ge1_peak_fwhm_ge_20ns,1,0.02
2026-04-26T16:37:34.801104256,15,imap_idex_l1b_sci-10days_20260420_v001.0017.cdf,830493523985104256,1,1,0.0411217948717955,0,0,False,False,sat_aware_tof_7sig_ge1_peak_fwhm_ge_20ns,1,0.02
2026-04-26T16:40:43.265920768,16,imap_idex_l1b_sci-10days_20260420_v001.0017.cdf,830493712449920768,1,1,0.0370007396449703,0,0,False,False,sat_aware_tof_7sig_ge1_peak_fwhm_ge_20ns,1,0.02
2026-04-27T13:11:14.649190400,18,imap_idex_l1b_sci-10days_20260420_v001.0017.cdf,830567543833190400,1,1,0.0401424501424496,0,0,False,False,sat_aware_tof_7sig_ge1_peak_fwhm_ge_20ns,1,0.02
2026-04-28T03:04:14.409400960,29,imap_idex_l1b_sci-10days_20260420_v001.0017.cdf,830617523593400960,1,1,0.0501972386587776,0,0,False,False,sat_aware_tof_7sig_ge1_peak_fwhm_ge_20ns,1,0.02
2026-04-28T10:07:43.617878656,30,imap_idex_l1b_sci-10days_20260420_v001.0017.cdf,830642932801878656,1,1,0.0399766899766901,0,0,False,False,sat_aware_tof_7sig_ge1_peak_fwhm_ge_20ns,1,0.02
2026-04-28T15:06:20.377030272,31,imap_idex_l1b_sci-10days_20260420_v001.0017.cdf,830660849561030272,1,1,0.0235042735042735,0,0,False,False,sat_aware_tof_7sig_ge1_peak_fwhm_ge_20ns,1,0.02
2026-04-28T21:06:38.585253760,32,imap_idex_l1b_sci-10days_20260420_v001.0017.cdf,830682467769253760,103,2,9.436923076923076,0,0,True,False,sat_aware_tof_7sig_ge1_peak_fwhm_ge_20ns,1,0.02
2026-05-01T22:51:22.071369344,1,imap_idex_l1b_sci-10days_20260430_v001.0017.cdf,830947951255369344,1,1,0.0342803030303037,0,0,False,False,sat_aware_tof_7sig_ge1_peak_fwhm_ge_20ns,1,0.02
2026-05-01T22:59:23.697712256,2,imap_idex_l1b_sci-10days_20260430_v001.0017.cdf,830948432881712256,1,1,0.0378321678321676,0,0,False,False,sat_aware_tof_7sig_ge1_peak_fwhm_ge_20ns,1,0.02
2026-05-01T23:36:11.944839552,3,imap_idex_l1b_sci-10days_20260430_v001.0017.cdf,830950641128839552,1,1,0.0325637128828612,0,0,False,False,sat_aware_tof_7sig_ge1_peak_fwhm_ge_20ns,1,0.02
2026-05-01T23:38:05.518401280,4,imap_idex_l1b_sci-10days_20260430_v001.0017.cdf,830950754702401280,1,1,0.0257405891980362,0,0,False,False,sat_aware_tof_7sig_ge1_peak_fwhm_ge_20ns,1,0.02
2026-05-02T00:10:41.000387456,5,imap_idex_l1b_sci-10days_20260430_v001.0017.cdf,830952710184387456,1,1,0.0403579059829063,0,0,False,False,sat_aware_tof_7sig_ge1_peak_fwhm_ge_20ns,1,0.02
2026-05-02T14:04:22.114203264,6,imap_idex_l1b_sci-10days_20260430_v001.0017.cdf,831002731298203264,1,1,0.0266049739733949,0,0,False,False,sat_aware_tof_7sig_ge1_peak_fwhm_ge_20ns,1,0.02
2026-05-03T09:58:37.613275136,7,imap_idex_l1b_sci-10days_20260430_v001.0017.cdf,831074386797275136,25,2,6.106848635235734,0,0,True,False,sat_aware_tof_7sig_ge1_peak_fwhm_ge_20ns,1,0.02
2026-05-03T13:46:00.622524928,8,imap_idex_l1b_sci-10days_20260430_v001.0017.cdf,831088029806524928,49,3,11.949725274725274,0,0,True,False,sat_aware_tof_7sig_ge1_peak_fwhm_ge_20ns,1,0.02
2026-05-04T10:43:29.427231744,10,imap_idex_l1b_sci-10days_20260430_v001.0017.cdf,831163478611231744,13,1,0.49849709114415,0,0,True,False,sat_aware_tof_7sig_ge1_peak_fwhm_ge_20ns,1,0.02
2026-05-05T16:28:20.970620928,12,imap_idex_l1b_sci-10days_20260430_v001.0017.cdf,831270570154620928,1,1,0.0425842696629213,0,0,False,False,sat_aware_tof_7sig_ge1_peak_fwhm_ge_20ns,1,0.02
2026-05-06T00:02:14.790274560,17,imap_idex_l1b_sci-10days_20260430_v001.0017.cdf,831297803974274560,1,1,0.0928929765886285,0,0,False,True,sat_aware_tof_7sig_ge1_peak_fwhm_ge_20ns,1,0.02
2026-05-07T08:11:19.935891584,24,imap_idex_l1b_sci-10days_20260430_v001.0017.cdf,831413549119891584,1,1,0.0388002622377621,0,0,False,False,sat_aware_tof_7sig_ge1_peak_fwhm_ge_20ns,1,0.02
2026-05-10T01:57:15.476984320,0,imap_idex_l1b_sci-10days_20260510_v001.0017.cdf,831650304660984320,17,2,2.3031449343339587,0,0,True,False,sat_aware_tof_7sig_ge1_peak_fwhm_ge_20ns,1,0.02
2026-05-10T07:49:20.670921600,2,imap_idex_l1b_sci-10days_20260510_v001.0017.cdf,831671429854921600,23,3,6.772525292168149,0,0,True,False,sat_aware_tof_7sig_ge1_peak_fwhm_ge_20ns,1,0.02
2026-05-10T19:11:45.260924928,3,imap_idex_l1b_sci-10days_20260510_v001.0017.cdf,831712374444924928,61,1,0.1582692307692302,0,0,True,False,sat_aware_tof_7sig_ge1_peak_fwhm_ge_20ns,1,0.02
2026-05-12T20:10:49.020757760,4,imap_idex_l1b_sci-10days_20260510_v001.0017.cdf,831888718204757760,1,1,0.0411013986013988,0,0,False,False,sat_aware_tof_7sig_ge1_peak_fwhm_ge_20ns,1,0.02
2026-05-12T21:42:23.480369792,5,imap_idex_l1b_sci-10days_20260510_v001.0017.cdf,831894212664369792,1,1,0.036813186813187,0,0,False,False,sat_aware_tof_7sig_ge1_peak_fwhm_ge_20ns,1,0.02
2026-05-13T08:15:34.351500288,6,imap_idex_l1b_sci-10days_20260510_v001.0017.cdf,831932203535500288,1,1,0.0315384615384615,0,0,False,False,sat_aware_tof_7sig_ge1_peak_fwhm_ge_20ns,1,0.02
2026-05-15T22:27:56.427093760,19,imap_idex_l1b_sci-10days_20260510_v001.0017.cdf,832156145611093760,1,1,0.0509384245562128,0,0,False,False,sat_aware_tof_7sig_ge1_peak_fwhm_ge_20ns,1,0.02
2026-05-16T05:03:49.626942976,20,imap_idex_l1b_sci-10days_20260510_v001.0017.cdf,832179898810942976,1,1,0.0279761904761903,0,0,False,False,sat_aware_tof_7sig_ge1_peak_fwhm_ge_20ns,1,0.02
2026-05-16T06:48:45.155387008,21,imap_idex_l1b_sci-10days_20260510_v001.0017.cdf,832186194339387008,1,1,0.0389572649572648,0,0,False,False,sat_aware_tof_7sig_ge1_peak_fwhm_ge_20ns,1,0.02
2026-05-18T13:21:26.217974016,23,imap_idex_l1b_sci-10days_20260510_v001.0017.cdf,832382555401974016,1,1,0.0278486219662689,0,0,False,False,sat_aware_tof_7sig_ge1_peak_fwhm_ge_20ns,1,0.02
2026-05-18T13:54:28.938042880,25,imap_idex_l1b_sci-10days_20260510_v001.0017.cdf,832384538122042880,24,2,2.434512820512821,0,0,True,False,sat_aware_tof_7sig_ge1_peak_fwhm_ge_20ns,1,0.02
2026-05-18T20:16:20.528950784,26,imap_idex_l1b_sci-10days_20260510_v001.0017.cdf,832407449712950784,89,1,0.73076923076923,0,0,True,False,sat_aware_tof_7sig_ge1_peak_fwhm_ge_20ns,1,0.02
2026-05-19T09:17:07.137968768,27,imap_idex_l1b_sci-10days_20260510_v001.0017.cdf,832454296321968768,112,2,3.599038461538462,2,2,True,False,sat_aware_tof_7sig_ge1_peak_fwhm_ge_20ns,1,0.02
2026-05-20T11:07:27.172169216,0,imap_idex_l1b_sci-10days_20260520_v001.0017.cdf,832547316356169216,182,2,10.164663461538463,2,2,True,False,sat_aware_tof_7sig_ge1_peak_fwhm_ge_20ns,1,0.02
2026-05-20T15:04:50.505043584,1,imap_idex_l1b_sci-10days_20260520_v001.0017.cdf,832561559689043584,2,2,0.0285714285714293,1,1,True,False,sat_aware_tof_7sig_ge1_peak_fwhm_ge_20ns,1,0.02
2026-05-20T22:31:50.182370944,2,imap_idex_l1b_sci-10days_20260520_v001.0017.cdf,832588379366370944,1,1,0.0226629273504272,0,0,False,False,sat_aware_tof_7sig_ge1_peak_fwhm_ge_20ns,1,0.02
2026-05-21T12:45:24.952577152,3,imap_idex_l1b_sci-10days_20260520_v001.0017.cdf,832639594136577152,23,2,2.3451854395604403,1,1,True,False,sat_aware_tof_7sig_ge1_peak_fwhm_ge_20ns,1,0.02
2026-05-23T05:19:29.787414144,14,imap_idex_l1b_sci-10days_20260520_v001.0017.cdf,832785638971414144,1,1,0.0446196266968324,0,0,False,False,sat_aware_tof_7sig_ge1_peak_fwhm_ge_20ns,1,0.02
2026-05-25T06:17:36.985298048,16,imap_idex_l1b_sci-10days_20260520_v001.0017.cdf,832961926169298048,9,2,0.4496203796203797,1,1,True,False,sat_aware_tof_7sig_ge1_peak_fwhm_ge_20ns,1,0.02
2026-05-25T15:55:07.188891008,17,imap_idex_l1b_sci-10days_20260520_v001.0017.cdf,832996576372891008,6,1,0.2104166666666665,0,0,True,False,sat_aware_tof_7sig_ge1_peak_fwhm_ge_20ns,1,0.02
2026-05-26T19:12:32.932477696,20,imap_idex_l1b_sci-10days_20260520_v001.0017.cdf,833094822116477696,1,1,0.0421945701357464,0,0,False,False,sat_aware_tof_7sig_ge1_peak_fwhm_ge_20ns,1,0.02
2026-05-27T02:05:07.245663232,21,imap_idex_l1b_sci-10days_20260520_v001.0017.cdf,833119576429663232,1,1,0.0234094928060444,0,0,False,False,sat_aware_tof_7sig_ge1_peak_fwhm_ge_20ns,1,0.02
2026-05-27T11:30:01.660671232,22,imap_idex_l1b_sci-10days_20260520_v001.0017.cdf,833153470844671232,84,2,2.922872960372961,1,1,True,False,sat_aware_tof_7sig_ge1_peak_fwhm_ge_20ns,1,0.02
2026-05-28T04:02:41.132542208,23,imap_idex_l1b_sci-10days_20260520_v001.0017.cdf,833213030316542208,6,1,0.1096794871794877,0,0,True,False,sat_aware_tof_7sig_ge1_peak_fwhm_ge_20ns,1,0.02
2026-05-29T04:37:01.701247744,26,imap_idex_l1b_sci-10days_20260520_v001.0017.cdf,833301490885247744,1,1,0.0414080071974807,0,0,False,False,sat_aware_tof_7sig_ge1_peak_fwhm_ge_20ns,1,0.02
2026-05-29T19:13:05.594686464,27,imap_idex_l1b_sci-10days_20260520_v001.0017.cdf,833354054778686464,1,1,0.0349893162393161,0,0,False,False,sat_aware_tof_7sig_ge1_peak_fwhm_ge_20ns,1,0.02
2026-05-30T04:26:12.445153792,10,imap_idex_l1b_sci-10days_20260530_v001.0023.cdf,833387241629153792,1,1,0.0358058608058606,0,0,False,False,sat_aware_tof_7sig_ge1_peak_fwhm_ge_20ns,1,0.02
2026-05-31T14:02:41.255167232,12,imap_idex_l1b_sci-10days_20260530_v001.0023.cdf,833508230439167232,60,3,2.311076183431953,7,7,True,False,sat_aware_tof_7sig_ge1_peak_fwhm_ge_20ns,1,0.02
2026-06-01T11:42:21.457781248,15,imap_idex_l1b_sci-10days_20260530_v001.0023.cdf,833586210641781248,1,1,0.0272411798727587,0,0,False,False,sat_aware_tof_7sig_ge1_peak_fwhm_ge_20ns,1,0.02
2026-06-01T13:15:52.437732992,17,imap_idex_l1b_sci-10days_20260530_v001.0023.cdf,833591821621732992,1,1,0.0306526806526805,0,0,False,False,sat_aware_tof_7sig_ge1_peak_fwhm_ge_20ns,1,0.02
2026-06-01T15:38:33.122726400,18,imap_idex_l1b_sci-10days_20260530_v001.0023.cdf,833600382306726400,1,1,0.0279264214046821,0,0,False,False,sat_aware_tof_7sig_ge1_peak_fwhm_ge_20ns,1,0.02
2026-06-02T04:53:33.939419904,20,imap_idex_l1b_sci-10days_20260530_v001.0023.cdf,833648083123419904,1,1,0.0360042735042742,0,0,False,False,sat_aware_tof_7sig_ge1_peak_fwhm_ge_20ns,1,0.02
2026-06-02T14:12:13.904377088,21,imap_idex_l1b_sci-10days_20260530_v001.0023.cdf,833681603088377088,1,1,0.0296955128205135,0,0,False,False,sat_aware_tof_7sig_ge1_peak_fwhm_ge_20ns,1,0.02
2026-06-04T20:56:52.327891456,23,imap_idex_l1b_sci-10days_20260530_v001.0023.cdf,833878681511891456,1,1,0.040854354821966,0,0,False,False,sat_aware_tof_7sig_ge1_peak_fwhm_ge_20ns,1,0.02
2026-06-04T23:40:56.392146304,25,imap_idex_l1b_sci-10days_20260530_v001.0023.cdf,833888525576146304,1,1,0.0396213542555004,0,0,False,False,sat_aware_tof_7sig_ge1_peak_fwhm_ge_20ns,1,0.02
2026-06-05T02:31:35.411461120,26,imap_idex_l1b_sci-10days_20260530_v001.0023.cdf,833898764595461120,1,1,0.0206240011118059,0,0,False,False,sat_aware_tof_7sig_ge1_peak_fwhm_ge_20ns,1,0.02
2026-06-05T04:12:59.288769408,27,imap_idex_l1b_sci-10days_20260530_v001.0023.cdf,833904848472769408,1,1,0.0308857808857808,0,0,False,False,sat_aware_tof_7sig_ge1_peak_fwhm_ge_20ns,1,0.02
2026-06-05T07:26:35.470400128,30,imap_idex_l1b_sci-10days_20260530_v001.0023.cdf,833916464654400128,1,1,0.0319017094017093,0,0,False,False,sat_aware_tof_7sig_ge1_peak_fwhm_ge_20ns,1,0.02
2026-06-05T09:06:48.204309632,31,imap_idex_l1b_sci-10days_20260530_v001.0023.cdf,833922477388309632,1,1,0.0350274725274724,0,0,False,False,sat_aware_tof_7sig_ge1_peak_fwhm_ge_20ns,1,0.02
2026-06-05T13:17:05.964435200,32,imap_idex_l1b_sci-10days_20260530_v001.0023.cdf,833937495148435200,1,1,0.0214125607507959,0,0,False,False,sat_aware_tof_7sig_ge1_peak_fwhm_ge_20ns,1,0.02
2026-06-06T21:35:05.966649088,34,imap_idex_l1b_sci-10days_20260530_v001.0023.cdf,834053775150649088,102,1,5.2645299145299145,0,0,True,False,sat_aware_tof_7sig_ge1_peak_fwhm_ge_20ns,1,0.02
2026-06-06T23:22:56.501328000,35,imap_idex_l1b_sci-10days_20260530_v001.0023.cdf,834060245685328000,1,1,0.0292405527699644,0,0,False,False,sat_aware_tof_7sig_ge1_peak_fwhm_ge_20ns,1,0.02
2026-06-07T13:30:44.723869696,49,imap_idex_l1b_sci-10days_20260530_v001.0023.cdf,834111113907869696,1,1,0.0418142712550605,0,0,False,False,sat_aware_tof_7sig_ge1_peak_fwhm_ge_20ns,1,0.02
2026-06-07T22:29:04.501729920,50,imap_idex_l1b_sci-10days_20260530_v001.0023.cdf,834143413685729920,1,1,0.0343697904262918,0,0,False,False,sat_aware_tof_7sig_ge1_peak_fwhm_ge_20ns,1,0.02
2026-06-08T01:05:04.613025536,51,imap_idex_l1b_sci-10days_20260530_v001.0023.cdf,834152773797025536,1,1,0.0340310650887572,0,0,False,False,sat_aware_tof_7sig_ge1_peak_fwhm_ge_20ns,1,0.02
2026-06-08T02:20:33.073913600,53,imap_idex_l1b_sci-10days_20260530_v001.0023.cdf,834157302257913600,1,1,0.0355769230769229,0,0,False,False,sat_aware_tof_7sig_ge1_peak_fwhm_ge_20ns,1,0.02
2026-06-08T03:59:45.801957504,54,imap_idex_l1b_sci-10days_20260530_v001.0023.cdf,834163254985957504,1,1,0.0357785359801487,0,0,False,False,sat_aware_tof_7sig_ge1_peak_fwhm_ge_20ns,1,0.02
2026-06-08T05:12:45.085173888,55,imap_idex_l1b_sci-10days_20260530_v001.0023.cdf,834167634269173888,1,1,0.0320471464019849,0,0,False,False,sat_aware_tof_7sig_ge1_peak_fwhm_ge_20ns,1,0.02
2026-06-08T10:59:00.986498176,56,imap_idex_l1b_sci-10days_20260530_v001.0023.cdf,834188410170498176,1,1,0.0421261430876814,0,0,False,False,sat_aware_tof_7sig_ge1_peak_fwhm_ge_20ns,1,0.02
2026-06-08T11:06:28.476133632,57,imap_idex_l1b_sci-10days_20260530_v001.0023.cdf,834188857660133632,1,1,0.0259410801963992,0,0,False,False,sat_aware_tof_7sig_ge1_peak_fwhm_ge_20ns,1,0.02
2026-06-08T12:09:58.390379264,58,imap_idex_l1b_sci-10days_20260530_v001.0023.cdf,834192667574379264,1,1,0.0250096394833236,0,0,False,False,sat_aware_tof_7sig_ge1_peak_fwhm_ge_20ns,1,0.02
2026-06-09T04:16:11.888754560,0,imap_idex_l1b_sci-10days_20260609_v001.0012.cdf,834250641072754560,1,1,0.0335597095212478,0,0,False,False,sat_aware_tof_7sig_ge1_peak_fwhm_ge_20ns,1,0.02
2026-06-09T06:43:56.281236096,1,imap_idex_l1b_sci-10days_20260609_v001.0012.cdf,834259505465236096,1,1,0.0453761312217192,0,0,False,False,sat_aware_tof_7sig_ge1_peak_fwhm_ge_20ns,1,0.02
2026-06-09T13:42:37.119206144,2,imap_idex_l1b_sci-10days_20260609_v001.0012.cdf,834284626303206144,1,1,0.0261133603238865,0,0,False,False,sat_aware_tof_7sig_ge1_peak_fwhm_ge_20ns,1,0.02
2026-06-09T21:39:45.775081472,5,imap_idex_l1b_sci-10days_20260609_v001.0012.cdf,834313254959081472,36,3,12.408226495726495,2,2,True,False,sat_aware_tof_7sig_ge1_peak_fwhm_ge_20ns,1,0.02
2026-06-11T05:27:21.566834688,7,imap_idex_l1b_sci-10days_20260609_v001.0012.cdf,834427710750834688,1,1,0.0338657105606257,0,0,False,False,sat_aware_tof_7sig_ge1_peak_fwhm_ge_20ns,1,0.02
2026-06-11T08:22:32.717527424,8,imap_idex_l1b_sci-10days_20260609_v001.0012.cdf,834438221901527424,1,1,0.0237505283178359,0,0,False,False,sat_aware_tof_7sig_ge1_peak_fwhm_ge_20ns,1,0.02
2026-06-11T17:01:54.615164672,9,imap_idex_l1b_sci-10days_20260609_v001.0012.cdf,834469383799164672,1,1,0.041085737179487,0,0,False,False,sat_aware_tof_7sig_ge1_peak_fwhm_ge_20ns,1,0.02
2026-06-13T09:23:57.278952320,11,imap_idex_l1b_sci-10days_20260609_v001.0012.cdf,834614706462952320,1,1,0.0480591168091166,0,0,False,False,sat_aware_tof_7sig_ge1_peak_fwhm_ge_20ns,1,0.02
2026-06-13T12:36:17.816502272,12,imap_idex_l1b_sci-10days_20260609_v001.0012.cdf,834626247000502272,93,2,10.75471540843058,1,1,True,False,sat_aware_tof_7sig_ge1_peak_fwhm_ge_20ns,1,0.02
2026-06-13T20:16:36.511432320,13,imap_idex_l1b_sci-10days_20260609_v001.0012.cdf,834653865695432320,1,1,0.031351001939238,0,0,False,False,sat_aware_tof_7sig_ge1_peak_fwhm_ge_20ns,1,0.02
2026-06-14T15:37:39.034079488,14,imap_idex_l1b_sci-10days_20260609_v001.0012.cdf,834723528218079488,1,1,0.0408333333333331,0,0,False,False,sat_aware_tof_7sig_ge1_peak_fwhm_ge_20ns,1,0.02
2026-06-15T11:52:52.046920192,26,imap_idex_l1b_sci-10days_20260609_v001.0012.cdf,834796441230920192,1,1,0.0314957264957263,0,0,False,False,sat_aware_tof_7sig_ge1_peak_fwhm_ge_20ns,1,0.02
2026-06-15T16:27:29.924998272,27,imap_idex_l1b_sci-10days_20260609_v001.0012.cdf,834812919108998272,1,1,0.0361036789297657,0,0,False,False,sat_aware_tof_7sig_ge1_peak_fwhm_ge_20ns,1,0.02
2026-06-16T05:10:16.653599232,28,imap_idex_l1b_sci-10days_20260609_v001.0012.cdf,834858685837599232,1,1,0.0371910894535327,0,0,False,False,sat_aware_tof_7sig_ge1_peak_fwhm_ge_20ns,1,0.02
2026-06-17T06:32:35.892223872,29,imap_idex_l1b_sci-10days_20260609_v001.0012.cdf,834950025076223872,22,1,0.3195512820512818,0,0,True,False,sat_aware_tof_7sig_ge1_peak_fwhm_ge_20ns,1,0.02
2026-06-17T09:22:38.967411584,30,imap_idex_l1b_sci-10days_20260609_v001.0012.cdf,834960228151411584,1,1,0.0435363247863246,0,0,False,False,sat_aware_tof_7sig_ge1_peak_fwhm_ge_20ns,1,0.02
2026-06-17T15:13:14.322046848,31,imap_idex_l1b_sci-10days_20260609_v001.0012.cdf,834981263506046848,1,1,0.0317558528428092,0,0,False,False,sat_aware_tof_7sig_ge1_peak_fwhm_ge_20ns,1,0.02
2026-06-17T23:50:22.527474176,32,imap_idex_l1b_sci-10days_20260609_v001.0012.cdf,835012291711474176,1,1,0.0401785714285713,0,0,False,False,sat_aware_tof_7sig_ge1_peak_fwhm_ge_20ns,1,0.02
2026-06-18T08:04:07.976505856,33,imap_idex_l1b_sci-10days_20260609_v001.0012.cdf,835041917160505856,1,1,0.0260141454290389,0,0,False,False,sat_aware_tof_7sig_ge1_peak_fwhm_ge_20ns,1,0.02
2026-06-18T14:37:35.445438976,34,imap_idex_l1b_sci-10days_20260609_v001.0012.cdf,835065524629438976,1,1,0.040310987539903,0,0,False,False,sat_aware_tof_7sig_ge1_peak_fwhm_ge_20ns,1,0.02
2026-06-18T21:20:54.650424448,35,imap_idex_l1b_sci-10days_20260609_v001.0012.cdf,835089723834424448,1,1,0.0396878483835004,0,0,False,False,sat_aware_tof_7sig_ge1_peak_fwhm_ge_20ns,1,0.02
2026-06-19T01:27:09.145993088,0,imap_idex_l1b_sci-10days_20260619_v001.0016.cdf,835104498329993088,1,1,0.0217781065088756,0,0,False,False,sat_aware_tof_7sig_ge1_peak_fwhm_ge_20ns,1,0.02
2026-06-19T03:20:25.420784256,1,imap_idex_l1b_sci-10days_20260619_v001.0016.cdf,835111294604784256,1,1,0.0513187520988277,0,0,False,False,sat_aware_tof_7sig_ge1_peak_fwhm_ge_20ns,1,0.02
2026-06-19T06:55:59.558731264,2,imap_idex_l1b_sci-10days_20260619_v001.0016.cdf,835124228742731264,1,1,0.0239838056680161,0,0,False,False,sat_aware_tof_7sig_ge1_peak_fwhm_ge_20ns,1,0.02
2026-06-19T08:53:16.563895936,3,imap_idex_l1b_sci-10days_20260619_v001.0016.cdf,835131265747895936,1,1,0.0373183760683759,0,0,False,False,sat_aware_tof_7sig_ge1_peak_fwhm_ge_20ns,1,0.02
2026-06-20T15:12:11.394631936,4,imap_idex_l1b_sci-10days_20260619_v001.0016.cdf,835240400578631936,1,1,0.0394230769230768,0,0,False,False,sat_aware_tof_7sig_ge1_peak_fwhm_ge_20ns,1,0.02
2026-06-21T13:47:23.168210048,5,imap_idex_l1b_sci-10days_20260619_v001.0016.cdf,835321712352210048,7,1,0.2088598901098902,0,0,True,False,sat_aware_tof_7sig_ge1_peak_fwhm_ge_20ns,1,0.02
2026-06-26T14:30:53.333404416,16,imap_idex_l1b_sci-10days_20260619_v001.0016.cdf,835756322517404416,1,1,0.0400098981900451,0,0,False,False,sat_aware_tof_7sig_ge1_peak_fwhm_ge_20ns,1,0.02
2026-06-27T17:41:16.611405056,17,imap_idex_l1b_sci-10days_20260619_v001.0016.cdf,835854145795405056,1,1,0.0400488400488399,0,0,False,False,sat_aware_tof_7sig_ge1_peak_fwhm_ge_20ns,1,0.02
2026-06-28T00:19:50.721378688,18,imap_idex_l1b_sci-10days_20260619_v001.0016.cdf,835878059905378688,1,1,0.0515225169168544,0,0,False,False,sat_aware_tof_7sig_ge1_peak_fwhm_ge_20ns,1,0.02
2026-06-28T03:53:29.176688384,21,imap_idex_l1b_sci-10days_20260619_v001.0016.cdf,835890878360688384,1,1,0.0262043512043511,0,0,False,False,sat_aware_tof_7sig_ge1_peak_fwhm_ge_20ns,1,0.02
2026-06-29T19:54:48.191440896,0,imap_idex_l1b_sci-10days_20260629_v001.0015.cdf,836034957375440896,1,1,0.0638461538461537,0,0,True,False,sat_aware_tof_7sig_ge1_peak_fwhm_ge_20ns,1,0.02
2026-06-30T04:13:50.600418176,1,imap_idex_l1b_sci-10days_20260629_v001.0015.cdf,836064899784418176,1,1,0.0346238377007606,0,0,False,False,sat_aware_tof_7sig_ge1_peak_fwhm_ge_20ns,1,0.02
