set,epoch_tt2000,epoch_utc,source_file,record_index,qualified_peak_count,all_7sig_peak_count,max_fwhm_us,qualified_channels
outside_70_criteria,817218914971916032,2025-11-24T01:14:05.787916032,imap_idex_l1b_sci-10days_20251116_v003.cdf,0,2,2,0.0163461538461539,"tof_high,tof_mid"
outside_70_criteria,817251229643192960,2025-11-24T10:12:40.459192960,imap_idex_l1b_sci-10days_20251116_v003.cdf,1,2,3,0.0208249120821379,"tof_high,tof_mid"
outside_70_criteria,817355613010257024,2025-11-25T15:12:23.826257024,imap_idex_l1b_sci-10days_20251116_v003.cdf,5,2,2,0.0183187645687646,"tof_high,tof_mid"
outside_70_criteria,817395101476901248,2025-11-26T02:10:32.292901248,imap_idex_l1b_sci-10days_20251126_v003.cdf,0,2,3,0.0154694017511569,"tof_high,tof_mid"
outside_70_criteria,817434385306743168,2025-11-26T13:05:16.122743168,imap_idex_l1b_sci-10days_20251126_v003.cdf,2,2,2,0.0175961538461532,"tof_high,tof_mid"
outside_70_criteria,817464872977704320,2025-11-26T21:33:23.793704320,imap_idex_l1b_sci-10days_20251126_v003.cdf,4,2,3,0.0197210908749371,"tof_high,tof_mid"
outside_70_criteria,817529086963608960,2025-11-27T15:23:37.779608960,imap_idex_l1b_sci-10days_20251126_v003.cdf,7,2,2,0.0182692307692313,"tof_high,tof_mid"
outside_70_criteria,817529473618461824,2025-11-27T15:30:04.434461824,imap_idex_l1b_sci-10days_20251126_v003.cdf,8,2,2,0.0163655578655579,"tof_high,tof_mid"
outside_70_criteria,817535886028465024,2025-11-27T17:16:56.844465024,imap_idex_l1b_sci-10days_20251126_v003.cdf,10,2,2,0.018158612453915,"tof_high,tof_mid"
outside_70_criteria,817628790479818112,2025-11-28T19:05:21.295818112,imap_idex_l1b_sci-10days_20251126_v003.cdf,14,2,3,0.0161538461538459,"tof_high,tof_mid"
outside_70_criteria,817631954800777216,2025-11-28T19:58:05.616777216,imap_idex_l1b_sci-10days_20251126_v003.cdf,15,2,2,0.0165064102564101,"tof_high,tof_mid"
outside_70_criteria,817632879535947136,2025-11-28T20:13:30.351947136,imap_idex_l1b_sci-10days_20251126_v003.cdf,16,2,2,0.0153846153846152,"tof_high,tof_mid"
outside_70_criteria,817690224499349376,2025-11-29T12:09:15.315349376,imap_idex_l1b_sci-10days_20251126_v003.cdf,21,2,2,0.0147573332407456,"tof_high,tof_mid"
outside_70_criteria,817729101391004544,2025-11-29T22:57:12.207004544,imap_idex_l1b_sci-10days_20251126_v003.cdf,22,2,2,0.0153846153846153,"tof_high,tof_mid"
outside_70_criteria,817840500686391296,2025-12-01T05:53:51.502391296,imap_idex_l1b_sci-10days_20251126_v003.cdf,33,2,2,0.0155448717948717,"tof_high,tof_mid"
outside_70_criteria,817996005664907520,2025-12-03T01:05:36.480907520,imap_idex_l1b_sci-10days_20251126_v003.cdf,37,2,2,0.0156730769230769,"tof_high,tof_mid"
outside_70_criteria,818009303675266816,2025-12-03T04:47:14.491266816,imap_idex_l1b_sci-10days_20251126_v003.cdf,38,2,2,0.016613941613943,"tof_high,tof_mid"
outside_70_criteria,818035271563608704,2025-12-03T12:00:02.379608704,imap_idex_l1b_sci-10days_20251126_v003.cdf,40,2,2,0.0150700550255298,"tof_high,tof_mid"
outside_70_criteria,818132709464426624,2025-12-04T15:04:00.280426624,imap_idex_l1b_sci-10days_20251126_v003.cdf,50,2,2,0.0161858974358973,"tof_high,tof_mid"
outside_70_criteria,818137917112238720,2025-12-04T16:30:47.928238720,imap_idex_l1b_sci-10days_20251126_v003.cdf,52,2,2,0.0154666013392127,"tof_high,tof_mid"
outside_70_criteria,818146592755762304,2025-12-04T18:55:23.571762304,imap_idex_l1b_sci-10days_20251126_v003.cdf,53,2,2,0.0169582785679895,"tof_high,tof_mid"
outside_70_criteria,818162863353478400,2025-12-04T23:26:34.169478400,imap_idex_l1b_sci-10days_20251126_v003.cdf,57,2,3,0.0286664079930156,"tof_high,tof_mid"
outside_70_criteria,818167955013894528,2025-12-05T00:51:25.829894528,imap_idex_l1b_sci-10days_20251126_v003.cdf,58,2,2,0.0197715572715577,"tof_high,tof_mid"
outside_70_criteria,818174084964040064,2025-12-05T02:33:35.780040064,imap_idex_l1b_sci-10days_20251126_v003.cdf,62,2,2,0.0153846153846153,"tof_high,tof_mid"
outside_70_criteria,818180736569897984,2025-12-05T04:24:27.385897984,imap_idex_l1b_sci-10days_20251126_v003.cdf,65,2,2,0.0152893049932523,"tof_high,tof_mid"
outside_70_criteria,818202040415542400,2025-12-05T10:19:31.231542400,imap_idex_l1b_sci-10days_20251126_v003.cdf,71,2,2,0.0161697042794601,"tof_high,tof_mid"
outside_70_criteria,818207333497778048,2025-12-05T11:47:44.313778048,imap_idex_l1b_sci-10days_20251126_v003.cdf,73,2,2,0.0176581637999659,"tof_high,tof_mid"
outside_70_criteria,818236203664620544,2025-12-05T19:48:54.480620544,imap_idex_l1b_sci-10days_20251126_v003.cdf,74,2,2,0.0174188739492569,"tof_high,tof_mid"
outside_70_criteria,818253346127318272,2025-12-06T00:34:36.943318272,imap_idex_l1b_sci-10days_20251206_v003.cdf,0,2,2,0.0150641025641024,"tof_high,tof_mid"
outside_70_criteria,818258688569591680,2025-12-06T02:03:39.385591680,imap_idex_l1b_sci-10days_20251206_v003.cdf,1,2,3,0.0187970105495885,"tof_high,tof_mid"
outside_70_criteria,818283002510687616,2025-12-06T08:48:53.326687616,imap_idex_l1b_sci-10days_20251206_v003.cdf,5,2,2,0.0153846153846153,"tof_high,tof_mid"
outside_70_criteria,818291337752399616,2025-12-06T11:07:48.568399616,imap_idex_l1b_sci-10days_20251206_v003.cdf,6,2,3,0.0156593406593405,"tof_high,tof_mid"
outside_70_criteria,818299736668374528,2025-12-06T13:27:47.484374528,imap_idex_l1b_sci-10days_20251206_v003.cdf,8,2,2,0.0200768408661167,"tof_high,tof_mid"
outside_70_criteria,818301785223579136,2025-12-06T14:01:56.039579136,imap_idex_l1b_sci-10days_20251206_v003.cdf,9,2,2,0.0164133603238873,"tof_high,tof_mid"
outside_70_criteria,818312319979440512,2025-12-06T16:57:30.795440512,imap_idex_l1b_sci-10days_20251206_v003.cdf,10,2,3,0.0173055580850041,"tof_high,tof_mid"
outside_70_criteria,822082694144420224,2026-01-19T08:17:04.960420224,imap_idex_l1b_sci-10days_20260110_v003.cdf,186,2,3,0.0259561801871199,"tof_high,tof_mid"
outside_70_criteria,822084920910466176,2026-01-19T08:54:11.726466176,imap_idex_l1b_sci-10days_20260110_v003.cdf,230,2,2,0.0164717461787861,"tof_high,tof_mid"
outside_70_criteria,822088113138916352,2026-01-19T09:47:23.954916352,imap_idex_l1b_sci-10days_20260110_v003.cdf,276,2,2,0.0147435897435896,"tof_high,tof_mid"
outside_70_criteria,822379123765926656,2026-01-22T18:37:34.581926656,imap_idex_l1b_sci-10days_20260120_v003.cdf,535,2,2,0.0173076923076927,"tof_high,tof_mid"
outside_70_criteria,822423087752249088,2026-01-23T06:50:18.568249088,imap_idex_l1b_sci-10days_20260120_v003.cdf,633,2,2,0.0148351648351647,"tof_high,tof_mid"
outside_70_criteria,823646584933374336,2026-02-06T10:41:55.749374336,imap_idex_l1b_sci-10days_20260130_v003.cdf,13,2,3,0.0295877455877453,"tof_high,tof_mid"
outside_70_criteria,825180858893886720,2026-02-24T04:53:09.709886720,imap_idex_l1b_sci-10days_20260219_v003.cdf,14,2,3,0.0302879098991978,"tof_high,tof_mid"
outside_70_criteria,826362611238473984,2026-03-09T21:09:02.054473984,imap_idex_l1b_sci-10days_20260301_v003.cdf,19,2,2,0.0483516483516485,tof_high
outside_70_criteria,827797997057303168,2026-03-26T11:52:07.873303168,imap_idex_l1b_sci-10days_20260321_v016.cdf,19,2,3,0.0304311645082435,"tof_high,tof_mid"
outside_70_criteria,827841826540949248,2026-03-27T00:02:37.356949248,imap_idex_l1b_sci-10days_20260321_v016.cdf,26,2,3,0.0227260233181399,"tof_high,tof_mid"
outside_70_criteria,827841833148803584,2026-03-27T00:02:43.964803584,imap_idex_l1b_sci-10days_20260321_v016.cdf,27,3,4,0.0155128205128214,"tof_high,tof_mid"
outside_70_criteria,827990627496466048,2026-03-28T17:22:38.312466048,imap_idex_l1b_sci-10days_20260321_v016.cdf,31,2,4,0.0283726303028038,"tof_high,tof_mid"
outside_70_criteria,828087573251437056,2026-03-29T20:18:24.067437056,imap_idex_l1b_sci-10days_20260321_v016.cdf,32,2,2,0.0292081655718019,"tof_high,tof_mid"
outside_70_criteria,828216490454724608,2026-03-31T08:07:01.270724608,imap_idex_l1b_sci-10days_20260331_v016.cdf,0,2,2,0.0161172161172162,"tof_high,tof_mid"
outside_70_criteria,828274733088354560,2026-04-01T00:17:43.904354560,imap_idex_l1b_sci-10days_20260331_v016.cdf,2,2,2,0.0192383746197311,"tof_high,tof_mid"
outside_70_criteria,828370259070692992,2026-04-02T02:49:49.886692992,imap_idex_l1b_sci-10days_20260331_v016.cdf,20,2,3,0.0284960375445456,"tof_high,tof_mid"
outside_70_criteria,828381918054411520,2026-04-02T06:04:08.870411520,imap_idex_l1b_sci-10days_20260331_v016.cdf,34,2,4,0.0303338934528254,"tof_high,tof_mid"
outside_70_criteria,828383789594540416,2026-04-02T06:35:20.410540416,imap_idex_l1b_sci-10days_20260331_v016.cdf,36,2,3,0.0283560612725684,"tof_high,tof_mid"
outside_70_criteria,828394190065955840,2026-04-02T09:28:40.881955840,imap_idex_l1b_sci-10days_20260331_v016.cdf,53,2,3,0.0290545793499669,"tof_high,tof_mid"
outside_70_criteria,828399847034925568,2026-04-02T11:02:57.850925568,imap_idex_l1b_sci-10days_20260331_v016.cdf,62,2,3,0.0324222467303345,"tof_high,tof_mid"
outside_70_criteria,828400734996371712,2026-04-02T11:17:45.812371712,imap_idex_l1b_sci-10days_20260331_v016.cdf,67,2,3,0.0297176350750585,"tof_high,tof_mid"
outside_70_criteria,828406845268746240,2026-04-02T12:59:36.084746240,imap_idex_l1b_sci-10days_20260331_v016.cdf,84,3,3,0.0194037454221624,"tof_high,tof_mid"
outside_70_criteria,828407218004301440,2026-04-02T13:05:48.820301440,imap_idex_l1b_sci-10days_20260331_v016.cdf,86,2,3,0.0305325403550617,"tof_high,tof_mid"
outside_70_criteria,828413510085377408,2026-04-02T14:50:40.901377408,imap_idex_l1b_sci-10days_20260331_v016.cdf,100,2,2,0.018998545314335,"tof_high,tof_mid"
outside_70_criteria,828415122618992128,2026-04-02T15:17:33.434992128,imap_idex_l1b_sci-10days_20260331_v016.cdf,103,2,3,0.0294124546448589,"tof_high,tof_mid"
outside_70_criteria,828419767282704000,2026-04-02T16:34:58.098704000,imap_idex_l1b_sci-10days_20260331_v016.cdf,114,2,4,0.0332732207678452,"tof_high,tof_mid"
outside_70_criteria,828432954353490816,2026-04-02T20:14:45.169490816,imap_idex_l1b_sci-10days_20260331_v016.cdf,136,2,2,0.0300968716450703,"tof_high,tof_mid"
outside_70_criteria,828434804947538048,2026-04-02T20:45:35.763538048,imap_idex_l1b_sci-10days_20260331_v016.cdf,138,2,2,0.0156547549907545,"tof_high,tof_mid"
outside_70_criteria,828435590106533760,2026-04-02T20:58:40.922533760,imap_idex_l1b_sci-10days_20260331_v016.cdf,139,2,2,0.0287684537684536,"tof_high,tof_mid"
outside_70_criteria,828438565234660608,2026-04-02T21:48:16.050660608,imap_idex_l1b_sci-10days_20260331_v016.cdf,150,2,3,0.0297099305376898,"tof_high,tof_mid"
outside_70_criteria,828442269348412416,2026-04-02T22:50:00.164412416,imap_idex_l1b_sci-10days_20260331_v016.cdf,159,2,2,0.0315210640750129,"tof_high,tof_mid"
outside_70_criteria,828443359341762304,2026-04-02T23:08:10.157762304,imap_idex_l1b_sci-10days_20260331_v016.cdf,160,3,3,0.0516403885969101,"tof_high,tof_mid"
outside_70_criteria,828447562533519104,2026-04-03T00:18:13.349519104,imap_idex_l1b_sci-10days_20260331_v016.cdf,164,2,4,0.0301850412961527,"tof_high,tof_mid"
outside_70_criteria,828448251275418752,2026-04-03T00:29:42.091418752,imap_idex_l1b_sci-10days_20260331_v016.cdf,165,2,4,0.0409117927726177,"tof_high,tof_mid"
outside_70_criteria,828449172114336256,2026-04-03T00:45:02.930336256,imap_idex_l1b_sci-10days_20260331_v016.cdf,167,2,3,0.0280826673412229,"tof_high,tof_mid"
outside_70_criteria,828462341475358464,2026-04-03T04:24:32.291358464,imap_idex_l1b_sci-10days_20260331_v016.cdf,194,2,2,0.0150641025641025,"tof_high,tof_mid"
outside_70_criteria,828463191721857408,2026-04-03T04:38:42.537857408,imap_idex_l1b_sci-10days_20260331_v016.cdf,197,2,3,0.0304689133451177,"tof_high,tof_mid"
outside_70_criteria,828463434382285952,2026-04-03T04:42:45.198285952,imap_idex_l1b_sci-10days_20260331_v016.cdf,199,2,2,0.0173076923076924,"tof_high,tof_mid"
outside_70_criteria,828478775889375104,2026-04-03T08:58:26.705375104,imap_idex_l1b_sci-10days_20260331_v016.cdf,218,2,4,0.0403343614922992,"tof_high,tof_mid"
outside_70_criteria,828479619509259776,2026-04-03T09:12:30.325259776,imap_idex_l1b_sci-10days_20260331_v016.cdf,220,2,3,0.0296346896346897,"tof_high,tof_mid"
outside_70_criteria,828480922850903936,2026-04-03T09:34:13.666903936,imap_idex_l1b_sci-10days_20260331_v016.cdf,223,2,3,0.0283723600245634,"tof_high,tof_mid"
outside_70_criteria,828481331364827904,2026-04-03T09:41:02.180827904,imap_idex_l1b_sci-10days_20260331_v016.cdf,224,2,3,0.032252858008768,"tof_high,tof_mid"
outside_70_criteria,828485687657511168,2026-04-03T10:53:38.473511168,imap_idex_l1b_sci-10days_20260331_v016.cdf,231,2,3,0.0370999726530449,"tof_high,tof_mid"
outside_70_criteria,828500198894423808,2026-04-03T14:55:29.710423808,imap_idex_l1b_sci-10days_20260331_v016.cdf,245,2,4,0.0324486777590229,"tof_high,tof_mid"
outside_70_criteria,828505148111810304,2026-04-03T16:17:58.927810304,imap_idex_l1b_sci-10days_20260331_v016.cdf,248,2,2,0.0156765596608115,"tof_high,tof_mid"
outside_70_criteria,828533023454386432,2026-04-04T00:02:34.270386432,imap_idex_l1b_sci-10days_20260331_v016.cdf,267,2,2,0.0161538461538459,"tof_high,tof_mid"
outside_70_criteria,828533027850462592,2026-04-04T00:02:38.666462592,imap_idex_l1b_sci-10days_20260331_v016.cdf,268,2,4,0.0212309791725414,"tof_high,tof_mid"
outside_70_criteria,828533032492918656,2026-04-04T00:02:43.308918656,imap_idex_l1b_sci-10days_20260331_v016.cdf,269,2,5,0.0170345279720276,tof_high
outside_70_criteria,828545522739337600,2026-04-04T03:30:53.555337600,imap_idex_l1b_sci-10days_20260331_v016.cdf,275,2,4,0.0359035642795372,"tof_high,tof_mid"
outside_70_criteria,828563790295883776,2026-04-04T08:35:21.111883776,imap_idex_l1b_sci-10days_20260331_v016.cdf,279,2,3,0.0353978442897734,"tof_high,tof_mid"
outside_70_criteria,828669195190600320,2026-04-05T13:52:06.006600320,imap_idex_l1b_sci-10days_20260331_v016.cdf,292,2,4,0.0333269294807749,"tof_high,tof_mid"
outside_70_criteria,828714051054251520,2026-04-06T02:19:41.870251520,imap_idex_l1b_sci-10days_20260331_v016.cdf,296,2,3,0.027987862547289,"tof_high,tof_mid"
outside_70_criteria,828893247623246464,2026-04-08T04:06:18.439246464,imap_idex_l1b_sci-10days_20260331_v016.cdf,304,2,2,0.0281864575553892,"tof_high,tof_mid"
outside_70_criteria,829224227711345024,2026-04-12T00:02:38.527345024,imap_idex_l1b_sci-10days_20260410_v016.cdf,7,2,3,0.0173295454545456,tof_high
outside_70_criteria,829343897371378176,2026-04-13T09:17:08.187378176,imap_idex_l1b_sci-10days_20260410_v016.cdf,13,2,3,0.0508365032403503,tof_high
outside_70_criteria,829818376350679296,2026-04-18T21:05:07.166679296,imap_idex_l1b_sci-10days_20260410_v016.cdf,20,2,3,0.0375360489129999,"tof_high,tof_mid"
outside_70_criteria,830340855160887296,2026-04-24T22:13:05.976887296,imap_idex_l1b_sci-10days_20260420_v016.cdf,10,2,3,0.0251210821124423,"tof_high,tof_mid"
outside_70_criteria,830497256603648128,2026-04-26T17:39:47.419648128,imap_idex_l1b_sci-10days_20260420_v016.cdf,17,2,3,0.0255583000078417,"tof_high,tof_mid"
outside_70_criteria,831297825973255552,2026-05-06T00:02:36.789255552,imap_idex_l1b_sci-10days_20260430_v016.cdf,19,2,3,0.0162362637362631,tof_high
outside_70_criteria,831358027824348800,2026-05-06T16:45:58.640348800,imap_idex_l1b_sci-10days_20260430_v016.cdf,23,2,6,0.0493861676044665,"tof_high,tof_mid"
outside_70_criteria,831989025238172032,2026-05-14T00:02:36.054172032,imap_idex_l1b_sci-10days_20260510_v016.cdf,13,3,5,0.0148351648351645,tof_high
outside_70_criteria,831989037238081664,2026-05-14T00:02:48.054081664,imap_idex_l1b_sci-10days_20260510_v016.cdf,14,2,2,0.0156135531135532,tof_high
outside_70_criteria,832000652714189696,2026-05-14T03:16:23.530189696,imap_idex_l1b_sci-10days_20260510_v016.cdf,17,2,3,0.0309273220242384,"tof_high,tof_mid"
outside_70_criteria,832144301924100736,2026-05-15T19:10:32.740100736,imap_idex_l1b_sci-10days_20260510_v016.cdf,18,2,2,0.0243311779467301,"tof_high,tof_mid"
outside_70_criteria,832156145611093760,2026-05-15T22:27:56.427093760,imap_idex_l1b_sci-10days_20260510_v016.cdf,19,2,3,0.0509384245562128,tof_high
outside_70_criteria,832253178048727168,2026-05-17T01:25:08.864727168,imap_idex_l1b_sci-10days_20260510_v016.cdf,22,2,2,0.0165736145574854,"tof_high,tof_mid"
outside_70_criteria,832384347827206912,2026-05-18T13:51:18.643206912,imap_idex_l1b_sci-10days_20260510_v016.cdf,24,2,3,0.027888983424239,"tof_high,tof_mid"
outside_70_criteria,832912706669163904,2026-05-24T16:37:17.485163904,imap_idex_l1b_sci-10days_20260520_v016.cdf,15,2,3,0.0300896797802102,"tof_high,tof_mid"
outside_70_criteria,833584447606978304,2026-06-01T11:12:58.422978304,imap_idex_l1b_sci-10days_20260530_v022.cdf,14,2,3,0.0290312226835663,"tof_high,tof_mid"
outside_70_criteria,833741841425016448,2026-06-03T06:56:12.241016448,imap_idex_l1b_sci-10days_20260530_v022.cdf,22,2,3,0.0370458969751421,"tof_high,tof_mid"
outside_70_criteria,833879318908683392,2026-06-04T21:07:29.724683392,imap_idex_l1b_sci-10days_20260530_v022.cdf,24,2,4,0.0463293621744324,"tof_high,tof_mid"
outside_70_criteria,833942573332128256,2026-06-05T14:41:44.148128256,imap_idex_l1b_sci-10days_20260530_v022.cdf,33,2,2,0.0217314039096222,"tof_high,tof_mid"
outside_70_criteria,834062182792443136,2026-06-06T23:55:13.608443136,imap_idex_l1b_sci-10days_20260530_v022.cdf,36,2,3,0.0366638361817247,"tof_high,tof_mid"
outside_70_criteria,834077737203155072,2026-06-07T04:14:28.019155072,imap_idex_l1b_sci-10days_20260530_v022.cdf,48,2,3,0.030788823619091,"tof_high,tof_mid"
outside_70_criteria,834286168162741120,2026-06-09T14:08:18.978741120,imap_idex_l1b_sci-10days_20260609_v011.cdf,3,2,2,0.0163461538461538,"tof_high,tof_mid"
outside_70_criteria,834569610428396544,2026-06-12T20:52:21.244396544,imap_idex_l1b_sci-10days_20260609_v011.cdf,10,2,2,0.0153846153846161,"tof_high,tof_mid"
outside_70_criteria,835111294604784256,2026-06-19T03:20:25.420784256,imap_idex_l1b_sci-10days_20260619_v015.cdf,1,2,4,0.0513187520988277,tof_high
outside_70_criteria,835878059905378688,2026-06-28T00:19:50.721378688,imap_idex_l1b_sci-10days_20260619_v015.cdf,18,2,3,0.0515225169168544,tof_high
manual70_missing_criteria,819924480804711296,2025-12-25T08:46:51.620711296,imap_idex_l1b_sci-10days_20251216_v003.cdf,168,1,1,0.0868131868131869,tof_high
manual70_missing_criteria,828890665500094080,2026-04-08T03:23:16.316094080,imap_idex_l1b_sci-10days_20260331_v016.cdf,302,1,1,0.0428205128205122,tof_high
manual70_missing_criteria,836034957375440896,2026-06-29T19:54:48.191440896,imap_idex_l1b_sci-10days_20260629_v011.cdf,0,1,1,0.0638461538461537,tof_high
manual70_matching_criteria,817431251217357696,2025-11-26T12:13:02.033357696,imap_idex_l1b_sci-10days_20251126_v003.cdf,1,25,25,1.463369963369964,"tof_high,tof_mid"
manual70_matching_criteria,817553283839205760,2025-11-27T22:06:54.655205760,imap_idex_l1b_sci-10days_20251126_v003.cdf,11,41,41,9.02875457875458,"tof_high,tof_low,tof_mid"
manual70_matching_criteria,817575460006996608,2025-11-28T04:16:30.822996608,imap_idex_l1b_sci-10days_20251126_v003.cdf,12,6,6,0.1733195970695972,"tof_high,tof_mid"
manual70_matching_criteria,817690194331356416,2025-11-29T12:08:45.147356416,imap_idex_l1b_sci-10days_20251126_v003.cdf,20,178,183,11.003658536585366,"tof_high,tof_mid"
manual70_matching_criteria,818506645914970240,2025-12-08T22:56:16.730970240,imap_idex_l1b_sci-10days_20251206_v003.cdf,121,23,26,4.628425480769232,"tof_high,tof_mid"
manual70_matching_criteria,819058155895681664,2025-12-15T08:08:06.711681664,imap_idex_l1b_sci-10days_20251206_v003.cdf,312,89,90,15.195688130362786,"tof_high,tof_mid"
manual70_matching_criteria,819869659927698432,2025-12-24T17:33:10.743698432,imap_idex_l1b_sci-10days_20251216_v003.cdf,145,22,25,14.90673076923077,"tof_high,tof_low,tof_mid"
manual70_matching_criteria,820235909647906688,2025-12-28T23:17:20.463906688,imap_idex_l1b_sci-10days_20251226_v003.cdf,38,53,56,14.509659090909093,"tof_high,tof_mid"
manual70_matching_criteria,822079089745355520,2026-01-19T07:17:00.561355520,imap_idex_l1b_sci-10days_20260110_v003.cdf,151,68,69,5.043900543900545,"tof_high,tof_mid"
manual70_matching_criteria,822141881540311296,2026-01-20T00:43:32.356311296,imap_idex_l1b_sci-10days_20260120_v003.cdf,25,39,41,15.49394690548537,"tof_high,tof_mid"
manual70_matching_criteria,822152987352706432,2026-01-20T03:48:38.168706432,imap_idex_l1b_sci-10days_20260120_v003.cdf,104,51,51,16.04676113360324,"tof_high,tof_mid"
manual70_matching_criteria,822428630975561344,2026-01-23T08:22:41.791561344,imap_idex_l1b_sci-10days_20260120_v003.cdf,641,45,46,4.591623931623933,"tof_high,tof_mid"
manual70_matching_criteria,822603520456560640,2026-01-25T08:57:31.272560640,imap_idex_l1b_sci-10days_20260120_v003.cdf,711,17,20,10.556730769230771,"tof_high,tof_low,tof_mid"
manual70_matching_criteria,822614177795217024,2026-01-25T11:55:08.611217024,imap_idex_l1b_sci-10days_20260120_v003.cdf,712,59,64,1.244505494505496,tof_high
manual70_matching_criteria,822698392024309120,2026-01-26T11:18:42.840309120,imap_idex_l1b_sci-10days_20260120_v003.cdf,713,44,46,0.451906640368179,"tof_high,tof_mid"
manual70_matching_criteria,822950535033471104,2026-01-29T09:21:05.849471104,imap_idex_l1b_sci-10days_20260120_v003.cdf,716,20,20,0.3012820512820517,tof_high
manual70_matching_criteria,823732336817513088,2026-02-07T10:31:07.633513088,imap_idex_l1b_sci-10days_20260130_v003.cdf,28,31,34,15.922541727140784,"tof_high,tof_low,tof_mid"
manual70_matching_criteria,824488430879450112,2026-02-16T04:32:41.695450112,imap_idex_l1b_sci-10days_20260209_v003.cdf,15,27,30,15.093429820352895,"tof_high,tof_low,tof_mid"
manual70_matching_criteria,824529708091246080,2026-02-16T16:00:38.907246080,imap_idex_l1b_sci-10days_20260209_v003.cdf,16,4,6,0.1109890109890106,tof_high
manual70_matching_criteria,824771147367161472,2026-02-19T11:04:38.183161472,imap_idex_l1b_sci-10days_20260219_v003.cdf,0,98,98,4.030161943319838,"tof_high,tof_mid"
manual70_matching_criteria,824873635555227648,2026-02-20T15:32:46.371227648,imap_idex_l1b_sci-10days_20260219_v003.cdf,1,11,13,2.006153846153845,"tof_high,tof_mid"
manual70_matching_criteria,824984759361143680,2026-02-21T22:24:50.177143680,imap_idex_l1b_sci-10days_20260219_v003.cdf,2,181,195,7.328846153846155,"tof_high,tof_mid"
manual70_matching_criteria,825401508495354368,2026-02-26T18:10:39.311354368,imap_idex_l1b_sci-10days_20260219_v003.cdf,18,42,43,0.4540559440559443,tof_high
manual70_matching_criteria,825598846538275456,2026-03-01T00:59:37.354275456,imap_idex_l1b_sci-10days_20260301_v003.cdf,0,11,11,5.78283912324235,"tof_high,tof_low,tof_mid"
manual70_matching_criteria,825639235055751040,2026-03-01T12:12:45.871751040,imap_idex_l1b_sci-10days_20260301_v003.cdf,1,54,54,2.192521367521369,"tof_high,tof_mid"
manual70_matching_criteria,825703297644759040,2026-03-02T06:00:28.460759040,imap_idex_l1b_sci-10days_20260301_v003.cdf,2,132,145,14.705048076923076,"tof_high,tof_mid"
manual70_matching_criteria,825792000802898432,2026-03-03T06:38:51.618898432,imap_idex_l1b_sci-10days_20260301_v003.cdf,13,18,18,13.159134615384614,"tof_high,tof_low,tof_mid"
manual70_matching_criteria,825988290421736960,2026-03-05T13:10:21.237736960,imap_idex_l1b_sci-10days_20260301_v003.cdf,16,86,86,9.920769230769231,"tof_high,tof_low,tof_mid"
manual70_matching_criteria,826538486497041664,2026-03-11T22:00:17.313041664,imap_idex_l1b_sci-10days_20260311_v003.cdf,11,19,20,0.7817526223776219,"tof_high,tof_mid"
manual70_matching_criteria,826678188890464768,2026-03-13T12:48:39.706464768,imap_idex_l1b_sci-10days_20260311_v003.cdf,12,33,34,8.854456654456655,"tof_high,tof_low,tof_mid"
manual70_matching_criteria,827139324294691456,2026-03-18T20:54:15.110691456,imap_idex_l1b_sci-10days_20260311_v003.cdf,15,18,19,13.016835664335664,"tof_high,tof_low,tof_mid"
manual70_matching_criteria,827192768517492352,2026-03-19T11:44:59.333492352,imap_idex_l1b_sci-10days_20260311_v003.cdf,26,13,15,0.8854567307692296,"tof_high,tof_mid"
manual70_matching_criteria,827336007387021184,2026-03-21T03:32:18.203021184,imap_idex_l1b_sci-10days_20260321_v016.cdf,0,55,59,0.3188034188034187,tof_high
manual70_matching_criteria,828303574796105088,2026-04-01T08:18:25.612105088,imap_idex_l1b_sci-10days_20260331_v016.cdf,3,116,120,1.5212087912087924,tof_high
manual70_matching_criteria,828324073891770240,2026-04-01T14:00:04.707770240,imap_idex_l1b_sci-10days_20260331_v016.cdf,7,109,110,7.268528106508875,"tof_high,tof_mid"
manual70_matching_criteria,828463288159953536,2026-04-03T04:40:18.975953536,imap_idex_l1b_sci-10days_20260331_v016.cdf,198,235,255,5.9630769230769225,tof_high
manual70_matching_criteria,828663103326867200,2026-04-05T12:10:34.142867200,imap_idex_l1b_sci-10days_20260331_v016.cdf,291,10,11,0.0699377545531387,"tof_high,tof_mid"
manual70_matching_criteria,828852034290299008,2026-04-07T16:39:25.106299008,imap_idex_l1b_sci-10days_20260331_v016.cdf,300,74,83,0.1452724358974352,tof_high
manual70_matching_criteria,828890818233321088,2026-04-08T03:25:49.049321088,imap_idex_l1b_sci-10days_20260331_v016.cdf,303,45,45,0.213782051282051,tof_high
manual70_matching_criteria,829331334852275712,2026-04-13T05:47:45.668275712,imap_idex_l1b_sci-10days_20260410_v016.cdf,12,148,150,10.457692307692309,"tof_high,tof_low,tof_mid"
manual70_matching_criteria,829469533022534528,2026-04-14T20:11:03.838534528,imap_idex_l1b_sci-10days_20260410_v016.cdf,15,56,60,2.935836798336798,"tof_high,tof_mid"
manual70_matching_criteria,829803077837208960,2026-04-18T16:50:08.653208960,imap_idex_l1b_sci-10days_20260410_v016.cdf,18,24,27,1.3459541062801927,"tof_high,tof_mid"
manual70_matching_criteria,829883093106083456,2026-04-19T15:03:43.922083456,imap_idex_l1b_sci-10days_20260410_v016.cdf,24,77,80,5.242056856187293,"tof_high,tof_mid"
manual70_matching_criteria,830381406722152448,2026-04-25T09:28:57.538152448,imap_idex_l1b_sci-10days_20260420_v016.cdf,12,48,48,5.723883061383061,"tof_high,tof_low,tof_mid"
manual70_matching_criteria,830682467769253760,2026-04-28T21:06:38.585253760,imap_idex_l1b_sci-10days_20260420_v016.cdf,32,111,111,9.436923076923076,"tof_high,tof_mid"
manual70_matching_criteria,831074386797275136,2026-05-03T09:58:37.613275136,imap_idex_l1b_sci-10days_20260430_v016.cdf,7,27,28,6.106848635235734,"tof_high,tof_low,tof_mid"
manual70_matching_criteria,831088029806524928,2026-05-03T13:46:00.622524928,imap_idex_l1b_sci-10days_20260430_v016.cdf,8,52,52,11.949725274725274,"tof_high,tof_low,tof_mid"
manual70_matching_criteria,831163478611231744,2026-05-04T10:43:29.427231744,imap_idex_l1b_sci-10days_20260430_v016.cdf,10,14,14,0.49849709114415,tof_high
manual70_matching_criteria,831650304660984320,2026-05-10T01:57:15.476984320,imap_idex_l1b_sci-10days_20260510_v016.cdf,0,25,25,2.3031449343339587,"tof_high,tof_mid"
manual70_matching_criteria,831671429854921600,2026-05-10T07:49:20.670921600,imap_idex_l1b_sci-10days_20260510_v016.cdf,2,30,32,6.772525292168149,"tof_high,tof_low,tof_mid"
manual70_matching_criteria,831712374444924928,2026-05-10T19:11:45.260924928,imap_idex_l1b_sci-10days_20260510_v016.cdf,3,88,97,0.1582692307692302,tof_high
manual70_matching_criteria,832384538122042880,2026-05-18T13:54:28.938042880,imap_idex_l1b_sci-10days_20260510_v016.cdf,25,30,36,2.434512820512821,"tof_high,tof_mid"
manual70_matching_criteria,832407449712950784,2026-05-18T20:16:20.528950784,imap_idex_l1b_sci-10days_20260510_v016.cdf,26,92,95,0.73076923076923,tof_high
manual70_matching_criteria,832454296321968768,2026-05-19T09:17:07.137968768,imap_idex_l1b_sci-10days_20260510_v016.cdf,27,130,150,3.599038461538462,"tof_high,tof_mid"
manual70_matching_criteria,832547316356169216,2026-05-20T11:07:27.172169216,imap_idex_l1b_sci-10days_20260520_v016.cdf,0,204,209,10.164663461538463,"tof_high,tof_mid"
manual70_matching_criteria,832561559689043584,2026-05-20T15:04:50.505043584,imap_idex_l1b_sci-10days_20260520_v016.cdf,1,3,4,0.085418131970661,"tof_high,tof_mid"
manual70_matching_criteria,832639594136577152,2026-05-21T12:45:24.952577152,imap_idex_l1b_sci-10days_20260520_v016.cdf,3,35,39,2.3451854395604403,"tof_high,tof_mid"
manual70_matching_criteria,832961926169298048,2026-05-25T06:17:36.985298048,imap_idex_l1b_sci-10days_20260520_v016.cdf,16,9,9,0.4496203796203797,"tof_high,tof_mid"
manual70_matching_criteria,832996576372891008,2026-05-25T15:55:07.188891008,imap_idex_l1b_sci-10days_20260520_v016.cdf,17,9,10,0.2104166666666665,tof_high
manual70_matching_criteria,833153470844671232,2026-05-27T11:30:01.660671232,imap_idex_l1b_sci-10days_20260520_v016.cdf,22,98,104,2.922872960372961,"tof_high,tof_mid"
manual70_matching_criteria,833213030316542208,2026-05-28T04:02:41.132542208,imap_idex_l1b_sci-10days_20260520_v016.cdf,23,7,9,0.1096794871794877,tof_high
manual70_matching_criteria,833508230439167232,2026-05-31T14:02:41.255167232,imap_idex_l1b_sci-10days_20260530_v022.cdf,12,70,76,2.311076183431953,"tof_high,tof_low,tof_mid"
manual70_matching_criteria,834053775150649088,2026-06-06T21:35:05.966649088,imap_idex_l1b_sci-10days_20260530_v022.cdf,34,110,111,5.2645299145299145,tof_high
manual70_matching_criteria,834313254959081472,2026-06-09T21:39:45.775081472,imap_idex_l1b_sci-10days_20260609_v011.cdf,5,39,39,12.408226495726495,"tof_high,tof_low,tof_mid"
manual70_matching_criteria,834626247000502272,2026-06-13T12:36:17.816502272,imap_idex_l1b_sci-10days_20260609_v011.cdf,12,98,98,10.75471540843058,"tof_high,tof_mid"
manual70_matching_criteria,834950025076223872,2026-06-17T06:32:35.892223872,imap_idex_l1b_sci-10days_20260609_v011.cdf,29,31,35,0.3195512820512818,tof_high
manual70_matching_criteria,835321712352210048,2026-06-21T13:47:23.168210048,imap_idex_l1b_sci-10days_20260619_v015.cdf,5,7,7,0.2088598901098902,tof_high
