criterion_variant,set,epoch_tt2000,epoch_utc,source_file,record_index,qualifying_peak_count,max_effective_fwhm_us,saturated_peak_count,tof_mid_replacement_count
replace_saturated_h_width_with_matched_tof_m_min1,outside_70_criteria,822752945501397504,2026-01-27T02:27:56.317397504,imap_idex_l1b_sci-10days_20260120_v003.cdf,714,1,0.0396853146853143,0,0
replace_saturated_h_width_with_matched_tof_m_min1,outside_70_criteria,823321826137256576,2026-02-02T16:29:16.953256576,imap_idex_l1b_sci-10days_20260130_v003.cdf,10,1,0.0370432692307687,0,0
replace_saturated_h_width_with_matched_tof_m_min1,outside_70_criteria,823374007345156224,2026-02-03T06:58:58.161156224,imap_idex_l1b_sci-10days_20260130_v003.cdf,11,1,0.0322216245293163,0,0
replace_saturated_h_width_with_matched_tof_m_min1,outside_70_criteria,823532755161741056,2026-02-05T03:04:45.977741056,imap_idex_l1b_sci-10days_20260130_v003.cdf,12,1,0.0443910256410266,0,0
replace_saturated_h_width_with_matched_tof_m_min1,outside_70_criteria,823656259303192704,2026-02-06T13:23:10.119192704,imap_idex_l1b_sci-10days_20260130_v003.cdf,14,1,0.0464743589743588,1,0
replace_saturated_h_width_with_matched_tof_m_min1,outside_70_criteria,823681765721655936,2026-02-06T20:28:16.537655936,imap_idex_l1b_sci-10days_20260130_v003.cdf,16,1,0.0200786010774534,0,0
replace_saturated_h_width_with_matched_tof_m_min1,outside_70_criteria,823705860918334976,2026-02-07T03:09:51.734334976,imap_idex_l1b_sci-10days_20260130_v003.cdf,27,1,0.0310719373219371,0,0
replace_saturated_h_width_with_matched_tof_m_min1,outside_70_criteria,823742579353035264,2026-02-07T13:21:50.169035264,imap_idex_l1b_sci-10days_20260130_v003.cdf,29,1,0.0450936883629187,0,0
replace_saturated_h_width_with_matched_tof_m_min1,outside_70_criteria,823917174354775168,2026-02-09T13:51:45.170775168,imap_idex_l1b_sci-10days_20260209_v003.cdf,0,1,0.038949592074592,0,0
replace_saturated_h_width_with_matched_tof_m_min1,outside_70_criteria,824076203355304832,2026-02-11T10:02:14.171304832,imap_idex_l1b_sci-10days_20260209_v003.cdf,1,1,0.0238603988603985,0,0
replace_saturated_h_width_with_matched_tof_m_min1,outside_70_criteria,824103518305623424,2026-02-11T17:37:29.121623424,imap_idex_l1b_sci-10days_20260209_v003.cdf,2,1,0.0423250957187603,0,0
replace_saturated_h_width_with_matched_tof_m_min1,outside_70_criteria,824164949253484544,2026-02-12T10:41:20.069484544,imap_idex_l1b_sci-10days_20260209_v003.cdf,3,1,0.0353303747534521,0,0
replace_saturated_h_width_with_matched_tof_m_min1,outside_70_criteria,824695180842833280,2026-02-18T13:58:31.658833280,imap_idex_l1b_sci-10days_20260209_v003.cdf,18,1,0.0446192696192698,0,0
replace_saturated_h_width_with_matched_tof_m_min1,outside_70_criteria,825145076969854464,2026-02-23T18:56:47.785854464,imap_idex_l1b_sci-10days_20260219_v003.cdf,13,1,0.0448432449903033,0,0
replace_saturated_h_width_with_matched_tof_m_min1,outside_70_criteria,825321529935155072,2026-02-25T19:57:40.751155072,imap_idex_l1b_sci-10days_20260219_v003.cdf,16,1,0.0378269230769231,0,0
replace_saturated_h_width_with_matched_tof_m_min1,outside_70_criteria,825356801246776192,2026-02-26T05:45:32.062776192,imap_idex_l1b_sci-10days_20260219_v003.cdf,17,1,0.0275147928994089,0,0
replace_saturated_h_width_with_matched_tof_m_min1,outside_70_criteria,825865318891700352,2026-03-04T03:00:49.707700352,imap_idex_l1b_sci-10days_20260301_v003.cdf,14,1,0.0417948717948724,0,0
replace_saturated_h_width_with_matched_tof_m_min1,outside_70_criteria,826122935909736960,2026-03-07T02:34:26.725736960,imap_idex_l1b_sci-10days_20260301_v003.cdf,18,1,0.0220307208514752,0,0
replace_saturated_h_width_with_matched_tof_m_min1,outside_70_criteria,826362611238473984,2026-03-09T21:09:02.054473984,imap_idex_l1b_sci-10days_20260301_v003.cdf,19,2,0.0483516483516485,0,0
replace_saturated_h_width_with_matched_tof_m_min1,outside_70_criteria,826493113683860224,2026-03-11T09:24:04.499860224,imap_idex_l1b_sci-10days_20260311_v003.cdf,10,1,0.0336278586278582,0,0
replace_saturated_h_width_with_matched_tof_m_min1,outside_70_criteria,827123773423229184,2026-03-18T16:35:04.239229184,imap_idex_l1b_sci-10days_20260311_v003.cdf,13,1,0.0340729123817351,0,0
replace_saturated_h_width_with_matched_tof_m_min1,outside_70_criteria,827442704141100928,2026-03-22T09:10:34.957100928,imap_idex_l1b_sci-10days_20260321_v016.cdf,2,1,0.0374354320815311,0,0
replace_saturated_h_width_with_matched_tof_m_min1,outside_70_criteria,827454121358063744,2026-03-22T12:20:52.174063744,imap_idex_l1b_sci-10days_20260321_v016.cdf,3,1,0.0379864253393665,0,0
replace_saturated_h_width_with_matched_tof_m_min1,outside_70_criteria,827471404229500544,2026-03-22T17:08:55.045500544,imap_idex_l1b_sci-10days_20260321_v016.cdf,4,1,0.0362637362637366,0,0
replace_saturated_h_width_with_matched_tof_m_min1,outside_70_criteria,827471771514619520,2026-03-22T17:15:02.330619520,imap_idex_l1b_sci-10days_20260321_v016.cdf,5,1,0.0330128205128204,0,0
replace_saturated_h_width_with_matched_tof_m_min1,outside_70_criteria,827476430388088064,2026-03-22T18:32:41.204088064,imap_idex_l1b_sci-10days_20260321_v016.cdf,6,1,0.022000574052813,0,0
replace_saturated_h_width_with_matched_tof_m_min1,outside_70_criteria,827477215471882240,2026-03-22T18:45:46.287882240,imap_idex_l1b_sci-10days_20260321_v016.cdf,7,1,0.0304258241758239,0,0
replace_saturated_h_width_with_matched_tof_m_min1,outside_70_criteria,827489487364297856,2026-03-22T22:10:18.180297856,imap_idex_l1b_sci-10days_20260321_v016.cdf,9,1,0.0415695415695421,0,0
replace_saturated_h_width_with_matched_tof_m_min1,outside_70_criteria,827490247445533696,2026-03-22T22:22:58.261533696,imap_idex_l1b_sci-10days_20260321_v016.cdf,10,1,0.0209912671869188,0,0
replace_saturated_h_width_with_matched_tof_m_min1,outside_70_criteria,827501437172356096,2026-03-23T01:29:27.988356096,imap_idex_l1b_sci-10days_20260321_v016.cdf,11,1,0.0353663003663011,0,0
replace_saturated_h_width_with_matched_tof_m_min1,outside_70_criteria,827528280928282880,2026-03-23T08:56:51.744282880,imap_idex_l1b_sci-10days_20260321_v016.cdf,13,1,0.0390135327635327,0,0
replace_saturated_h_width_with_matched_tof_m_min1,outside_70_criteria,827547147881359104,2026-03-23T14:11:18.697359104,imap_idex_l1b_sci-10days_20260321_v016.cdf,14,1,0.0347876760920241,0,0
replace_saturated_h_width_with_matched_tof_m_min1,outside_70_criteria,827599262676533120,2026-03-24T04:39:53.492533120,imap_idex_l1b_sci-10days_20260321_v016.cdf,15,1,0.0234615384615382,0,0
replace_saturated_h_width_with_matched_tof_m_min1,outside_70_criteria,827612094895927936,2026-03-24T08:13:45.711927936,imap_idex_l1b_sci-10days_20260321_v016.cdf,16,1,0.0402218934911237,0,0
replace_saturated_h_width_with_matched_tof_m_min1,outside_70_criteria,827782641711986688,2026-03-26T07:36:12.527986688,imap_idex_l1b_sci-10days_20260321_v016.cdf,17,1,0.0339102564102558,0,0
replace_saturated_h_width_with_matched_tof_m_min1,outside_70_criteria,827793370988301184,2026-03-26T10:35:01.804301184,imap_idex_l1b_sci-10days_20260321_v016.cdf,18,1,0.0369822485207109,0,0
replace_saturated_h_width_with_matched_tof_m_min1,outside_70_criteria,828323362895290240,2026-04-01T13:48:13.711290240,imap_idex_l1b_sci-10days_20260331_v016.cdf,5,1,0.0411970382558613,0,0
replace_saturated_h_width_with_matched_tof_m_min1,outside_70_criteria,828323661629609856,2026-04-01T13:53:12.445609856,imap_idex_l1b_sci-10days_20260331_v016.cdf,6,1,0.0354197485207099,0,0
replace_saturated_h_width_with_matched_tof_m_min1,outside_70_criteria,828325223583627648,2026-04-01T14:19:14.399627648,imap_idex_l1b_sci-10days_20260331_v016.cdf,8,1,0.0308601563920712,0,0
replace_saturated_h_width_with_matched_tof_m_min1,outside_70_criteria,828325583093314304,2026-04-01T14:25:13.909314304,imap_idex_l1b_sci-10days_20260331_v016.cdf,9,1,0.0348211988680207,0,0
replace_saturated_h_width_with_matched_tof_m_min1,outside_70_criteria,828339101007168896,2026-04-01T18:10:31.823168896,imap_idex_l1b_sci-10days_20260331_v016.cdf,10,1,0.0262095047809327,0,0
replace_saturated_h_width_with_matched_tof_m_min1,outside_70_criteria,828349090039142912,2026-04-01T20:57:00.855142912,imap_idex_l1b_sci-10days_20260331_v016.cdf,11,1,0.0421245421245411,0,0
replace_saturated_h_width_with_matched_tof_m_min1,outside_70_criteria,828351099434731648,2026-04-01T21:30:30.250731648,imap_idex_l1b_sci-10days_20260331_v016.cdf,12,1,0.0233516483516483,0,0
replace_saturated_h_width_with_matched_tof_m_min1,outside_70_criteria,828353121357009408,2026-04-01T22:04:12.173009408,imap_idex_l1b_sci-10days_20260331_v016.cdf,13,1,0.0246579142011837,0,0
replace_saturated_h_width_with_matched_tof_m_min1,outside_70_criteria,828358713176235776,2026-04-01T23:37:23.992235776,imap_idex_l1b_sci-10days_20260331_v016.cdf,14,1,0.0260842880523737,0,0
replace_saturated_h_width_with_matched_tof_m_min1,outside_70_criteria,828359814988695552,2026-04-01T23:55:45.804695552,imap_idex_l1b_sci-10days_20260331_v016.cdf,15,1,0.0399378399378394,0,0
replace_saturated_h_width_with_matched_tof_m_min1,outside_70_criteria,828360693338470144,2026-04-02T00:10:24.154470144,imap_idex_l1b_sci-10days_20260331_v016.cdf,16,1,0.0388663967611335,0,0
replace_saturated_h_width_with_matched_tof_m_min1,outside_70_criteria,828362003608947968,2026-04-02T00:32:14.424947968,imap_idex_l1b_sci-10days_20260331_v016.cdf,17,1,0.0355522682445767,0,0
replace_saturated_h_width_with_matched_tof_m_min1,outside_70_criteria,828362274178952192,2026-04-02T00:36:44.994952192,imap_idex_l1b_sci-10days_20260331_v016.cdf,18,1,0.0242203742203738,0,0
replace_saturated_h_width_with_matched_tof_m_min1,outside_70_criteria,828368809000516736,2026-04-02T02:25:39.816516736,imap_idex_l1b_sci-10days_20260331_v016.cdf,19,1,0.0240839243498819,0,0
replace_saturated_h_width_with_matched_tof_m_min1,outside_70_criteria,828371789170219392,2026-04-02T03:15:19.986219392,imap_idex_l1b_sci-10days_20260331_v016.cdf,21,1,0.0258247911103446,0,0
replace_saturated_h_width_with_matched_tof_m_min1,outside_70_criteria,828372323420953728,2026-04-02T03:24:14.236953728,imap_idex_l1b_sci-10days_20260331_v016.cdf,23,1,0.0253834706959711,0,0
replace_saturated_h_width_with_matched_tof_m_min1,outside_70_criteria,828374537336364288,2026-04-02T04:01:08.152364288,imap_idex_l1b_sci-10days_20260331_v016.cdf,24,1,0.0448251748251749,0,0
replace_saturated_h_width_with_matched_tof_m_min1,outside_70_criteria,828377198667624704,2026-04-02T04:45:29.483624704,imap_idex_l1b_sci-10days_20260331_v016.cdf,25,1,0.0381656804733727,0,0
replace_saturated_h_width_with_matched_tof_m_min1,outside_70_criteria,828377342063719808,2026-04-02T04:47:52.879719808,imap_idex_l1b_sci-10days_20260331_v016.cdf,26,1,0.032758295625943,0,0
replace_saturated_h_width_with_matched_tof_m_min1,outside_70_criteria,828377553261455616,2026-04-02T04:51:24.077455616,imap_idex_l1b_sci-10days_20260331_v016.cdf,27,1,0.0286858974358968,0,0
replace_saturated_h_width_with_matched_tof_m_min1,outside_70_criteria,828378021258027776,2026-04-02T04:59:12.074027776,imap_idex_l1b_sci-10days_20260331_v016.cdf,28,1,0.023958333333333,0,0
replace_saturated_h_width_with_matched_tof_m_min1,outside_70_criteria,828379549748095616,2026-04-02T05:24:40.564095616,imap_idex_l1b_sci-10days_20260331_v016.cdf,30,1,0.0262678560755485,0,0
replace_saturated_h_width_with_matched_tof_m_min1,outside_70_criteria,828380995829855488,2026-04-02T05:48:46.645855488,imap_idex_l1b_sci-10days_20260331_v016.cdf,31,1,0.0225838264299801,0,0
replace_saturated_h_width_with_matched_tof_m_min1,outside_70_criteria,828381022088452480,2026-04-02T05:49:12.904452480,imap_idex_l1b_sci-10days_20260331_v016.cdf,32,1,0.0389194139194151,0,0
replace_saturated_h_width_with_matched_tof_m_min1,outside_70_criteria,828381223226597248,2026-04-02T05:52:34.042597248,imap_idex_l1b_sci-10days_20260331_v016.cdf,33,1,0.0324560574560569,0,0
replace_saturated_h_width_with_matched_tof_m_min1,outside_70_criteria,828383147918439808,2026-04-02T06:24:38.734439808,imap_idex_l1b_sci-10days_20260331_v016.cdf,35,1,0.0252394419306188,0,0
replace_saturated_h_width_with_matched_tof_m_min1,outside_70_criteria,828384102258627968,2026-04-02T06:40:33.074627968,imap_idex_l1b_sci-10days_20260331_v016.cdf,37,1,0.0410256410256403,0,0
replace_saturated_h_width_with_matched_tof_m_min1,outside_70_criteria,828387456569624448,2026-04-02T07:36:27.385624448,imap_idex_l1b_sci-10days_20260331_v016.cdf,39,1,0.0247367216117218,0,0
replace_saturated_h_width_with_matched_tof_m_min1,outside_70_criteria,828387995160935040,2026-04-02T07:45:25.976935040,imap_idex_l1b_sci-10days_20260331_v016.cdf,40,1,0.046186813186813,0,0
replace_saturated_h_width_with_matched_tof_m_min1,outside_70_criteria,828388604510784000,2026-04-02T07:55:35.326784000,imap_idex_l1b_sci-10days_20260331_v016.cdf,42,1,0.0239527429934403,0,0
replace_saturated_h_width_with_matched_tof_m_min1,outside_70_criteria,828391174910723712,2026-04-02T08:38:25.726723712,imap_idex_l1b_sci-10days_20260331_v016.cdf,46,1,0.0302403846153846,0,0
replace_saturated_h_width_with_matched_tof_m_min1,outside_70_criteria,828392938581526656,2026-04-02T09:07:49.397526656,imap_idex_l1b_sci-10days_20260331_v016.cdf,48,1,0.0280288461538466,0,0
replace_saturated_h_width_with_matched_tof_m_min1,outside_70_criteria,828392975432834688,2026-04-02T09:08:26.248834688,imap_idex_l1b_sci-10days_20260331_v016.cdf,49,1,0.0379202279202283,0,0
replace_saturated_h_width_with_matched_tof_m_min1,outside_70_criteria,828393229206633344,2026-04-02T09:12:40.022633344,imap_idex_l1b_sci-10days_20260331_v016.cdf,50,1,0.0263316662697462,0,0
replace_saturated_h_width_with_matched_tof_m_min1,outside_70_criteria,828393888590038656,2026-04-02T09:23:39.406038656,imap_idex_l1b_sci-10days_20260331_v016.cdf,51,1,0.0255225166989879,0,0
replace_saturated_h_width_with_matched_tof_m_min1,outside_70_criteria,828394156368065408,2026-04-02T09:28:07.184065408,imap_idex_l1b_sci-10days_20260331_v016.cdf,52,1,0.0378351648351645,0,0
replace_saturated_h_width_with_matched_tof_m_min1,outside_70_criteria,828394833627555072,2026-04-02T09:39:24.443555072,imap_idex_l1b_sci-10days_20260331_v016.cdf,54,1,0.0379987659399432,0,0
replace_saturated_h_width_with_matched_tof_m_min1,outside_70_criteria,828394888153567488,2026-04-02T09:40:18.969567488,imap_idex_l1b_sci-10days_20260331_v016.cdf,55,1,0.0348443223443222,0,0
replace_saturated_h_width_with_matched_tof_m_min1,outside_70_criteria,828395812998961408,2026-04-02T09:55:43.814961408,imap_idex_l1b_sci-10days_20260331_v016.cdf,56,1,0.0292643572181239,0,0
replace_saturated_h_width_with_matched_tof_m_min1,outside_70_criteria,828396867649762304,2026-04-02T10:13:18.465762304,imap_idex_l1b_sci-10days_20260331_v016.cdf,57,1,0.0365873015873019,0,0
replace_saturated_h_width_with_matched_tof_m_min1,outside_70_criteria,828397115281066368,2026-04-02T10:17:26.097066368,imap_idex_l1b_sci-10days_20260331_v016.cdf,58,1,0.0305982905982905,0,0
replace_saturated_h_width_with_matched_tof_m_min1,outside_70_criteria,828398157728597888,2026-04-02T10:34:48.544597888,imap_idex_l1b_sci-10days_20260331_v016.cdf,59,1,0.0251171104536483,0,0
replace_saturated_h_width_with_matched_tof_m_min1,outside_70_criteria,828398599278532992,2026-04-02T10:42:10.094532992,imap_idex_l1b_sci-10days_20260331_v016.cdf,60,1,0.022307692307692,0,0
replace_saturated_h_width_with_matched_tof_m_min1,outside_70_criteria,828400349357487744,2026-04-02T11:11:20.173487744,imap_idex_l1b_sci-10days_20260331_v016.cdf,63,1,0.0379901960784311,0,0
replace_saturated_h_width_with_matched_tof_m_min1,outside_70_criteria,828400367094172416,2026-04-02T11:11:37.910172416,imap_idex_l1b_sci-10days_20260331_v016.cdf,64,1,0.0370688754180597,0,0
replace_saturated_h_width_with_matched_tof_m_min1,outside_70_criteria,828400523273276160,2026-04-02T11:14:14.089276160,imap_idex_l1b_sci-10days_20260331_v016.cdf,65,1,0.0343990384615376,0,0
replace_saturated_h_width_with_matched_tof_m_min1,outside_70_criteria,828400645954109184,2026-04-02T11:16:16.770109184,imap_idex_l1b_sci-10days_20260331_v016.cdf,66,1,0.0342477375565602,0,0
replace_saturated_h_width_with_matched_tof_m_min1,outside_70_criteria,828401397061374720,2026-04-02T11:28:47.877374720,imap_idex_l1b_sci-10days_20260331_v016.cdf,68,1,0.0302121489621489,0,0
replace_saturated_h_width_with_matched_tof_m_min1,outside_70_criteria,828401887233707392,2026-04-02T11:36:58.049707392,imap_idex_l1b_sci-10days_20260331_v016.cdf,69,1,0.0406354515050169,0,0
replace_saturated_h_width_with_matched_tof_m_min1,outside_70_criteria,828402213833002752,2026-04-02T11:42:24.649002752,imap_idex_l1b_sci-10days_20260331_v016.cdf,72,1,0.0448218448218454,0,0
replace_saturated_h_width_with_matched_tof_m_min1,outside_70_criteria,828402753777912192,2026-04-02T11:51:24.593912192,imap_idex_l1b_sci-10days_20260331_v016.cdf,73,1,0.0337237762237758,0,0
replace_saturated_h_width_with_matched_tof_m_min1,outside_70_criteria,828403725548905216,2026-04-02T12:07:36.364905216,imap_idex_l1b_sci-10days_20260331_v016.cdf,75,1,0.023112273755656,0,0
replace_saturated_h_width_with_matched_tof_m_min1,outside_70_criteria,828403788592750336,2026-04-02T12:08:39.408750336,imap_idex_l1b_sci-10days_20260331_v016.cdf,76,1,0.0306114398422089,0,0
replace_saturated_h_width_with_matched_tof_m_min1,outside_70_criteria,828404479576788096,2026-04-02T12:20:10.392788096,imap_idex_l1b_sci-10days_20260331_v016.cdf,77,1,0.0271775592828229,0,0
replace_saturated_h_width_with_matched_tof_m_min1,outside_70_criteria,828405242496643072,2026-04-02T12:32:53.312643072,imap_idex_l1b_sci-10days_20260331_v016.cdf,79,1,0.0213791942002954,0,0
replace_saturated_h_width_with_matched_tof_m_min1,outside_70_criteria,828405655764302976,2026-04-02T12:39:46.580302976,imap_idex_l1b_sci-10days_20260331_v016.cdf,80,1,0.0291882396449699,0,0
replace_saturated_h_width_with_matched_tof_m_min1,outside_70_criteria,828405926580626944,2026-04-02T12:44:17.396626944,imap_idex_l1b_sci-10days_20260331_v016.cdf,81,1,0.0215976331360949,0,0
replace_saturated_h_width_with_matched_tof_m_min1,outside_70_criteria,828406106760029952,2026-04-02T12:47:17.576029952,imap_idex_l1b_sci-10days_20260331_v016.cdf,82,1,0.0353917378917382,0,0
replace_saturated_h_width_with_matched_tof_m_min1,outside_70_criteria,828406715821659136,2026-04-02T12:57:26.637659136,imap_idex_l1b_sci-10days_20260331_v016.cdf,83,1,0.0258758714403881,0,0
replace_saturated_h_width_with_matched_tof_m_min1,outside_70_criteria,828407313042578560,2026-04-02T13:07:23.858578560,imap_idex_l1b_sci-10days_20260331_v016.cdf,87,1,0.0412431318681311,0,0
replace_saturated_h_width_with_matched_tof_m_min1,outside_70_criteria,828408069481279232,2026-04-02T13:20:00.297279232,imap_idex_l1b_sci-10days_20260331_v016.cdf,88,1,0.043777153079479,0,0
replace_saturated_h_width_with_matched_tof_m_min1,outside_70_criteria,828408654536849408,2026-04-02T13:29:45.352849408,imap_idex_l1b_sci-10days_20260331_v016.cdf,89,1,0.0282983682983681,0,0
replace_saturated_h_width_with_matched_tof_m_min1,outside_70_criteria,828409772833274752,2026-04-02T13:48:23.649274752,imap_idex_l1b_sci-10days_20260331_v016.cdf,93,1,0.0322147083685547,0,0
replace_saturated_h_width_with_matched_tof_m_min1,outside_70_criteria,828410419308951424,2026-04-02T13:59:10.124951424,imap_idex_l1b_sci-10days_20260331_v016.cdf,94,1,0.0410040939452697,0,0
replace_saturated_h_width_with_matched_tof_m_min1,outside_70_criteria,828410886754743808,2026-04-02T14:06:57.570743808,imap_idex_l1b_sci-10days_20260331_v016.cdf,95,1,0.0208479020979021,0,0
replace_saturated_h_width_with_matched_tof_m_min1,outside_70_criteria,828411807547341440,2026-04-02T14:22:18.363341440,imap_idex_l1b_sci-10days_20260331_v016.cdf,96,1,0.0417307692307685,0,0
replace_saturated_h_width_with_matched_tof_m_min1,outside_70_criteria,828412547170976768,2026-04-02T14:34:37.986976768,imap_idex_l1b_sci-10days_20260331_v016.cdf,97,1,0.0301506186121568,0,0
replace_saturated_h_width_with_matched_tof_m_min1,outside_70_criteria,828412930372182784,2026-04-02T14:41:01.188182784,imap_idex_l1b_sci-10days_20260331_v016.cdf,98,1,0.0252598752598747,0,0
replace_saturated_h_width_with_matched_tof_m_min1,outside_70_criteria,828413360042248320,2026-04-02T14:48:10.858248320,imap_idex_l1b_sci-10days_20260331_v016.cdf,99,1,0.0370808678500981,0,0
replace_saturated_h_width_with_matched_tof_m_min1,outside_70_criteria,828414682003636096,2026-04-02T15:10:12.819636096,imap_idex_l1b_sci-10days_20260331_v016.cdf,101,1,0.0201554200275426,0,0
replace_saturated_h_width_with_matched_tof_m_min1,outside_70_criteria,828414741715804160,2026-04-02T15:11:12.531804160,imap_idex_l1b_sci-10days_20260331_v016.cdf,102,1,0.0379540598290598,0,0
replace_saturated_h_width_with_matched_tof_m_min1,outside_70_criteria,828415515561169792,2026-04-02T15:24:06.377169792,imap_idex_l1b_sci-10days_20260331_v016.cdf,104,1,0.0301479289940828,0,0
replace_saturated_h_width_with_matched_tof_m_min1,outside_70_criteria,828416532685483136,2026-04-02T15:41:03.501483136,imap_idex_l1b_sci-10days_20260331_v016.cdf,105,1,0.0292045454545453,0,0
replace_saturated_h_width_with_matched_tof_m_min1,outside_70_criteria,828416601515083136,2026-04-02T15:42:12.331083136,imap_idex_l1b_sci-10days_20260331_v016.cdf,106,1,0.0361177884615389,0,0
replace_saturated_h_width_with_matched_tof_m_min1,outside_70_criteria,828416785460542848,2026-04-02T15:45:16.276542848,imap_idex_l1b_sci-10days_20260331_v016.cdf,107,1,0.0260256410256416,0,0
replace_saturated_h_width_with_matched_tof_m_min1,outside_70_criteria,828417462773052544,2026-04-02T15:56:33.589052544,imap_idex_l1b_sci-10days_20260331_v016.cdf,108,1,0.0372086247086248,0,0
replace_saturated_h_width_with_matched_tof_m_min1,outside_70_criteria,828417767683286912,2026-04-02T16:01:38.499286912,imap_idex_l1b_sci-10days_20260331_v016.cdf,109,1,0.0265024038461532,0,0
replace_saturated_h_width_with_matched_tof_m_min1,outside_70_criteria,828419010176663936,2026-04-02T16:22:20.992663936,imap_idex_l1b_sci-10days_20260331_v016.cdf,111,1,0.0257149901380671,0,0
replace_saturated_h_width_with_matched_tof_m_min1,outside_70_criteria,828419380858440832,2026-04-02T16:28:31.674440832,imap_idex_l1b_sci-10days_20260331_v016.cdf,112,1,0.0393205128205127,0,0
replace_saturated_h_width_with_matched_tof_m_min1,outside_70_criteria,828419544279498496,2026-04-02T16:31:15.095498496,imap_idex_l1b_sci-10days_20260331_v016.cdf,113,1,0.0342105263157885,0,0
replace_saturated_h_width_with_matched_tof_m_min1,outside_70_criteria,828420945180317440,2026-04-02T16:54:35.996317440,imap_idex_l1b_sci-10days_20260331_v016.cdf,116,1,0.0392628205128202,0,0
replace_saturated_h_width_with_matched_tof_m_min1,outside_70_criteria,828423146548498816,2026-04-02T17:31:17.364498816,imap_idex_l1b_sci-10days_20260331_v016.cdf,119,1,0.0391377852916311,0,0
replace_saturated_h_width_with_matched_tof_m_min1,outside_70_criteria,828424374624808576,2026-04-02T17:51:45.440808576,imap_idex_l1b_sci-10days_20260331_v016.cdf,120,1,0.0250549450549457,0,0
replace_saturated_h_width_with_matched_tof_m_min1,outside_70_criteria,828425467257736320,2026-04-02T18:09:58.073736320,imap_idex_l1b_sci-10days_20260331_v016.cdf,121,1,0.0327935222672068,0,0
replace_saturated_h_width_with_matched_tof_m_min1,outside_70_criteria,828426031339764736,2026-04-02T18:19:22.155764736,imap_idex_l1b_sci-10days_20260331_v016.cdf,122,1,0.029302413273001,0,0
replace_saturated_h_width_with_matched_tof_m_min1,outside_70_criteria,828426166972906368,2026-04-02T18:21:37.788906368,imap_idex_l1b_sci-10days_20260331_v016.cdf,123,1,0.0350743006993003,0,0
replace_saturated_h_width_with_matched_tof_m_min1,outside_70_criteria,828426380938599936,2026-04-02T18:25:11.754599936,imap_idex_l1b_sci-10days_20260331_v016.cdf,124,1,0.0395147928994081,0,0
replace_saturated_h_width_with_matched_tof_m_min1,outside_70_criteria,828426981762396288,2026-04-02T18:35:12.578396288,imap_idex_l1b_sci-10days_20260331_v016.cdf,125,1,0.0371433002481392,0,0
replace_saturated_h_width_with_matched_tof_m_min1,outside_70_criteria,828427124954051456,2026-04-02T18:37:35.770051456,imap_idex_l1b_sci-10days_20260331_v016.cdf,126,1,0.0400349650349645,0,0
replace_saturated_h_width_with_matched_tof_m_min1,outside_70_criteria,828428357099397504,2026-04-02T18:58:07.915397504,imap_idex_l1b_sci-10days_20260331_v016.cdf,127,1,0.0417378917378908,0,0
replace_saturated_h_width_with_matched_tof_m_min1,outside_70_criteria,828430519325553024,2026-04-02T19:34:10.141553024,imap_idex_l1b_sci-10days_20260331_v016.cdf,130,1,0.0285337211807801,0,0
replace_saturated_h_width_with_matched_tof_m_min1,outside_70_criteria,828431101890645376,2026-04-02T19:43:52.706645376,imap_idex_l1b_sci-10days_20260331_v016.cdf,131,1,0.0351681057038198,0,0
replace_saturated_h_width_with_matched_tof_m_min1,outside_70_criteria,828432516168672640,2026-04-02T20:07:26.984672640,imap_idex_l1b_sci-10days_20260331_v016.cdf,135,1,0.0412644036125815,0,0
replace_saturated_h_width_with_matched_tof_m_min1,outside_70_criteria,828433707311074560,2026-04-02T20:27:18.127074560,imap_idex_l1b_sci-10days_20260331_v016.cdf,137,1,0.0435096153846162,0,0
replace_saturated_h_width_with_matched_tof_m_min1,outside_70_criteria,828435644097146624,2026-04-02T20:59:34.913146624,imap_idex_l1b_sci-10days_20260331_v016.cdf,140,1,0.0243387426526961,0,0
replace_saturated_h_width_with_matched_tof_m_min1,outside_70_criteria,828435882330878976,2026-04-02T21:03:33.146878976,imap_idex_l1b_sci-10days_20260331_v016.cdf,141,1,0.0286191239316233,0,0
replace_saturated_h_width_with_matched_tof_m_min1,outside_70_criteria,828437362715908736,2026-04-02T21:28:13.531908736,imap_idex_l1b_sci-10days_20260331_v016.cdf,142,1,0.0213937960773399,0,0
replace_saturated_h_width_with_matched_tof_m_min1,outside_70_criteria,828437401912894592,2026-04-02T21:28:52.728894592,imap_idex_l1b_sci-10days_20260331_v016.cdf,143,1,0.0240767771128304,0,0
replace_saturated_h_width_with_matched_tof_m_min1,outside_70_criteria,828437494508093952,2026-04-02T21:30:25.324093952,imap_idex_l1b_sci-10days_20260331_v016.cdf,144,1,0.0456263736263735,0,0
replace_saturated_h_width_with_matched_tof_m_min1,outside_70_criteria,828437682352970112,2026-04-02T21:33:33.168970112,imap_idex_l1b_sci-10days_20260331_v016.cdf,145,1,0.0278938609467449,0,0
replace_saturated_h_width_with_matched_tof_m_min1,outside_70_criteria,828438214613686272,2026-04-02T21:42:25.429686272,imap_idex_l1b_sci-10days_20260331_v016.cdf,147,1,0.0273326673326671,0,0
replace_saturated_h_width_with_matched_tof_m_min1,outside_70_criteria,828438244921559808,2026-04-02T21:42:55.737559808,imap_idex_l1b_sci-10days_20260331_v016.cdf,148,1,0.029985754985755,0,0
replace_saturated_h_width_with_matched_tof_m_min1,outside_70_criteria,828439601709237376,2026-04-02T22:05:32.525237376,imap_idex_l1b_sci-10days_20260331_v016.cdf,152,1,0.040744810744811,0,0
replace_saturated_h_width_with_matched_tof_m_min1,outside_70_criteria,828440340194493696,2026-04-02T22:17:51.010493696,imap_idex_l1b_sci-10days_20260331_v016.cdf,153,1,0.0360805860805865,0,0
replace_saturated_h_width_with_matched_tof_m_min1,outside_70_criteria,828440432890193024,2026-04-02T22:19:23.706193024,imap_idex_l1b_sci-10days_20260331_v016.cdf,154,1,0.0387237762237761,0,0
replace_saturated_h_width_with_matched_tof_m_min1,outside_70_criteria,828441095963774976,2026-04-02T22:30:26.779774976,imap_idex_l1b_sci-10days_20260331_v016.cdf,155,1,0.0418934911242606,0,0
replace_saturated_h_width_with_matched_tof_m_min1,outside_70_criteria,828441773829084160,2026-04-02T22:41:44.645084160,imap_idex_l1b_sci-10days_20260331_v016.cdf,157,1,0.0237278106508876,0,0
replace_saturated_h_width_with_matched_tof_m_min1,outside_70_criteria,828442143970221696,2026-04-02T22:47:54.786221696,imap_idex_l1b_sci-10days_20260331_v016.cdf,158,1,0.0366874566874561,0,0
replace_saturated_h_width_with_matched_tof_m_min1,outside_70_criteria,828443359341762304,2026-04-02T23:08:10.157762304,imap_idex_l1b_sci-10days_20260331_v016.cdf,160,1,0.0516403885969101,0,0
replace_saturated_h_width_with_matched_tof_m_min1,outside_70_criteria,828444577826260480,2026-04-02T23:28:28.642260480,imap_idex_l1b_sci-10days_20260331_v016.cdf,161,1,0.0420146520146526,0,0
replace_saturated_h_width_with_matched_tof_m_min1,outside_70_criteria,828446349342436480,2026-04-02T23:58:00.158436480,imap_idex_l1b_sci-10days_20260331_v016.cdf,163,1,0.0400349650349654,0,0
replace_saturated_h_width_with_matched_tof_m_min1,outside_70_criteria,828449084627932416,2026-04-03T00:43:35.443932416,imap_idex_l1b_sci-10days_20260331_v016.cdf,166,1,0.0201363100501026,0,0
replace_saturated_h_width_with_matched_tof_m_min1,outside_70_criteria,828449240979516288,2026-04-03T00:46:11.795516288,imap_idex_l1b_sci-10days_20260331_v016.cdf,168,1,0.0414226398601394,0,0
replace_saturated_h_width_with_matched_tof_m_min1,outside_70_criteria,828449729201390720,2026-04-03T00:54:20.017390720,imap_idex_l1b_sci-10days_20260331_v016.cdf,169,1,0.0311463046757162,0,0
replace_saturated_h_width_with_matched_tof_m_min1,outside_70_criteria,828450080812764288,2026-04-03T01:00:11.628764288,imap_idex_l1b_sci-10days_20260331_v016.cdf,170,1,0.0391239316239315,0,0
replace_saturated_h_width_with_matched_tof_m_min1,outside_70_criteria,828450299879633280,2026-04-03T01:03:50.695633280,imap_idex_l1b_sci-10days_20260331_v016.cdf,171,1,0.0346923076923075,0,0
replace_saturated_h_width_with_matched_tof_m_min1,outside_70_criteria,828450398354647680,2026-04-03T01:05:29.170647680,imap_idex_l1b_sci-10days_20260331_v016.cdf,172,1,0.0239073426573423,0,0
replace_saturated_h_width_with_matched_tof_m_min1,outside_70_criteria,828450914303617792,2026-04-03T01:14:05.119617792,imap_idex_l1b_sci-10days_20260331_v016.cdf,173,1,0.0262784090909097,0,0
replace_saturated_h_width_with_matched_tof_m_min1,outside_70_criteria,828453031118572928,2026-04-03T01:49:21.934572928,imap_idex_l1b_sci-10days_20260331_v016.cdf,174,1,0.0412201591511941,0,0
replace_saturated_h_width_with_matched_tof_m_min1,outside_70_criteria,828453607912110336,2026-04-03T01:58:58.728110336,imap_idex_l1b_sci-10days_20260331_v016.cdf,175,1,0.0273279352226718,0,0
replace_saturated_h_width_with_matched_tof_m_min1,outside_70_criteria,828454341295051008,2026-04-03T02:11:12.111051008,imap_idex_l1b_sci-10days_20260331_v016.cdf,177,1,0.0394280078895459,0,0
replace_saturated_h_width_with_matched_tof_m_min1,outside_70_criteria,828454676473078784,2026-04-03T02:16:47.289078784,imap_idex_l1b_sci-10days_20260331_v016.cdf,178,1,0.0381451612903223,0,0
replace_saturated_h_width_with_matched_tof_m_min1,outside_70_criteria,828455073073953280,2026-04-03T02:23:23.889953280,imap_idex_l1b_sci-10days_20260331_v016.cdf,179,1,0.0331425518925515,0,0
replace_saturated_h_width_with_matched_tof_m_min1,outside_70_criteria,828456275195345536,2026-04-03T02:43:26.011345536,imap_idex_l1b_sci-10days_20260331_v016.cdf,180,1,0.0301095085470084,0,0
replace_saturated_h_width_with_matched_tof_m_min1,outside_70_criteria,828456420504878848,2026-04-03T02:45:51.320878848,imap_idex_l1b_sci-10days_20260331_v016.cdf,181,1,0.0290535444947207,0,0
replace_saturated_h_width_with_matched_tof_m_min1,outside_70_criteria,828456894737065728,2026-04-03T02:53:45.553065728,imap_idex_l1b_sci-10days_20260331_v016.cdf,182,1,0.0315384615384616,0,0
replace_saturated_h_width_with_matched_tof_m_min1,outside_70_criteria,828457136751454592,2026-04-03T02:57:47.567454592,imap_idex_l1b_sci-10days_20260331_v016.cdf,183,1,0.0311410522948982,0,0
replace_saturated_h_width_with_matched_tof_m_min1,outside_70_criteria,828457703799720448,2026-04-03T03:07:14.615720448,imap_idex_l1b_sci-10days_20260331_v016.cdf,184,1,0.0462987736900778,0,0
replace_saturated_h_width_with_matched_tof_m_min1,outside_70_criteria,828457959746317440,2026-04-03T03:11:30.562317440,imap_idex_l1b_sci-10days_20260331_v016.cdf,185,1,0.0372725392886684,0,0
replace_saturated_h_width_with_matched_tof_m_min1,outside_70_criteria,828457995802225920,2026-04-03T03:12:06.618225920,imap_idex_l1b_sci-10days_20260331_v016.cdf,186,1,0.0216225961538458,0,0
replace_saturated_h_width_with_matched_tof_m_min1,outside_70_criteria,828459063480115584,2026-04-03T03:29:54.296115584,imap_idex_l1b_sci-10days_20260331_v016.cdf,187,1,0.0340489510489515,0,0
replace_saturated_h_width_with_matched_tof_m_min1,outside_70_criteria,828459824150792448,2026-04-03T03:42:34.966792448,imap_idex_l1b_sci-10days_20260331_v016.cdf,188,1,0.0248831813347937,0,0
replace_saturated_h_width_with_matched_tof_m_min1,outside_70_criteria,828459860367201024,2026-04-03T03:43:11.183201024,imap_idex_l1b_sci-10days_20260331_v016.cdf,189,1,0.0353846153846159,0,0
replace_saturated_h_width_with_matched_tof_m_min1,outside_70_criteria,828460766821450880,2026-04-03T03:58:17.637450880,imap_idex_l1b_sci-10days_20260331_v016.cdf,190,1,0.0241241914114256,0,0
replace_saturated_h_width_with_matched_tof_m_min1,outside_70_criteria,828461476565492352,2026-04-03T04:10:07.381492352,imap_idex_l1b_sci-10days_20260331_v016.cdf,191,1,0.035246548323471,0,0
replace_saturated_h_width_with_matched_tof_m_min1,outside_70_criteria,828461739738702848,2026-04-03T04:14:30.554702848,imap_idex_l1b_sci-10days_20260331_v016.cdf,192,1,0.0415610859728515,0,0
replace_saturated_h_width_with_matched_tof_m_min1,outside_70_criteria,828462106895122944,2026-04-03T04:20:37.711122944,imap_idex_l1b_sci-10days_20260331_v016.cdf,193,1,0.0463447398190044,0,0
replace_saturated_h_width_with_matched_tof_m_min1,outside_70_criteria,828462558114529664,2026-04-03T04:28:08.930529664,imap_idex_l1b_sci-10days_20260331_v016.cdf,195,1,0.0346491228070167,0,0
replace_saturated_h_width_with_matched_tof_m_min1,outside_70_criteria,828462972400548608,2026-04-03T04:35:03.216548608,imap_idex_l1b_sci-10days_20260331_v016.cdf,196,1,0.0241798642533938,0,0
replace_saturated_h_width_with_matched_tof_m_min1,outside_70_criteria,828463771739811968,2026-04-03T04:48:22.555811968,imap_idex_l1b_sci-10days_20260331_v016.cdf,200,1,0.0282670203359863,0,0
replace_saturated_h_width_with_matched_tof_m_min1,outside_70_criteria,828465804896719872,2026-04-03T05:22:15.712719872,imap_idex_l1b_sci-10days_20260331_v016.cdf,201,1,0.0380316742081447,0,0
replace_saturated_h_width_with_matched_tof_m_min1,outside_70_criteria,828466249886332032,2026-04-03T05:29:40.702332032,imap_idex_l1b_sci-10days_20260331_v016.cdf,203,1,0.0310262877097679,0,0
replace_saturated_h_width_with_matched_tof_m_min1,outside_70_criteria,828466784017266560,2026-04-03T05:38:34.833266560,imap_idex_l1b_sci-10days_20260331_v016.cdf,204,1,0.0276834659593285,0,0
replace_saturated_h_width_with_matched_tof_m_min1,outside_70_criteria,828469551348194688,2026-04-03T06:24:42.164194688,imap_idex_l1b_sci-10days_20260331_v016.cdf,207,1,0.0278654364503426,0,0
replace_saturated_h_width_with_matched_tof_m_min1,outside_70_criteria,828471828670009984,2026-04-03T07:02:39.486009984,imap_idex_l1b_sci-10days_20260331_v016.cdf,209,1,0.0417974444730292,0,0
replace_saturated_h_width_with_matched_tof_m_min1,outside_70_criteria,828473076777582080,2026-04-03T07:23:27.593582080,imap_idex_l1b_sci-10days_20260331_v016.cdf,210,1,0.023956043956044,0,0
replace_saturated_h_width_with_matched_tof_m_min1,outside_70_criteria,828474457054299136,2026-04-03T07:46:27.870299136,imap_idex_l1b_sci-10days_20260331_v016.cdf,212,1,0.0381410256410254,0,0
replace_saturated_h_width_with_matched_tof_m_min1,outside_70_criteria,828474667902595456,2026-04-03T07:49:58.718595456,imap_idex_l1b_sci-10days_20260331_v016.cdf,213,1,0.0417864187094957,0,0
replace_saturated_h_width_with_matched_tof_m_min1,outside_70_criteria,828475258501060608,2026-04-03T07:59:49.317060608,imap_idex_l1b_sci-10days_20260331_v016.cdf,214,1,0.0519365250134474,0,0
replace_saturated_h_width_with_matched_tof_m_min1,outside_70_criteria,828476534159028864,2026-04-03T08:21:04.975028864,imap_idex_l1b_sci-10days_20260331_v016.cdf,215,1,0.0365653577192041,0,0
replace_saturated_h_width_with_matched_tof_m_min1,outside_70_criteria,828477274504943616,2026-04-03T08:33:25.320943616,imap_idex_l1b_sci-10days_20260331_v016.cdf,216,1,0.0425160256410249,0,0
replace_saturated_h_width_with_matched_tof_m_min1,outside_70_criteria,828478282061005440,2026-04-03T08:50:12.877005440,imap_idex_l1b_sci-10days_20260331_v016.cdf,217,1,0.0395940170940182,0,0
replace_saturated_h_width_with_matched_tof_m_min1,outside_70_criteria,828479111336202752,2026-04-03T09:04:02.152202752,imap_idex_l1b_sci-10days_20260331_v016.cdf,219,1,0.0204964678178964,0,0
replace_saturated_h_width_with_matched_tof_m_min1,outside_70_criteria,828479857758252288,2026-04-03T09:16:28.574252288,imap_idex_l1b_sci-10days_20260331_v016.cdf,221,1,0.0263461538461534,0,0
replace_saturated_h_width_with_matched_tof_m_min1,outside_70_criteria,828480117382445824,2026-04-03T09:20:48.198445824,imap_idex_l1b_sci-10days_20260331_v016.cdf,222,1,0.030743646597305,0,0
replace_saturated_h_width_with_matched_tof_m_min1,outside_70_criteria,828481746474825984,2026-04-03T09:47:57.290825984,imap_idex_l1b_sci-10days_20260331_v016.cdf,225,1,0.0345321345321353,0,0
replace_saturated_h_width_with_matched_tof_m_min1,outside_70_criteria,828481809991110784,2026-04-03T09:49:00.807110784,imap_idex_l1b_sci-10days_20260331_v016.cdf,226,1,0.0383283383283382,0,0
replace_saturated_h_width_with_matched_tof_m_min1,outside_70_criteria,828482192344117376,2026-04-03T09:55:23.160117376,imap_idex_l1b_sci-10days_20260331_v016.cdf,227,1,0.0209815156304886,0,0
replace_saturated_h_width_with_matched_tof_m_min1,outside_70_criteria,828482300155663488,2026-04-03T09:57:10.971663488,imap_idex_l1b_sci-10days_20260331_v016.cdf,228,1,0.0283138736263734,0,0
replace_saturated_h_width_with_matched_tof_m_min1,outside_70_criteria,828483001628612096,2026-04-03T10:08:52.444612096,imap_idex_l1b_sci-10days_20260331_v016.cdf,229,1,0.0313137755102046,0,0
replace_saturated_h_width_with_matched_tof_m_min1,outside_70_criteria,828484647855717248,2026-04-03T10:36:18.671717248,imap_idex_l1b_sci-10days_20260331_v016.cdf,230,1,0.0443496503496499,0,0
replace_saturated_h_width_with_matched_tof_m_min1,outside_70_criteria,828486587501946752,2026-04-03T11:08:38.317946752,imap_idex_l1b_sci-10days_20260331_v016.cdf,232,1,0.025821524966261,0,0
replace_saturated_h_width_with_matched_tof_m_min1,outside_70_criteria,828488114525036032,2026-04-03T11:34:05.341036032,imap_idex_l1b_sci-10days_20260331_v016.cdf,233,1,0.0389293747188483,0,0
replace_saturated_h_width_with_matched_tof_m_min1,outside_70_criteria,828488992101031168,2026-04-03T11:48:42.917031168,imap_idex_l1b_sci-10days_20260331_v016.cdf,235,1,0.0276630844645552,0,0
replace_saturated_h_width_with_matched_tof_m_min1,outside_70_criteria,828489949426256768,2026-04-03T12:04:40.242256768,imap_idex_l1b_sci-10days_20260331_v016.cdf,238,1,0.042481203007519,0,0
replace_saturated_h_width_with_matched_tof_m_min1,outside_70_criteria,828490051941207424,2026-04-03T12:06:22.757207424,imap_idex_l1b_sci-10days_20260331_v016.cdf,239,1,0.0409146942800793,0,0
replace_saturated_h_width_with_matched_tof_m_min1,outside_70_criteria,828490124958863744,2026-04-03T12:07:35.774863744,imap_idex_l1b_sci-10days_20260331_v016.cdf,240,1,0.0237516869095817,0,0
replace_saturated_h_width_with_matched_tof_m_min1,outside_70_criteria,828494621712804608,2026-04-03T13:22:32.528804608,imap_idex_l1b_sci-10days_20260331_v016.cdf,241,1,0.0264308802403021,0,0
replace_saturated_h_width_with_matched_tof_m_min1,outside_70_criteria,828499338650053504,2026-04-03T14:41:09.466053504,imap_idex_l1b_sci-10days_20260331_v016.cdf,243,1,0.0252747252747264,0,0
replace_saturated_h_width_with_matched_tof_m_min1,outside_70_criteria,828499741734042240,2026-04-03T14:47:52.550042240,imap_idex_l1b_sci-10days_20260331_v016.cdf,244,1,0.0400755494505496,0,0
replace_saturated_h_width_with_matched_tof_m_min1,outside_70_criteria,828504313473737856,2026-04-03T16:04:04.289737856,imap_idex_l1b_sci-10days_20260331_v016.cdf,247,1,0.0441108570916271,0,0
replace_saturated_h_width_with_matched_tof_m_min1,outside_70_criteria,828505364623101696,2026-04-03T16:21:35.439101696,imap_idex_l1b_sci-10days_20260331_v016.cdf,249,1,0.0257525083612045,0,0
replace_saturated_h_width_with_matched_tof_m_min1,outside_70_criteria,828505830568475520,2026-04-03T16:29:21.384475520,imap_idex_l1b_sci-10days_20260331_v016.cdf,250,1,0.032360576923077,0,0
replace_saturated_h_width_with_matched_tof_m_min1,outside_70_criteria,828508377987776256,2026-04-03T17:11:48.803776256,imap_idex_l1b_sci-10days_20260331_v016.cdf,251,1,0.0293623481781378,0,0
replace_saturated_h_width_with_matched_tof_m_min1,outside_70_criteria,828510129016010880,2026-04-03T17:40:59.832010880,imap_idex_l1b_sci-10days_20260331_v016.cdf,252,1,0.0330010121457493,0,0
replace_saturated_h_width_with_matched_tof_m_min1,outside_70_criteria,828511263088762880,2026-04-03T17:59:53.904762880,imap_idex_l1b_sci-10days_20260331_v016.cdf,253,1,0.0419945054945048,0,0
replace_saturated_h_width_with_matched_tof_m_min1,outside_70_criteria,828511385678556160,2026-04-03T18:01:56.494556160,imap_idex_l1b_sci-10days_20260331_v016.cdf,254,1,0.0354788069073776,0,0
replace_saturated_h_width_with_matched_tof_m_min1,outside_70_criteria,828513239293401344,2026-04-03T18:32:50.109401344,imap_idex_l1b_sci-10days_20260331_v016.cdf,256,1,0.0430172413793102,0,0
replace_saturated_h_width_with_matched_tof_m_min1,outside_70_criteria,828515951517798656,2026-04-03T19:18:02.333798656,imap_idex_l1b_sci-10days_20260331_v016.cdf,257,1,0.0292406311637083,0,0
replace_saturated_h_width_with_matched_tof_m_min1,outside_70_criteria,828523298989677952,2026-04-03T21:20:29.805677952,imap_idex_l1b_sci-10days_20260331_v016.cdf,259,1,0.0224999999999997,0,0
replace_saturated_h_width_with_matched_tof_m_min1,outside_70_criteria,828531287061838976,2026-04-03T23:33:37.877838976,imap_idex_l1b_sci-10days_20260331_v016.cdf,260,1,0.0509121313469148,0,0
replace_saturated_h_width_with_matched_tof_m_min1,outside_70_criteria,828544559454676736,2026-04-04T03:14:50.270676736,imap_idex_l1b_sci-10days_20260331_v016.cdf,273,1,0.0311974789915964,0,0
replace_saturated_h_width_with_matched_tof_m_min1,outside_70_criteria,828547579880285440,2026-04-04T04:05:10.696285440,imap_idex_l1b_sci-10days_20260331_v016.cdf,276,1,0.0269497863247862,0,0
replace_saturated_h_width_with_matched_tof_m_min1,outside_70_criteria,828562559803875840,2026-04-04T08:14:50.619875840,imap_idex_l1b_sci-10days_20260331_v016.cdf,277,1,0.022306429202981,0,0
replace_saturated_h_width_with_matched_tof_m_min1,outside_70_criteria,828565139510868480,2026-04-04T08:57:50.326868480,imap_idex_l1b_sci-10days_20260331_v016.cdf,280,1,0.0355616605616606,0,0
replace_saturated_h_width_with_matched_tof_m_min1,outside_70_criteria,828572837741522048,2026-04-04T11:06:08.557522048,imap_idex_l1b_sci-10days_20260331_v016.cdf,281,1,0.0228644688644687,0,0
replace_saturated_h_width_with_matched_tof_m_min1,outside_70_criteria,828583445301601280,2026-04-04T14:02:56.117601280,imap_idex_l1b_sci-10days_20260331_v016.cdf,282,1,0.0301833301833299,0,0
replace_saturated_h_width_with_matched_tof_m_min1,outside_70_criteria,828601795603695488,2026-04-04T19:08:46.419695488,imap_idex_l1b_sci-10days_20260331_v016.cdf,283,1,0.038876036244457,0,0
replace_saturated_h_width_with_matched_tof_m_min1,outside_70_criteria,828615365540953984,2026-04-04T22:54:56.356953984,imap_idex_l1b_sci-10days_20260331_v016.cdf,284,1,0.0302286423254169,0,0
replace_saturated_h_width_with_matched_tof_m_min1,outside_70_criteria,828618938899081088,2026-04-04T23:54:29.715081088,imap_idex_l1b_sci-10days_20260331_v016.cdf,285,1,0.0397993311036791,0,0
replace_saturated_h_width_with_matched_tof_m_min1,outside_70_criteria,828625591211745920,2026-04-05T01:45:22.027745920,imap_idex_l1b_sci-10days_20260331_v016.cdf,286,1,0.0505305039787797,0,0
replace_saturated_h_width_with_matched_tof_m_min1,outside_70_criteria,828634446695571456,2026-04-05T04:12:57.511571456,imap_idex_l1b_sci-10days_20260331_v016.cdf,287,1,0.0347140039447725,0,0
replace_saturated_h_width_with_matched_tof_m_min1,outside_70_criteria,828637670725462784,2026-04-05T05:06:41.541462784,imap_idex_l1b_sci-10days_20260331_v016.cdf,288,1,0.0375824175824176,0,0
replace_saturated_h_width_with_matched_tof_m_min1,outside_70_criteria,828648269870729344,2026-04-05T08:03:20.686729344,imap_idex_l1b_sci-10days_20260331_v016.cdf,289,1,0.021752837326608,0,0
replace_saturated_h_width_with_matched_tof_m_min1,outside_70_criteria,828682221115032960,2026-04-05T17:29:11.931032960,imap_idex_l1b_sci-10days_20260331_v016.cdf,293,1,0.0418223443223447,0,0
replace_saturated_h_width_with_matched_tof_m_min1,outside_70_criteria,828683933082441984,2026-04-05T17:57:43.898441984,imap_idex_l1b_sci-10days_20260331_v016.cdf,294,1,0.0374688149688157,0,0
replace_saturated_h_width_with_matched_tof_m_min1,outside_70_criteria,828810062071573632,2026-04-07T04:59:52.887573632,imap_idex_l1b_sci-10days_20260331_v016.cdf,297,1,0.0284075573549259,0,0
replace_saturated_h_width_with_matched_tof_m_min1,outside_70_criteria,828811722866547072,2026-04-07T05:27:33.682547072,imap_idex_l1b_sci-10days_20260331_v016.cdf,298,1,0.0271805489196799,0,0
replace_saturated_h_width_with_matched_tof_m_min1,outside_70_criteria,828833134133119744,2026-04-07T11:24:24.949119744,imap_idex_l1b_sci-10days_20260331_v016.cdf,299,1,0.0321472881956755,0,0
replace_saturated_h_width_with_matched_tof_m_min1,outside_70_criteria,828917197514198400,2026-04-08T10:45:28.330198400,imap_idex_l1b_sci-10days_20260331_v016.cdf,305,1,0.0336996336996338,0,0
replace_saturated_h_width_with_matched_tof_m_min1,outside_70_criteria,829319402624125312,2026-04-13T02:28:53.440125312,imap_idex_l1b_sci-10days_20260410_v016.cdf,11,1,0.0361142533936645,0,0
replace_saturated_h_width_with_matched_tof_m_min1,outside_70_criteria,829343897371378176,2026-04-13T09:17:08.187378176,imap_idex_l1b_sci-10days_20260410_v016.cdf,13,1,0.0508365032403503,0,0
replace_saturated_h_width_with_matched_tof_m_min1,outside_70_criteria,829351837221678080,2026-04-13T11:29:28.037678080,imap_idex_l1b_sci-10days_20260410_v016.cdf,14,1,0.0382371794871793,0,0
replace_saturated_h_width_with_matched_tof_m_min1,outside_70_criteria,829779806322264704,2026-04-18T10:22:17.138264704,imap_idex_l1b_sci-10days_20260410_v016.cdf,17,1,0.0426153846153852,0,0
replace_saturated_h_width_with_matched_tof_m_min1,outside_70_criteria,829817689970915584,2026-04-18T20:53:40.786915584,imap_idex_l1b_sci-10days_20260410_v016.cdf,19,1,0.0433299595141696,0,0
replace_saturated_h_width_with_matched_tof_m_min1,outside_70_criteria,829874430518908288,2026-04-19T12:39:21.334908288,imap_idex_l1b_sci-10days_20260410_v016.cdf,23,1,0.0327161172161166,0,0
replace_saturated_h_width_with_matched_tof_m_min1,outside_70_criteria,830372482242013696,2026-04-25T07:00:13.058013696,imap_idex_l1b_sci-10days_20260420_v016.cdf,11,1,0.0332606704889306,0,0
replace_saturated_h_width_with_matched_tof_m_min1,outside_70_criteria,830468832133131648,2026-04-26T09:46:02.949131648,imap_idex_l1b_sci-10days_20260420_v016.cdf,13,1,0.0459340659340657,0,0
replace_saturated_h_width_with_matched_tof_m_min1,outside_70_criteria,830471536862646656,2026-04-26T10:31:07.678646656,imap_idex_l1b_sci-10days_20260420_v016.cdf,14,1,0.039432789432789,0,0
replace_saturated_h_width_with_matched_tof_m_min1,outside_70_criteria,830493523985104256,2026-04-26T16:37:34.801104256,imap_idex_l1b_sci-10days_20260420_v016.cdf,15,1,0.0411217948717955,0,0
replace_saturated_h_width_with_matched_tof_m_min1,outside_70_criteria,830493712449920768,2026-04-26T16:40:43.265920768,imap_idex_l1b_sci-10days_20260420_v016.cdf,16,1,0.0370007396449703,0,0
replace_saturated_h_width_with_matched_tof_m_min1,outside_70_criteria,830567543833190400,2026-04-27T13:11:14.649190400,imap_idex_l1b_sci-10days_20260420_v016.cdf,18,1,0.0401424501424496,0,0
replace_saturated_h_width_with_matched_tof_m_min1,outside_70_criteria,830617523593400960,2026-04-28T03:04:14.409400960,imap_idex_l1b_sci-10days_20260420_v016.cdf,29,1,0.0501972386587776,0,0
replace_saturated_h_width_with_matched_tof_m_min1,outside_70_criteria,830642932801878656,2026-04-28T10:07:43.617878656,imap_idex_l1b_sci-10days_20260420_v016.cdf,30,1,0.0399766899766901,0,0
replace_saturated_h_width_with_matched_tof_m_min1,outside_70_criteria,830660849561030272,2026-04-28T15:06:20.377030272,imap_idex_l1b_sci-10days_20260420_v016.cdf,31,1,0.0235042735042735,0,0
replace_saturated_h_width_with_matched_tof_m_min1,outside_70_criteria,830947951255369344,2026-05-01T22:51:22.071369344,imap_idex_l1b_sci-10days_20260430_v016.cdf,1,1,0.0342803030303037,0,0
replace_saturated_h_width_with_matched_tof_m_min1,outside_70_criteria,830948432881712256,2026-05-01T22:59:23.697712256,imap_idex_l1b_sci-10days_20260430_v016.cdf,2,1,0.0378321678321676,0,0
replace_saturated_h_width_with_matched_tof_m_min1,outside_70_criteria,830950641128839552,2026-05-01T23:36:11.944839552,imap_idex_l1b_sci-10days_20260430_v016.cdf,3,1,0.0325637128828612,0,0
replace_saturated_h_width_with_matched_tof_m_min1,outside_70_criteria,830950754702401280,2026-05-01T23:38:05.518401280,imap_idex_l1b_sci-10days_20260430_v016.cdf,4,1,0.0257405891980362,0,0
replace_saturated_h_width_with_matched_tof_m_min1,outside_70_criteria,830952710184387456,2026-05-02T00:10:41.000387456,imap_idex_l1b_sci-10days_20260430_v016.cdf,5,1,0.0403579059829063,0,0
replace_saturated_h_width_with_matched_tof_m_min1,outside_70_criteria,831002731298203264,2026-05-02T14:04:22.114203264,imap_idex_l1b_sci-10days_20260430_v016.cdf,6,1,0.0266049739733949,0,0
replace_saturated_h_width_with_matched_tof_m_min1,outside_70_criteria,831270570154620928,2026-05-05T16:28:20.970620928,imap_idex_l1b_sci-10days_20260430_v016.cdf,12,1,0.0425842696629213,0,0
replace_saturated_h_width_with_matched_tof_m_min1,outside_70_criteria,831413549119891584,2026-05-07T08:11:19.935891584,imap_idex_l1b_sci-10days_20260430_v016.cdf,24,1,0.0388002622377621,0,0
replace_saturated_h_width_with_matched_tof_m_min1,outside_70_criteria,831888718204757760,2026-05-12T20:10:49.020757760,imap_idex_l1b_sci-10days_20260510_v016.cdf,4,1,0.0411013986013988,0,0
replace_saturated_h_width_with_matched_tof_m_min1,outside_70_criteria,831894212664369792,2026-05-12T21:42:23.480369792,imap_idex_l1b_sci-10days_20260510_v016.cdf,5,1,0.036813186813187,0,0
replace_saturated_h_width_with_matched_tof_m_min1,outside_70_criteria,831932203535500288,2026-05-13T08:15:34.351500288,imap_idex_l1b_sci-10days_20260510_v016.cdf,6,1,0.0315384615384615,0,0
replace_saturated_h_width_with_matched_tof_m_min1,outside_70_criteria,832156145611093760,2026-05-15T22:27:56.427093760,imap_idex_l1b_sci-10days_20260510_v016.cdf,19,1,0.0509384245562128,0,0
replace_saturated_h_width_with_matched_tof_m_min1,outside_70_criteria,832179898810942976,2026-05-16T05:03:49.626942976,imap_idex_l1b_sci-10days_20260510_v016.cdf,20,1,0.0279761904761903,0,0
replace_saturated_h_width_with_matched_tof_m_min1,outside_70_criteria,832186194339387008,2026-05-16T06:48:45.155387008,imap_idex_l1b_sci-10days_20260510_v016.cdf,21,1,0.0389572649572648,0,0
replace_saturated_h_width_with_matched_tof_m_min1,outside_70_criteria,832382555401974016,2026-05-18T13:21:26.217974016,imap_idex_l1b_sci-10days_20260510_v016.cdf,23,1,0.0278486219662689,0,0
replace_saturated_h_width_with_matched_tof_m_min1,outside_70_criteria,832588379366370944,2026-05-20T22:31:50.182370944,imap_idex_l1b_sci-10days_20260520_v016.cdf,2,1,0.0226629273504272,0,0
replace_saturated_h_width_with_matched_tof_m_min1,outside_70_criteria,832785638971414144,2026-05-23T05:19:29.787414144,imap_idex_l1b_sci-10days_20260520_v016.cdf,14,1,0.0446196266968324,0,0
replace_saturated_h_width_with_matched_tof_m_min1,outside_70_criteria,833094822116477696,2026-05-26T19:12:32.932477696,imap_idex_l1b_sci-10days_20260520_v016.cdf,20,1,0.0421945701357464,0,0
replace_saturated_h_width_with_matched_tof_m_min1,outside_70_criteria,833119576429663232,2026-05-27T02:05:07.245663232,imap_idex_l1b_sci-10days_20260520_v016.cdf,21,1,0.0234094928060444,0,0
replace_saturated_h_width_with_matched_tof_m_min1,outside_70_criteria,833301490885247744,2026-05-29T04:37:01.701247744,imap_idex_l1b_sci-10days_20260520_v016.cdf,26,1,0.0414080071974807,0,0
replace_saturated_h_width_with_matched_tof_m_min1,outside_70_criteria,833354054778686464,2026-05-29T19:13:05.594686464,imap_idex_l1b_sci-10days_20260520_v016.cdf,27,1,0.0349893162393161,0,0
replace_saturated_h_width_with_matched_tof_m_min1,outside_70_criteria,833387241629153792,2026-05-30T04:26:12.445153792,imap_idex_l1b_sci-10days_20260530_v022.cdf,10,1,0.0358058608058606,0,0
replace_saturated_h_width_with_matched_tof_m_min1,outside_70_criteria,833586210641781248,2026-06-01T11:42:21.457781248,imap_idex_l1b_sci-10days_20260530_v022.cdf,15,1,0.0272411798727587,0,0
replace_saturated_h_width_with_matched_tof_m_min1,outside_70_criteria,833591821621732992,2026-06-01T13:15:52.437732992,imap_idex_l1b_sci-10days_20260530_v022.cdf,17,1,0.0306526806526805,0,0
replace_saturated_h_width_with_matched_tof_m_min1,outside_70_criteria,833600382306726400,2026-06-01T15:38:33.122726400,imap_idex_l1b_sci-10days_20260530_v022.cdf,18,1,0.0279264214046821,0,0
replace_saturated_h_width_with_matched_tof_m_min1,outside_70_criteria,833648083123419904,2026-06-02T04:53:33.939419904,imap_idex_l1b_sci-10days_20260530_v022.cdf,20,1,0.0360042735042742,0,0
replace_saturated_h_width_with_matched_tof_m_min1,outside_70_criteria,833681603088377088,2026-06-02T14:12:13.904377088,imap_idex_l1b_sci-10days_20260530_v022.cdf,21,1,0.0296955128205135,0,0
replace_saturated_h_width_with_matched_tof_m_min1,outside_70_criteria,833878681511891456,2026-06-04T20:56:52.327891456,imap_idex_l1b_sci-10days_20260530_v022.cdf,23,1,0.040854354821966,0,0
replace_saturated_h_width_with_matched_tof_m_min1,outside_70_criteria,833888525576146304,2026-06-04T23:40:56.392146304,imap_idex_l1b_sci-10days_20260530_v022.cdf,25,1,0.0396213542555004,0,0
replace_saturated_h_width_with_matched_tof_m_min1,outside_70_criteria,833898764595461120,2026-06-05T02:31:35.411461120,imap_idex_l1b_sci-10days_20260530_v022.cdf,26,1,0.0206240011118059,0,0
replace_saturated_h_width_with_matched_tof_m_min1,outside_70_criteria,833904848472769408,2026-06-05T04:12:59.288769408,imap_idex_l1b_sci-10days_20260530_v022.cdf,27,1,0.0308857808857808,0,0
replace_saturated_h_width_with_matched_tof_m_min1,outside_70_criteria,833916464654400128,2026-06-05T07:26:35.470400128,imap_idex_l1b_sci-10days_20260530_v022.cdf,30,1,0.0319017094017093,0,0
replace_saturated_h_width_with_matched_tof_m_min1,outside_70_criteria,833922477388309632,2026-06-05T09:06:48.204309632,imap_idex_l1b_sci-10days_20260530_v022.cdf,31,1,0.0350274725274724,0,0
replace_saturated_h_width_with_matched_tof_m_min1,outside_70_criteria,833937495148435200,2026-06-05T13:17:05.964435200,imap_idex_l1b_sci-10days_20260530_v022.cdf,32,1,0.0214125607507959,0,0
replace_saturated_h_width_with_matched_tof_m_min1,outside_70_criteria,834060245685328000,2026-06-06T23:22:56.501328000,imap_idex_l1b_sci-10days_20260530_v022.cdf,35,1,0.0292405527699644,0,0
replace_saturated_h_width_with_matched_tof_m_min1,outside_70_criteria,834111113907869696,2026-06-07T13:30:44.723869696,imap_idex_l1b_sci-10days_20260530_v022.cdf,49,1,0.0418142712550605,0,0
replace_saturated_h_width_with_matched_tof_m_min1,outside_70_criteria,834143413685729920,2026-06-07T22:29:04.501729920,imap_idex_l1b_sci-10days_20260530_v022.cdf,50,1,0.0343697904262918,0,0
replace_saturated_h_width_with_matched_tof_m_min1,outside_70_criteria,834152773797025536,2026-06-08T01:05:04.613025536,imap_idex_l1b_sci-10days_20260530_v022.cdf,51,1,0.0340310650887572,0,0
replace_saturated_h_width_with_matched_tof_m_min1,outside_70_criteria,834157302257913600,2026-06-08T02:20:33.073913600,imap_idex_l1b_sci-10days_20260530_v022.cdf,53,1,0.0355769230769229,0,0
replace_saturated_h_width_with_matched_tof_m_min1,outside_70_criteria,834163254985957504,2026-06-08T03:59:45.801957504,imap_idex_l1b_sci-10days_20260530_v022.cdf,54,1,0.0357785359801487,0,0
replace_saturated_h_width_with_matched_tof_m_min1,outside_70_criteria,834167634269173888,2026-06-08T05:12:45.085173888,imap_idex_l1b_sci-10days_20260530_v022.cdf,55,1,0.0320471464019849,0,0
replace_saturated_h_width_with_matched_tof_m_min1,outside_70_criteria,834188410170498176,2026-06-08T10:59:00.986498176,imap_idex_l1b_sci-10days_20260530_v022.cdf,56,1,0.0421261430876814,0,0
replace_saturated_h_width_with_matched_tof_m_min1,outside_70_criteria,834188857660133632,2026-06-08T11:06:28.476133632,imap_idex_l1b_sci-10days_20260530_v022.cdf,57,1,0.0259410801963992,0,0
replace_saturated_h_width_with_matched_tof_m_min1,outside_70_criteria,834192667574379264,2026-06-08T12:09:58.390379264,imap_idex_l1b_sci-10days_20260530_v022.cdf,58,1,0.0250096394833236,0,0
replace_saturated_h_width_with_matched_tof_m_min1,outside_70_criteria,834250641072754560,2026-06-09T04:16:11.888754560,imap_idex_l1b_sci-10days_20260609_v011.cdf,0,1,0.0335597095212478,0,0
replace_saturated_h_width_with_matched_tof_m_min1,outside_70_criteria,834259505465236096,2026-06-09T06:43:56.281236096,imap_idex_l1b_sci-10days_20260609_v011.cdf,1,1,0.0453761312217192,0,0
replace_saturated_h_width_with_matched_tof_m_min1,outside_70_criteria,834284626303206144,2026-06-09T13:42:37.119206144,imap_idex_l1b_sci-10days_20260609_v011.cdf,2,1,0.0261133603238865,0,0
replace_saturated_h_width_with_matched_tof_m_min1,outside_70_criteria,834427710750834688,2026-06-11T05:27:21.566834688,imap_idex_l1b_sci-10days_20260609_v011.cdf,7,1,0.0338657105606257,0,0
replace_saturated_h_width_with_matched_tof_m_min1,outside_70_criteria,834438221901527424,2026-06-11T08:22:32.717527424,imap_idex_l1b_sci-10days_20260609_v011.cdf,8,1,0.0237505283178359,0,0
replace_saturated_h_width_with_matched_tof_m_min1,outside_70_criteria,834469383799164672,2026-06-11T17:01:54.615164672,imap_idex_l1b_sci-10days_20260609_v011.cdf,9,1,0.041085737179487,0,0
replace_saturated_h_width_with_matched_tof_m_min1,outside_70_criteria,834614706462952320,2026-06-13T09:23:57.278952320,imap_idex_l1b_sci-10days_20260609_v011.cdf,11,1,0.0480591168091166,0,0
replace_saturated_h_width_with_matched_tof_m_min1,outside_70_criteria,834653865695432320,2026-06-13T20:16:36.511432320,imap_idex_l1b_sci-10days_20260609_v011.cdf,13,1,0.031351001939238,0,0
replace_saturated_h_width_with_matched_tof_m_min1,outside_70_criteria,834723528218079488,2026-06-14T15:37:39.034079488,imap_idex_l1b_sci-10days_20260609_v011.cdf,14,1,0.0408333333333331,0,0
replace_saturated_h_width_with_matched_tof_m_min1,outside_70_criteria,834796441230920192,2026-06-15T11:52:52.046920192,imap_idex_l1b_sci-10days_20260609_v011.cdf,26,1,0.0314957264957263,0,0
replace_saturated_h_width_with_matched_tof_m_min1,outside_70_criteria,834812919108998272,2026-06-15T16:27:29.924998272,imap_idex_l1b_sci-10days_20260609_v011.cdf,27,1,0.0361036789297657,0,0
replace_saturated_h_width_with_matched_tof_m_min1,outside_70_criteria,834858685837599232,2026-06-16T05:10:16.653599232,imap_idex_l1b_sci-10days_20260609_v011.cdf,28,1,0.0371910894535327,0,0
replace_saturated_h_width_with_matched_tof_m_min1,outside_70_criteria,834960228151411584,2026-06-17T09:22:38.967411584,imap_idex_l1b_sci-10days_20260609_v011.cdf,30,1,0.0435363247863246,0,0
replace_saturated_h_width_with_matched_tof_m_min1,outside_70_criteria,834981263506046848,2026-06-17T15:13:14.322046848,imap_idex_l1b_sci-10days_20260609_v011.cdf,31,1,0.0317558528428092,0,0
replace_saturated_h_width_with_matched_tof_m_min1,outside_70_criteria,835012291711474176,2026-06-17T23:50:22.527474176,imap_idex_l1b_sci-10days_20260609_v011.cdf,32,1,0.0401785714285713,0,0
replace_saturated_h_width_with_matched_tof_m_min1,outside_70_criteria,835041917160505856,2026-06-18T08:04:07.976505856,imap_idex_l1b_sci-10days_20260609_v011.cdf,33,1,0.0260141454290389,0,0
replace_saturated_h_width_with_matched_tof_m_min1,outside_70_criteria,835065524629438976,2026-06-18T14:37:35.445438976,imap_idex_l1b_sci-10days_20260609_v011.cdf,34,1,0.040310987539903,0,0
replace_saturated_h_width_with_matched_tof_m_min1,outside_70_criteria,835089723834424448,2026-06-18T21:20:54.650424448,imap_idex_l1b_sci-10days_20260609_v011.cdf,35,1,0.0396878483835004,0,0
replace_saturated_h_width_with_matched_tof_m_min1,outside_70_criteria,835104498329993088,2026-06-19T01:27:09.145993088,imap_idex_l1b_sci-10days_20260619_v015.cdf,0,1,0.0217781065088756,0,0
replace_saturated_h_width_with_matched_tof_m_min1,outside_70_criteria,835111294604784256,2026-06-19T03:20:25.420784256,imap_idex_l1b_sci-10days_20260619_v015.cdf,1,1,0.0513187520988277,0,0
replace_saturated_h_width_with_matched_tof_m_min1,outside_70_criteria,835124228742731264,2026-06-19T06:55:59.558731264,imap_idex_l1b_sci-10days_20260619_v015.cdf,2,1,0.0239838056680161,0,0
replace_saturated_h_width_with_matched_tof_m_min1,outside_70_criteria,835131265747895936,2026-06-19T08:53:16.563895936,imap_idex_l1b_sci-10days_20260619_v015.cdf,3,1,0.0373183760683759,0,0
replace_saturated_h_width_with_matched_tof_m_min1,outside_70_criteria,835240400578631936,2026-06-20T15:12:11.394631936,imap_idex_l1b_sci-10days_20260619_v015.cdf,4,1,0.0394230769230768,0,0
replace_saturated_h_width_with_matched_tof_m_min1,outside_70_criteria,835756322517404416,2026-06-26T14:30:53.333404416,imap_idex_l1b_sci-10days_20260619_v015.cdf,16,1,0.0400098981900451,0,0
replace_saturated_h_width_with_matched_tof_m_min1,outside_70_criteria,835854145795405056,2026-06-27T17:41:16.611405056,imap_idex_l1b_sci-10days_20260619_v015.cdf,17,1,0.0400488400488399,0,0
replace_saturated_h_width_with_matched_tof_m_min1,outside_70_criteria,835878059905378688,2026-06-28T00:19:50.721378688,imap_idex_l1b_sci-10days_20260619_v015.cdf,18,1,0.0515225169168544,0,0
replace_saturated_h_width_with_matched_tof_m_min1,outside_70_criteria,835890878360688384,2026-06-28T03:53:29.176688384,imap_idex_l1b_sci-10days_20260619_v015.cdf,21,1,0.0262043512043511,0,0
replace_saturated_h_width_with_matched_tof_m_min1,outside_70_criteria,836064899784418176,2026-06-30T04:13:50.600418176,imap_idex_l1b_sci-10days_20260629_v011.cdf,1,1,0.0346238377007606,0,0
replace_saturated_h_width_with_matched_tof_m_min1,manual70_matching_criteria,817431251217357696,2025-11-26T12:13:02.033357696,imap_idex_l1b_sci-10days_20251126_v003.cdf,1,22,1.463369963369964,6,4
replace_saturated_h_width_with_matched_tof_m_min1,manual70_matching_criteria,817553283839205760,2025-11-27T22:06:54.655205760,imap_idex_l1b_sci-10days_20251126_v003.cdf,11,11,9.02875457875458,4,2
replace_saturated_h_width_with_matched_tof_m_min1,manual70_matching_criteria,817575460006996608,2025-11-28T04:16:30.822996608,imap_idex_l1b_sci-10days_20251126_v003.cdf,12,5,0.1677884615384606,1,1
replace_saturated_h_width_with_matched_tof_m_min1,manual70_matching_criteria,817690194331356416,2025-11-29T12:08:45.147356416,imap_idex_l1b_sci-10days_20251126_v003.cdf,20,174,11.003658536585366,18,0
replace_saturated_h_width_with_matched_tof_m_min1,manual70_matching_criteria,818506645914970240,2025-12-08T22:56:16.730970240,imap_idex_l1b_sci-10days_20251206_v003.cdf,121,18,4.628425480769232,3,0
replace_saturated_h_width_with_matched_tof_m_min1,manual70_matching_criteria,819058155895681664,2025-12-15T08:08:06.711681664,imap_idex_l1b_sci-10days_20251206_v003.cdf,312,84,15.195688130362786,16,0
replace_saturated_h_width_with_matched_tof_m_min1,manual70_matching_criteria,819869659927698432,2025-12-24T17:33:10.743698432,imap_idex_l1b_sci-10days_20251216_v003.cdf,145,2,5.73044871794872,1,0
replace_saturated_h_width_with_matched_tof_m_min1,manual70_matching_criteria,819924480804711296,2025-12-25T08:46:51.620711296,imap_idex_l1b_sci-10days_20251216_v003.cdf,168,1,0.0868131868131869,0,0
replace_saturated_h_width_with_matched_tof_m_min1,manual70_matching_criteria,820235909647906688,2025-12-28T23:17:20.463906688,imap_idex_l1b_sci-10days_20251226_v003.cdf,38,45,14.509659090909093,2,0
replace_saturated_h_width_with_matched_tof_m_min1,manual70_matching_criteria,822079089745355520,2026-01-19T07:17:00.561355520,imap_idex_l1b_sci-10days_20260110_v003.cdf,151,66,5.043900543900545,2,0
replace_saturated_h_width_with_matched_tof_m_min1,manual70_matching_criteria,822141881540311296,2026-01-20T00:43:32.356311296,imap_idex_l1b_sci-10days_20260120_v003.cdf,25,35,15.49394690548537,3,0
replace_saturated_h_width_with_matched_tof_m_min1,manual70_matching_criteria,822152987352706432,2026-01-20T03:48:38.168706432,imap_idex_l1b_sci-10days_20260120_v003.cdf,104,44,16.04676113360324,3,0
replace_saturated_h_width_with_matched_tof_m_min1,manual70_matching_criteria,822428630975561344,2026-01-23T08:22:41.791561344,imap_idex_l1b_sci-10days_20260120_v003.cdf,641,39,4.591623931623933,3,0
replace_saturated_h_width_with_matched_tof_m_min1,manual70_matching_criteria,822603520456560640,2026-01-25T08:57:31.272560640,imap_idex_l1b_sci-10days_20260120_v003.cdf,711,8,6.230397022332507,5,0
replace_saturated_h_width_with_matched_tof_m_min1,manual70_matching_criteria,822614177795217024,2026-01-25T11:55:08.611217024,imap_idex_l1b_sci-10days_20260120_v003.cdf,712,56,1.244505494505496,0,0
replace_saturated_h_width_with_matched_tof_m_min1,manual70_matching_criteria,822698392024309120,2026-01-26T11:18:42.840309120,imap_idex_l1b_sci-10days_20260120_v003.cdf,713,42,0.451906640368179,1,1
replace_saturated_h_width_with_matched_tof_m_min1,manual70_matching_criteria,822950535033471104,2026-01-29T09:21:05.849471104,imap_idex_l1b_sci-10days_20260120_v003.cdf,716,19,0.3012820512820517,0,0
replace_saturated_h_width_with_matched_tof_m_min1,manual70_matching_criteria,823732336817513088,2026-02-07T10:31:07.633513088,imap_idex_l1b_sci-10days_20260130_v003.cdf,28,24,15.922541727140784,5,0
replace_saturated_h_width_with_matched_tof_m_min1,manual70_matching_criteria,824488430879450112,2026-02-16T04:32:41.695450112,imap_idex_l1b_sci-10days_20260209_v003.cdf,15,15,15.093429820352895,3,0
replace_saturated_h_width_with_matched_tof_m_min1,manual70_matching_criteria,824529708091246080,2026-02-16T16:00:38.907246080,imap_idex_l1b_sci-10days_20260209_v003.cdf,16,4,0.1109890109890106,0,0
replace_saturated_h_width_with_matched_tof_m_min1,manual70_matching_criteria,824771147367161472,2026-02-19T11:04:38.183161472,imap_idex_l1b_sci-10days_20260219_v003.cdf,0,91,4.030161943319838,27,4
replace_saturated_h_width_with_matched_tof_m_min1,manual70_matching_criteria,824873635555227648,2026-02-20T15:32:46.371227648,imap_idex_l1b_sci-10days_20260219_v003.cdf,1,8,2.006153846153845,5,1
replace_saturated_h_width_with_matched_tof_m_min1,manual70_matching_criteria,824984759361143680,2026-02-21T22:24:50.177143680,imap_idex_l1b_sci-10days_20260219_v003.cdf,2,168,7.328846153846155,12,0
replace_saturated_h_width_with_matched_tof_m_min1,manual70_matching_criteria,825401508495354368,2026-02-26T18:10:39.311354368,imap_idex_l1b_sci-10days_20260219_v003.cdf,18,35,0.4540559440559443,0,0
replace_saturated_h_width_with_matched_tof_m_min1,manual70_matching_criteria,825598846538275456,2026-03-01T00:59:37.354275456,imap_idex_l1b_sci-10days_20260301_v003.cdf,0,9,5.78283912324235,5,0
replace_saturated_h_width_with_matched_tof_m_min1,manual70_matching_criteria,825639235055751040,2026-03-01T12:12:45.871751040,imap_idex_l1b_sci-10days_20260301_v003.cdf,1,52,2.192521367521369,2,1
replace_saturated_h_width_with_matched_tof_m_min1,manual70_matching_criteria,825703297644759040,2026-03-02T06:00:28.460759040,imap_idex_l1b_sci-10days_20260301_v003.cdf,2,83,14.705048076923076,2,0
replace_saturated_h_width_with_matched_tof_m_min1,manual70_matching_criteria,825792000802898432,2026-03-03T06:38:51.618898432,imap_idex_l1b_sci-10days_20260301_v003.cdf,13,6,13.159134615384614,1,0
replace_saturated_h_width_with_matched_tof_m_min1,manual70_matching_criteria,825988290421736960,2026-03-05T13:10:21.237736960,imap_idex_l1b_sci-10days_20260301_v003.cdf,16,66,9.920769230769231,9,2
replace_saturated_h_width_with_matched_tof_m_min1,manual70_matching_criteria,826538486497041664,2026-03-11T22:00:17.313041664,imap_idex_l1b_sci-10days_20260311_v003.cdf,11,17,0.7817526223776219,0,0
replace_saturated_h_width_with_matched_tof_m_min1,manual70_matching_criteria,826678188890464768,2026-03-13T12:48:39.706464768,imap_idex_l1b_sci-10days_20260311_v003.cdf,12,19,5.943582673453997,4,0
replace_saturated_h_width_with_matched_tof_m_min1,manual70_matching_criteria,827139324294691456,2026-03-18T20:54:15.110691456,imap_idex_l1b_sci-10days_20260311_v003.cdf,15,9,13.016835664335664,7,1
replace_saturated_h_width_with_matched_tof_m_min1,manual70_matching_criteria,827192768517492352,2026-03-19T11:44:59.333492352,imap_idex_l1b_sci-10days_20260311_v003.cdf,26,9,0.8854567307692296,1,0
replace_saturated_h_width_with_matched_tof_m_min1,manual70_matching_criteria,827336007387021184,2026-03-21T03:32:18.203021184,imap_idex_l1b_sci-10days_20260321_v016.cdf,0,49,0.3188034188034187,0,0
replace_saturated_h_width_with_matched_tof_m_min1,manual70_matching_criteria,828303574796105088,2026-04-01T08:18:25.612105088,imap_idex_l1b_sci-10days_20260331_v016.cdf,3,113,1.5212087912087924,0,0
replace_saturated_h_width_with_matched_tof_m_min1,manual70_matching_criteria,828324073891770240,2026-04-01T14:00:04.707770240,imap_idex_l1b_sci-10days_20260331_v016.cdf,7,104,7.268528106508875,11,0
replace_saturated_h_width_with_matched_tof_m_min1,manual70_matching_criteria,828463288159953536,2026-04-03T04:40:18.975953536,imap_idex_l1b_sci-10days_20260331_v016.cdf,198,211,5.9630769230769225,0,0
replace_saturated_h_width_with_matched_tof_m_min1,manual70_matching_criteria,828663103326867200,2026-04-05T12:10:34.142867200,imap_idex_l1b_sci-10days_20260331_v016.cdf,291,8,0.0641973244147147,1,1
replace_saturated_h_width_with_matched_tof_m_min1,manual70_matching_criteria,828852034290299008,2026-04-07T16:39:25.106299008,imap_idex_l1b_sci-10days_20260331_v016.cdf,300,60,0.1452724358974352,0,0
replace_saturated_h_width_with_matched_tof_m_min1,manual70_matching_criteria,828890665500094080,2026-04-08T03:23:16.316094080,imap_idex_l1b_sci-10days_20260331_v016.cdf,302,1,0.0428205128205122,0,0
replace_saturated_h_width_with_matched_tof_m_min1,manual70_matching_criteria,828890818233321088,2026-04-08T03:25:49.049321088,imap_idex_l1b_sci-10days_20260331_v016.cdf,303,41,0.213782051282051,0,0
replace_saturated_h_width_with_matched_tof_m_min1,manual70_matching_criteria,829331334852275712,2026-04-13T05:47:45.668275712,imap_idex_l1b_sci-10days_20260410_v016.cdf,12,134,10.457692307692309,13,7
replace_saturated_h_width_with_matched_tof_m_min1,manual70_matching_criteria,829469533022534528,2026-04-14T20:11:03.838534528,imap_idex_l1b_sci-10days_20260410_v016.cdf,15,48,2.935836798336798,12,3
replace_saturated_h_width_with_matched_tof_m_min1,manual70_matching_criteria,829803077837208960,2026-04-18T16:50:08.653208960,imap_idex_l1b_sci-10days_20260410_v016.cdf,18,19,1.3459541062801927,2,0
replace_saturated_h_width_with_matched_tof_m_min1,manual70_matching_criteria,829883093106083456,2026-04-19T15:03:43.922083456,imap_idex_l1b_sci-10days_20260410_v016.cdf,24,58,5.242056856187293,7,2
replace_saturated_h_width_with_matched_tof_m_min1,manual70_matching_criteria,830381406722152448,2026-04-25T09:28:57.538152448,imap_idex_l1b_sci-10days_20260420_v016.cdf,12,43,5.723883061383061,6,0
replace_saturated_h_width_with_matched_tof_m_min1,manual70_matching_criteria,830682467769253760,2026-04-28T21:06:38.585253760,imap_idex_l1b_sci-10days_20260420_v016.cdf,32,101,9.436923076923076,3,0
replace_saturated_h_width_with_matched_tof_m_min1,manual70_matching_criteria,831074386797275136,2026-05-03T09:58:37.613275136,imap_idex_l1b_sci-10days_20260430_v016.cdf,7,2,5.870235361653274,2,0
replace_saturated_h_width_with_matched_tof_m_min1,manual70_matching_criteria,831088029806524928,2026-05-03T13:46:00.622524928,imap_idex_l1b_sci-10days_20260430_v016.cdf,8,8,11.949725274725274,3,0
replace_saturated_h_width_with_matched_tof_m_min1,manual70_matching_criteria,831163478611231744,2026-05-04T10:43:29.427231744,imap_idex_l1b_sci-10days_20260430_v016.cdf,10,13,0.49849709114415,0,0
replace_saturated_h_width_with_matched_tof_m_min1,manual70_matching_criteria,831650304660984320,2026-05-10T01:57:15.476984320,imap_idex_l1b_sci-10days_20260510_v016.cdf,0,22,2.3031449343339587,7,0
replace_saturated_h_width_with_matched_tof_m_min1,manual70_matching_criteria,831671429854921600,2026-05-10T07:49:20.670921600,imap_idex_l1b_sci-10days_20260510_v016.cdf,2,23,6.772525292168149,6,0
replace_saturated_h_width_with_matched_tof_m_min1,manual70_matching_criteria,831712374444924928,2026-05-10T19:11:45.260924928,imap_idex_l1b_sci-10days_20260510_v016.cdf,3,61,0.1582692307692302,0,0
replace_saturated_h_width_with_matched_tof_m_min1,manual70_matching_criteria,832384538122042880,2026-05-18T13:54:28.938042880,imap_idex_l1b_sci-10days_20260510_v016.cdf,25,26,2.434512820512821,4,0
replace_saturated_h_width_with_matched_tof_m_min1,manual70_matching_criteria,832407449712950784,2026-05-18T20:16:20.528950784,imap_idex_l1b_sci-10days_20260510_v016.cdf,26,89,0.73076923076923,0,0
replace_saturated_h_width_with_matched_tof_m_min1,manual70_matching_criteria,832454296321968768,2026-05-19T09:17:07.137968768,imap_idex_l1b_sci-10days_20260510_v016.cdf,27,109,3.599038461538462,2,2
replace_saturated_h_width_with_matched_tof_m_min1,manual70_matching_criteria,832547316356169216,2026-05-20T11:07:27.172169216,imap_idex_l1b_sci-10days_20260520_v016.cdf,0,178,10.164663461538463,17,2
replace_saturated_h_width_with_matched_tof_m_min1,manual70_matching_criteria,832561559689043584,2026-05-20T15:04:50.505043584,imap_idex_l1b_sci-10days_20260520_v016.cdf,1,2,0.085418131970661,2,1
replace_saturated_h_width_with_matched_tof_m_min1,manual70_matching_criteria,832639594136577152,2026-05-21T12:45:24.952577152,imap_idex_l1b_sci-10days_20260520_v016.cdf,3,18,2.3451854395604403,3,1
replace_saturated_h_width_with_matched_tof_m_min1,manual70_matching_criteria,832961926169298048,2026-05-25T06:17:36.985298048,imap_idex_l1b_sci-10days_20260520_v016.cdf,16,8,0.4496203796203797,1,1
replace_saturated_h_width_with_matched_tof_m_min1,manual70_matching_criteria,832996576372891008,2026-05-25T15:55:07.188891008,imap_idex_l1b_sci-10days_20260520_v016.cdf,17,6,0.2104166666666665,0,0
replace_saturated_h_width_with_matched_tof_m_min1,manual70_matching_criteria,833153470844671232,2026-05-27T11:30:01.660671232,imap_idex_l1b_sci-10days_20260520_v016.cdf,22,81,2.922872960372961,1,1
replace_saturated_h_width_with_matched_tof_m_min1,manual70_matching_criteria,833213030316542208,2026-05-28T04:02:41.132542208,imap_idex_l1b_sci-10days_20260520_v016.cdf,23,6,0.1096794871794877,0,0
replace_saturated_h_width_with_matched_tof_m_min1,manual70_matching_criteria,833508230439167232,2026-05-31T14:02:41.255167232,imap_idex_l1b_sci-10days_20260530_v022.cdf,12,56,2.311076183431953,13,7
replace_saturated_h_width_with_matched_tof_m_min1,manual70_matching_criteria,834053775150649088,2026-06-06T21:35:05.966649088,imap_idex_l1b_sci-10days_20260530_v022.cdf,34,102,5.2645299145299145,0,0
replace_saturated_h_width_with_matched_tof_m_min1,manual70_matching_criteria,834313254959081472,2026-06-09T21:39:45.775081472,imap_idex_l1b_sci-10days_20260609_v011.cdf,5,10,12.408226495726495,4,2
replace_saturated_h_width_with_matched_tof_m_min1,manual70_matching_criteria,834626247000502272,2026-06-13T12:36:17.816502272,imap_idex_l1b_sci-10days_20260609_v011.cdf,12,68,10.75471540843058,4,1
replace_saturated_h_width_with_matched_tof_m_min1,manual70_matching_criteria,834950025076223872,2026-06-17T06:32:35.892223872,imap_idex_l1b_sci-10days_20260609_v011.cdf,29,22,0.3195512820512818,0,0
replace_saturated_h_width_with_matched_tof_m_min1,manual70_matching_criteria,835321712352210048,2026-06-21T13:47:23.168210048,imap_idex_l1b_sci-10days_20260619_v015.cdf,5,7,0.2088598901098902,0,0
replace_saturated_h_width_with_matched_tof_m_min1,manual70_matching_criteria,836034957375440896,2026-06-29T19:54:48.191440896,imap_idex_l1b_sci-10days_20260629_v011.cdf,0,1,0.0638461538461537,0,0
saturated_h_peaks_only_with_matched_tof_m_width_min1,manual70_matching_criteria,817431251217357696,2025-11-26T12:13:02.033357696,imap_idex_l1b_sci-10days_20251126_v003.cdf,1,4,0.5461538461538469,4,4
saturated_h_peaks_only_with_matched_tof_m_width_min1,manual70_matching_criteria,817553283839205760,2025-11-27T22:06:54.655205760,imap_idex_l1b_sci-10days_20251126_v003.cdf,11,2,2.930865384615386,2,2
saturated_h_peaks_only_with_matched_tof_m_width_min1,manual70_matching_criteria,817575460006996608,2025-11-28T04:16:30.822996608,imap_idex_l1b_sci-10days_20251126_v003.cdf,12,1,0.0777884615384628,1,1
saturated_h_peaks_only_with_matched_tof_m_width_min1,manual70_matching_criteria,822698392024309120,2026-01-26T11:18:42.840309120,imap_idex_l1b_sci-10days_20260120_v003.cdf,713,1,0.029038461538461,1,1
saturated_h_peaks_only_with_matched_tof_m_width_min1,manual70_matching_criteria,824771147367161472,2026-02-19T11:04:38.183161472,imap_idex_l1b_sci-10days_20260219_v003.cdf,0,4,0.3698717948717949,4,4
saturated_h_peaks_only_with_matched_tof_m_width_min1,manual70_matching_criteria,824873635555227648,2026-02-20T15:32:46.371227648,imap_idex_l1b_sci-10days_20260219_v003.cdf,1,1,0.0239844714109418,1,1
saturated_h_peaks_only_with_matched_tof_m_width_min1,manual70_matching_criteria,825639235055751040,2026-03-01T12:12:45.871751040,imap_idex_l1b_sci-10days_20260301_v003.cdf,1,1,0.2278846153846156,1,1
saturated_h_peaks_only_with_matched_tof_m_width_min1,manual70_matching_criteria,825988290421736960,2026-03-05T13:10:21.237736960,imap_idex_l1b_sci-10days_20260301_v003.cdf,16,2,1.328846153846154,2,2
saturated_h_peaks_only_with_matched_tof_m_width_min1,manual70_matching_criteria,827139324294691456,2026-03-18T20:54:15.110691456,imap_idex_l1b_sci-10days_20260311_v003.cdf,15,1,0.021451465201465,1,1
saturated_h_peaks_only_with_matched_tof_m_width_min1,manual70_matching_criteria,828663103326867200,2026-04-05T12:10:34.142867200,imap_idex_l1b_sci-10days_20260331_v016.cdf,291,1,0.0208178246484692,1,1
saturated_h_peaks_only_with_matched_tof_m_width_min1,manual70_matching_criteria,829331334852275712,2026-04-13T05:47:45.668275712,imap_idex_l1b_sci-10days_20260410_v016.cdf,12,7,1.1230769230769262,7,7
saturated_h_peaks_only_with_matched_tof_m_width_min1,manual70_matching_criteria,829469533022534528,2026-04-14T20:11:03.838534528,imap_idex_l1b_sci-10days_20260410_v016.cdf,15,3,0.1346153846153848,3,3
saturated_h_peaks_only_with_matched_tof_m_width_min1,manual70_matching_criteria,829883093106083456,2026-04-19T15:03:43.922083456,imap_idex_l1b_sci-10days_20260410_v016.cdf,24,2,0.3634615384615394,2,2
saturated_h_peaks_only_with_matched_tof_m_width_min1,manual70_matching_criteria,832454296321968768,2026-05-19T09:17:07.137968768,imap_idex_l1b_sci-10days_20260510_v016.cdf,27,2,0.0714743589743585,2,2
saturated_h_peaks_only_with_matched_tof_m_width_min1,manual70_matching_criteria,832547316356169216,2026-05-20T11:07:27.172169216,imap_idex_l1b_sci-10days_20260520_v016.cdf,0,2,1.7019230769230802,2,2
saturated_h_peaks_only_with_matched_tof_m_width_min1,manual70_matching_criteria,832561559689043584,2026-05-20T15:04:50.505043584,imap_idex_l1b_sci-10days_20260520_v016.cdf,1,1,0.0285714285714293,1,1
saturated_h_peaks_only_with_matched_tof_m_width_min1,manual70_matching_criteria,832639594136577152,2026-05-21T12:45:24.952577152,imap_idex_l1b_sci-10days_20260520_v016.cdf,3,1,0.0966346153846159,1,1
saturated_h_peaks_only_with_matched_tof_m_width_min1,manual70_matching_criteria,832961926169298048,2026-05-25T06:17:36.985298048,imap_idex_l1b_sci-10days_20260520_v016.cdf,16,1,0.0218554338103756,1,1
saturated_h_peaks_only_with_matched_tof_m_width_min1,manual70_matching_criteria,833153470844671232,2026-05-27T11:30:01.660671232,imap_idex_l1b_sci-10days_20260520_v016.cdf,22,1,0.1198717948717931,1,1
saturated_h_peaks_only_with_matched_tof_m_width_min1,manual70_matching_criteria,833508230439167232,2026-05-31T14:02:41.255167232,imap_idex_l1b_sci-10days_20260530_v022.cdf,12,7,0.5530769230769232,7,7
saturated_h_peaks_only_with_matched_tof_m_width_min1,manual70_matching_criteria,834313254959081472,2026-06-09T21:39:45.775081472,imap_idex_l1b_sci-10days_20260609_v011.cdf,5,2,5.815796703296703,2,2
saturated_h_peaks_only_with_matched_tof_m_width_min1,manual70_matching_criteria,834626247000502272,2026-06-13T12:36:17.816502272,imap_idex_l1b_sci-10days_20260609_v011.cdf,12,1,0.2202429149797573,1,1
saturated_h_peaks_only_with_matched_tof_m_width_min1,manual70_missing_criteria,817690194331356416,2025-11-29T12:08:45.147356416,imap_idex_l1b_sci-10days_20251126_v003.cdf,20,0,,0,0
saturated_h_peaks_only_with_matched_tof_m_width_min1,manual70_missing_criteria,818506645914970240,2025-12-08T22:56:16.730970240,imap_idex_l1b_sci-10days_20251206_v003.cdf,121,0,,0,0
saturated_h_peaks_only_with_matched_tof_m_width_min1,manual70_missing_criteria,819058155895681664,2025-12-15T08:08:06.711681664,imap_idex_l1b_sci-10days_20251206_v003.cdf,312,0,,0,0
saturated_h_peaks_only_with_matched_tof_m_width_min1,manual70_missing_criteria,819869659927698432,2025-12-24T17:33:10.743698432,imap_idex_l1b_sci-10days_20251216_v003.cdf,145,0,,0,0
saturated_h_peaks_only_with_matched_tof_m_width_min1,manual70_missing_criteria,819924480804711296,2025-12-25T08:46:51.620711296,imap_idex_l1b_sci-10days_20251216_v003.cdf,168,0,,0,0
saturated_h_peaks_only_with_matched_tof_m_width_min1,manual70_missing_criteria,820235909647906688,2025-12-28T23:17:20.463906688,imap_idex_l1b_sci-10days_20251226_v003.cdf,38,0,,0,0
saturated_h_peaks_only_with_matched_tof_m_width_min1,manual70_missing_criteria,822079089745355520,2026-01-19T07:17:00.561355520,imap_idex_l1b_sci-10days_20260110_v003.cdf,151,0,,0,0
saturated_h_peaks_only_with_matched_tof_m_width_min1,manual70_missing_criteria,822141881540311296,2026-01-20T00:43:32.356311296,imap_idex_l1b_sci-10days_20260120_v003.cdf,25,0,,0,0
saturated_h_peaks_only_with_matched_tof_m_width_min1,manual70_missing_criteria,822152987352706432,2026-01-20T03:48:38.168706432,imap_idex_l1b_sci-10days_20260120_v003.cdf,104,0,,0,0
saturated_h_peaks_only_with_matched_tof_m_width_min1,manual70_missing_criteria,822428630975561344,2026-01-23T08:22:41.791561344,imap_idex_l1b_sci-10days_20260120_v003.cdf,641,0,,0,0
saturated_h_peaks_only_with_matched_tof_m_width_min1,manual70_missing_criteria,822603520456560640,2026-01-25T08:57:31.272560640,imap_idex_l1b_sci-10days_20260120_v003.cdf,711,0,,0,0
saturated_h_peaks_only_with_matched_tof_m_width_min1,manual70_missing_criteria,822614177795217024,2026-01-25T11:55:08.611217024,imap_idex_l1b_sci-10days_20260120_v003.cdf,712,0,,0,0
saturated_h_peaks_only_with_matched_tof_m_width_min1,manual70_missing_criteria,822950535033471104,2026-01-29T09:21:05.849471104,imap_idex_l1b_sci-10days_20260120_v003.cdf,716,0,,0,0
saturated_h_peaks_only_with_matched_tof_m_width_min1,manual70_missing_criteria,823732336817513088,2026-02-07T10:31:07.633513088,imap_idex_l1b_sci-10days_20260130_v003.cdf,28,0,,0,0
saturated_h_peaks_only_with_matched_tof_m_width_min1,manual70_missing_criteria,824488430879450112,2026-02-16T04:32:41.695450112,imap_idex_l1b_sci-10days_20260209_v003.cdf,15,0,,0,0
saturated_h_peaks_only_with_matched_tof_m_width_min1,manual70_missing_criteria,824529708091246080,2026-02-16T16:00:38.907246080,imap_idex_l1b_sci-10days_20260209_v003.cdf,16,0,,0,0
saturated_h_peaks_only_with_matched_tof_m_width_min1,manual70_missing_criteria,824984759361143680,2026-02-21T22:24:50.177143680,imap_idex_l1b_sci-10days_20260219_v003.cdf,2,0,,0,0
saturated_h_peaks_only_with_matched_tof_m_width_min1,manual70_missing_criteria,825401508495354368,2026-02-26T18:10:39.311354368,imap_idex_l1b_sci-10days_20260219_v003.cdf,18,0,,0,0
saturated_h_peaks_only_with_matched_tof_m_width_min1,manual70_missing_criteria,825598846538275456,2026-03-01T00:59:37.354275456,imap_idex_l1b_sci-10days_20260301_v003.cdf,0,0,,0,0
saturated_h_peaks_only_with_matched_tof_m_width_min1,manual70_missing_criteria,825703297644759040,2026-03-02T06:00:28.460759040,imap_idex_l1b_sci-10days_20260301_v003.cdf,2,0,,0,0
saturated_h_peaks_only_with_matched_tof_m_width_min1,manual70_missing_criteria,825792000802898432,2026-03-03T06:38:51.618898432,imap_idex_l1b_sci-10days_20260301_v003.cdf,13,0,,0,0
saturated_h_peaks_only_with_matched_tof_m_width_min1,manual70_missing_criteria,826538486497041664,2026-03-11T22:00:17.313041664,imap_idex_l1b_sci-10days_20260311_v003.cdf,11,0,,0,0
saturated_h_peaks_only_with_matched_tof_m_width_min1,manual70_missing_criteria,826678188890464768,2026-03-13T12:48:39.706464768,imap_idex_l1b_sci-10days_20260311_v003.cdf,12,0,,0,0
saturated_h_peaks_only_with_matched_tof_m_width_min1,manual70_missing_criteria,827192768517492352,2026-03-19T11:44:59.333492352,imap_idex_l1b_sci-10days_20260311_v003.cdf,26,0,,0,0
saturated_h_peaks_only_with_matched_tof_m_width_min1,manual70_missing_criteria,827336007387021184,2026-03-21T03:32:18.203021184,imap_idex_l1b_sci-10days_20260321_v016.cdf,0,0,,0,0
saturated_h_peaks_only_with_matched_tof_m_width_min1,manual70_missing_criteria,828303574796105088,2026-04-01T08:18:25.612105088,imap_idex_l1b_sci-10days_20260331_v016.cdf,3,0,,0,0
saturated_h_peaks_only_with_matched_tof_m_width_min1,manual70_missing_criteria,828324073891770240,2026-04-01T14:00:04.707770240,imap_idex_l1b_sci-10days_20260331_v016.cdf,7,0,,0,0
saturated_h_peaks_only_with_matched_tof_m_width_min1,manual70_missing_criteria,828463288159953536,2026-04-03T04:40:18.975953536,imap_idex_l1b_sci-10days_20260331_v016.cdf,198,0,,0,0
saturated_h_peaks_only_with_matched_tof_m_width_min1,manual70_missing_criteria,828852034290299008,2026-04-07T16:39:25.106299008,imap_idex_l1b_sci-10days_20260331_v016.cdf,300,0,,0,0
saturated_h_peaks_only_with_matched_tof_m_width_min1,manual70_missing_criteria,828890665500094080,2026-04-08T03:23:16.316094080,imap_idex_l1b_sci-10days_20260331_v016.cdf,302,0,,0,0
saturated_h_peaks_only_with_matched_tof_m_width_min1,manual70_missing_criteria,828890818233321088,2026-04-08T03:25:49.049321088,imap_idex_l1b_sci-10days_20260331_v016.cdf,303,0,,0,0
saturated_h_peaks_only_with_matched_tof_m_width_min1,manual70_missing_criteria,829803077837208960,2026-04-18T16:50:08.653208960,imap_idex_l1b_sci-10days_20260410_v016.cdf,18,0,,0,0
saturated_h_peaks_only_with_matched_tof_m_width_min1,manual70_missing_criteria,830381406722152448,2026-04-25T09:28:57.538152448,imap_idex_l1b_sci-10days_20260420_v016.cdf,12,0,,0,0
saturated_h_peaks_only_with_matched_tof_m_width_min1,manual70_missing_criteria,830682467769253760,2026-04-28T21:06:38.585253760,imap_idex_l1b_sci-10days_20260420_v016.cdf,32,0,,0,0
saturated_h_peaks_only_with_matched_tof_m_width_min1,manual70_missing_criteria,831074386797275136,2026-05-03T09:58:37.613275136,imap_idex_l1b_sci-10days_20260430_v016.cdf,7,0,,0,0
saturated_h_peaks_only_with_matched_tof_m_width_min1,manual70_missing_criteria,831088029806524928,2026-05-03T13:46:00.622524928,imap_idex_l1b_sci-10days_20260430_v016.cdf,8,0,,0,0
saturated_h_peaks_only_with_matched_tof_m_width_min1,manual70_missing_criteria,831163478611231744,2026-05-04T10:43:29.427231744,imap_idex_l1b_sci-10days_20260430_v016.cdf,10,0,,0,0
saturated_h_peaks_only_with_matched_tof_m_width_min1,manual70_missing_criteria,831650304660984320,2026-05-10T01:57:15.476984320,imap_idex_l1b_sci-10days_20260510_v016.cdf,0,0,,0,0
saturated_h_peaks_only_with_matched_tof_m_width_min1,manual70_missing_criteria,831671429854921600,2026-05-10T07:49:20.670921600,imap_idex_l1b_sci-10days_20260510_v016.cdf,2,0,,0,0
saturated_h_peaks_only_with_matched_tof_m_width_min1,manual70_missing_criteria,831712374444924928,2026-05-10T19:11:45.260924928,imap_idex_l1b_sci-10days_20260510_v016.cdf,3,0,,0,0
saturated_h_peaks_only_with_matched_tof_m_width_min1,manual70_missing_criteria,832384538122042880,2026-05-18T13:54:28.938042880,imap_idex_l1b_sci-10days_20260510_v016.cdf,25,0,,0,0
saturated_h_peaks_only_with_matched_tof_m_width_min1,manual70_missing_criteria,832407449712950784,2026-05-18T20:16:20.528950784,imap_idex_l1b_sci-10days_20260510_v016.cdf,26,0,,0,0
saturated_h_peaks_only_with_matched_tof_m_width_min1,manual70_missing_criteria,832996576372891008,2026-05-25T15:55:07.188891008,imap_idex_l1b_sci-10days_20260520_v016.cdf,17,0,,0,0
saturated_h_peaks_only_with_matched_tof_m_width_min1,manual70_missing_criteria,833213030316542208,2026-05-28T04:02:41.132542208,imap_idex_l1b_sci-10days_20260520_v016.cdf,23,0,,0,0
saturated_h_peaks_only_with_matched_tof_m_width_min1,manual70_missing_criteria,834053775150649088,2026-06-06T21:35:05.966649088,imap_idex_l1b_sci-10days_20260530_v022.cdf,34,0,,0,0
saturated_h_peaks_only_with_matched_tof_m_width_min1,manual70_missing_criteria,834950025076223872,2026-06-17T06:32:35.892223872,imap_idex_l1b_sci-10days_20260609_v011.cdf,29,0,,0,0
saturated_h_peaks_only_with_matched_tof_m_width_min1,manual70_missing_criteria,835321712352210048,2026-06-21T13:47:23.168210048,imap_idex_l1b_sci-10days_20260619_v015.cdf,5,0,,0,0
saturated_h_peaks_only_with_matched_tof_m_width_min1,manual70_missing_criteria,836034957375440896,2026-06-29T19:54:48.191440896,imap_idex_l1b_sci-10days_20260629_v011.cdf,0,0,,0,0
